first,second,count
はかせ,まほう,26
カブト,ムシ,19
かいちゅう,でんとう,18
じん,せいどう,15
しょうねん,たんてい,12
せい,ようかん,12
たんてい,明智,12
ふた,鉄,12
スギ,一,10
たんてい,小林,9
小林,木村,9
井上,小林,9
たんてい,ヘリコプター,9
しつ,ちか,8
スギ,木,8
ちか,室,8
カブト,中,7
ムシ,中,7
小林,明智,7
うち,ユウ子,7
ユウ子,小林,7
井上,木村,7
ノロ,小林,7
スギ,ノロ,7
ノロ,ユウ子,7
おとな,ばい,7
こと,ミドリ,6
中,森,6
ようかん,中,6
せい,中,6
おばけ,やしき,6
なわ,ばしご,6
あな,ゆか,6
先生,明智,6
ユウ子,手,6
しょうねん,せっこう,6
てっぺん,スギ,6
五,小林,6
五,井上,6
ユウ子,木村,6
ユウ子,井上,6
ノロ,木,6
中,口,6
おとな,三,6
ばい,三,6
じん,空,6
マント,男,5
たんてい,だんいん,5
マント,黒,5
ようかん,森,5
せい,森,5
うち,こと,5
あな,下,5
だんいん,小林,5
はは,わ,5
きみ,ちえ,5
でんわ,明智,5
くび,しょうねん,5
くび,せっこう,5
たんてい,だん,5
一,五,5
原っぱ,小林,5
ユウ子,五,5
中,五,5
五,木村,5
ノロ,五,5
ノロ,原っぱ,5
ノロ,木村,5
じん,ガス,5
ガス,ビニール,5
じん,ビニール,5
ヘリコプター,明智,5
じん,ヘリコプター,5
サト,子,4
世田谷,木村,4
三,方,4
しょうねん,だんいん,4
こと,三,4
男,黒,4
かい,二,4
まど,中,4
ふた,中,4
たんてい,ふた,4
中,小林,4
やしき,小林,4
おばけ,小林,4
かいちゅう,へや,4
でんとう,へや,4
ちか,小林,4
あな,おなか,4
ゆか,下,4
くらべ,ちえ,4
はかせ,小林,4
しょ,たんてい,4
しょ,明智,4
だんいん,ユウ子,4
しょうねん,ユウ子,4
ユウ子,ルビー,4
せっこう,ユウ子,4
の,ユウ子,4
ユウ子,中,4
かお,男,4
ひげ,男,4
せっこう,ぞう,4
かくし,ばしょ,4
はかせ,ユウ子,4
まほう,ユウ子,4
スギ,五,4
二十五,五,4
一,三,4
注意,番人,4
五,原っぱ,4
ノロ,声,4
てっぺん,木,4
かげ,スギ,4
ユウ子,原っぱ,4
原っぱ,木村,4
ノロ,井上,4
井上,手,4
井上,足,4
方,空,4
じん,ゆか,4
じん,ふうせん,4
そうじゅう,たんてい,4
そうじゅう,ヘリコプター,4
サーチ,ライト,4
サト,サユリ,3
サト,ミドリ,3
サユリ,子,3
ミドリ,子,3
サユリ,ミドリ,3
ミドリ,木村,3
こと,中,3
マント,人,3
あくま,人,3
せいよう,人,3
あくま,せいよう,3
こと,しょうねん,3
こと,たんてい,3
こと,にいさん,3
こと,敏夫,3
しょうねん,敏夫,3
だんいん,敏夫,3
たんてい,敏夫,3
にいさん,敏夫,3
にいさん,ミドリ,3
ミドリ,敏夫,3
せい,やしき,3
せい,人,3
おばけ,せい,3
やしき,ようかん,3
ようかん,人,3
おばけ,ようかん,3
こと,の,3
こと,せい,3
こと,ようかん,3
かい,まど,3
まど,二,3
の,まど,3
せい,方,3
かお,まど,3
まど,女の子,3
口,声,3
うち,ミドリ,3
とうさん,ミドリ,3
あくま,マント,3
こと,小林,3
うち,しょうねん,3
しょうねん,小林,3
うち,たんてい,3
敏夫,木村,3
うち,小林,3
まえ,中,3
中,木村,3
おばけ,中,3
まえ,小林,3
やしき,木村,3
おばけ,木村,3
こと,一,3
一,小林,3
へや,小林,3
あな,中,3
かいちゅう,中,3
でんとう,中,3
声,木村,3
ほらあな,木村,3
おく,ほらあな,3
かお,中,3
二,目,3
だんいん,木村,3
ちか,木村,3
あと,カブト,3
あと,中,3
あと,まえ,3
あと,ムシ,3
まえ,カブト,3
まえ,足,3
まえ,ムシ,3
もの,下,3
もの,ゆか,3
もの,中,3
ふた,カブト,3
ふた,ムシ,3
ルビー,中,3
きみ,わし,3
きみ,こんど,3
しょうねん,ちえ,3
の,木村,3
こと,はかせ,3
こと,まほう,3
うち,ルビー,3
ルビー,小林,3
まほう,小林,3
こと,明智,3
たんてい,でんわ,3
でんわ,小林,3
だんいん,ひと,3
しょ,小林,3
こと,ユウ子,3
口,耳,3
上,手,3
ユウ子,上,3
おきもの,せっこう,3
ば,ユウ子,3
せっこう,ば,3
の,もの,3
せっこう,中,3
じゅう,男,3
かお,ひげ,3
かお,じゅう,3
じゅう,ひげ,3
しょうねん,だん,3
たんてい,ユウ子,3
くび,男,3
の,木,3
の,まほう,3
ふうせん,空,3
てっぺん,五,3
てっぺん,一,3
五,午後,3
三,五,3
スギ,午後,3
スギ,三,3
スギ,二十五,3
三,午後,3
二十五,午後,3
一,午後,3
三,二十五,3
一,二十五,3
はかせ,木村,3
まほう,木村,3
の,スギ,3
スギ,原っぱ,3
だんいん,五,3
中,井上,3
一郎,井上,3
もの,ノロ,3
てっぺん,ノロ,3
なに,ノロ,3
たんてい,少年,3
井上,原っぱ,3
世田谷,原っぱ,3
世田谷,五,3
ノロ,世田谷,3
ユウ子,世田谷,3
世田谷,井上,3
世田谷,小林,3
かげ,木,3
かいちゅう,井上,3
でんとう,井上,3
とびら,鉄,3
ユウ子,女の子,3
こと,トラ,3
おばけ,トラ,3
おばけ,口,3
トラ,口,3
ほらあな,五,3
上,方,3
へや,コンクリート,3
ふた,井上,3
ふた,小林,3
ちえ,ゆうき,3
かべ,コンクリート,3
からだ,小林,3
じん,たんてい,3
じん,前,3
じん,中,3
せいどう,中,3
じん,口,3
からだ,じん,3
せいどう,空,3
じん,方,3
じん,三,3
きぬ,ひも,3
ばしご,ひも,3
なわ,ひも,3
きぬ,ばしご,3
きぬ,なわ,3
じん,もの,3
あな,ガス,3
あな,じん,3
じん,下,3
方,東,3
じん,明智,3
そうじゅう,明智,3
ヘリコプター,小林,3
せいどう,ヘリコプター,3
ピストル,小林,3
手,木村,2
ところ,手,2
三,手,2
サト,三,2
三,子,2
サユリ,三,2
ところ,日,2
ところ,三,2
ミドリ,三,2
ふた,マンホール,2
だれ,中,2
マント,下,2
ひげ,口,2
三,人,2
三,黒,2
口,黒,2
しょうねん,にいさん,2
しょうねん,ミドリ,2
たんてい,にいさん,2
たんてい,ミドリ,2
こと,男,2
あと,男,2
あと,三,2
はらっぱ,中,2
はずれ,世田谷,2
あと,もの,2
あきや,せい,2
やしき,人,2
せいよう,やしき,2
おばけ,人,2
あきや,人,2
おばけ,せいよう,2
あきや,ようかん,2
かい,こと,2
こと,まど,2
こと,二,2
こと,人,2
せい,まど,2
まど,ようかん,2
せい,の,2
の,ようかん,2
きみ,中,2
せい,外がわ,2
ようかん,外がわ,2
せい,三,2
とき,三,2
女の子,手,2
うしろ,女の子,2
の,男,2
とき,の,2
の,声,2
の,口,2
とき,男,2
声,男,2
とき,声,2
こと,とうさん,2
うち,にいさん,2
うち,敏夫,2
うち,とうさん,2
でんわ,中,2
せいよう,マント,2
なにもの,男,2
こと,森,2
こと,日,2
まど,森,2
中,女の子,2
こと,木村,2
たんてい,木村,2
小林,敏夫,2
ミドリ,小林,2
たんてい,ばしご,2
たんてい,なわ,2
かいちゅう,ふた,2
でんとう,ふた,2
かいちゅう,ようい,2
でんとう,ようい,2
まえ,木村,2
まえ,やしき,2
おばけ,まえ,2
せい,木村,2
ようかん,木村,2
せい,小林,2
ようかん,小林,2
かいちゅう,こと,2
こと,でんとう,2
かい,へや,2
かい,一,2
へや,二,2
かいちゅう,二,2
でんとう,二,2
一,二,2
へや,一,2
とき,へや,2
とき,小林,2
声,女の子,2
かお,ふた,2
くび,小林,2
かくし,戸,2
でんとう,小林,2
かいちゅう,小林,2
だんろ,ぼっち,2
ぼっち,小林,2
こと,ぼっち,2
びっくり,木村,2
びっくり,小林,2
あな,かいちゅう,2
あな,でんとう,2
すべりだい,下,2
しりもち,ゆか,2
こと,ちか,2
ひめい,女の子,2
ほらあな,声,2
ほらあな,もの,2
おたがい,からだ,2
六,足,2
しつ,木村,2
しつ,やしき,2
おばけ,しつ,2
しつ,小林,2
せい,ちか,2
ちか,やしき,2
おばけ,ちか,2
しつ,ふた,2
かいぶつ,ちか,2
ちか,ふた,2
しつ,中,2
中,足,2
ちか,中,2
ちか,足,2
あと,足,2
カブト,足,2
ムシ,足,2
おなか,カブト,2
あな,カブト,2
おなか,中,2
おなか,ムシ,2
おなか,ぽか,2
あな,ムシ,2
あな,ぽか,2
すべりだい,ゆか,2
すべりだい,ふた,2
ふた,下,2
下,方,2
ふた,もの,2
もの,方,2
ふた,ゆか,2
なに,中,2
カブト,五十,2
あな,の,2
ムシ,五十,2
もの,カブト,2
なに,もの,2
もの,ムシ,2
そのへん,カブト,2
そのへん,ふた,2
そのへん,ムシ,2
ほう,ろん,2
ぬけがら,セミ,2
しつ,まえ,2
あと,ふた,2
ふた,まえ,2
ちか,まえ,2
こんど,十五,2
おばけ,ばい,2
カブト,十五,2
からだ,じゅう,2
ムシ,十五,2
ゆか,上,2
あな,上,2
ほらあな,中,2
おうごん,とら,2
ちえ,はかせ,2
ちえ,まほう,2
くらべ,はかせ,2
くらべ,まほう,2
まえ,人,2
くらべ,しょうねん,2
たんてい,ちえ,2
たんてい,はかせ,2
くらべ,たんてい,2
たんてい,まほう,2
きみ,はかせ,2
はかせ,わし,2
きみ,くらべ,2
きみ,まほう,2
まほう,わし,2
ため,ちえ,2
きみ,ため,2
おじさん,の,2
とき,女の子,2
まほう,下,2
さけび声,女の子,2
きのう,さけび声,2
よこ,小林,2
わし,口,2
おばけ,こと,2
はかせ,ルビー,2
まほう,ルビー,2
ふた,明智,2
こと,先生,2
しょ,でんわ,2
しょうねん,明智,2
しょ,しょうねん,2
しょうねん,ひと,2
しょうねん,女の子,2
だんいん,中,2
たんてい,ひと,2
ひと,ユウ子,2
しょうじょ,ユウ子,2
ユウ子,宮田,2
ユウ子,一,2
しょうじょ,だんいん,2
だんいん,宮田,2
だんいん,一,2
しょうじょ,ひと,2
ひと,宮田,2
しょうじょ,宮田,2
こと,そうだん,2
そうだん,ユウ子,2
ルビー,上,2
しょうねん,手,2
しょうねん,ルビー,2
おきもの,ユウ子,2
おきもの,ば,2
せっこう,の,2
うち,せっこう,2
うち,ば,2
しょうねん,ば,2
カブト,ユウ子,2
ムシ,ユウ子,2
せっこう,まど,2
まど,外,2
ユウ子,外,2
かお,外,2
しょうねん,の,2
とほう,男,2
だん,ユウ子,2
たんてい,ルビー,2
だん,だんいん,2
まど,男,2
しょうねん,男,2
しょうねん,ぞう,2
せっこう,男,2
男,町,2
くび,ぞう,2
しょうねん,よこちょう,2
せっこう,よこちょう,2
くび,よこちょう,2
みせ,男,2
三十,男,2
うしろ,の,2
うしろ,男,2
の,中,2
おれ,ぬすみ,2
の,子ども,2
おれ,きみ,2
はらっぱ,シャベル,2
中,草,2
の,はかせ,2
かくし,きみ,2
きみ,こと,2
きみ,ばしょ,2
かくし,ユウ子,2
かくし,はかせ,2
かくし,まほう,2
ばしょ,ユウ子,2
はかせ,ばしょ,2
ばしょ,まほう,2
はかせ,原っぱ,2
まほう,原っぱ,2
こんど,番,2
ばしょ,カブト,2
ばしょ,ムシ,2
ふうせん,ユウ子,2
の,糸,2
の,力,2
ふうせん,糸,2
てっぺん,二十,2
いれ,てっぺん,2
てっぺん,午後,2
てっぺん,三,2
てっぺん,二十五,2
二十,五,2
いれ,五,2
いれ,二十,2
スギ,二十,2
二十,午後,2
三,二十,2
二十,二十五,2
一,二十,2
いれ,スギ,2
いれ,午後,2
いれ,三,2
いれ,二十五,2
いれ,一,2
はかせ,手紙,2
まほう,手紙,2
そうだん,小林,2
ところ,スギ,2
こと,スギ,2
スギ,木村,2
一,木村,2
の,敏夫,2
こと,でんわ,2
だんいん,原っぱ,2
一,原っぱ,2
スギ,小林,2
五,力,2
だんいん,井上,2
の,小林,2
あな,てっぺん,2
のぼり,スギ,2
のぼり,木,2
のぼり,めいじん,2
のぼり,ノロ,2
めいじん,スギ,2
めいじん,木,2
めいじん,ノロ,2
なわ,ノロ,2
なわ,スギ,2
はし,一方,2
なに,木,2
たいよう,光,2
一,井上,2
とおり,小林,2
かげ,ノロ,2
小林,気,2
かげ,の,2
の,ノロ,2
さき,中,2
さき,井上,2
ところ,方,2
手紙,注意,2
手紙,番人,2
かぎ,鉄,2
おく,方,2
小林,手,2
ノロ,手,2
両手,小林,2
やみ,目,2
二,口,2
ばい,トラ,2
ばい,百,2
トラ,百,2
トラ,中,2
おばけ,前,2
した,口,2
上,五,2
上,気,2
ほらあな,原っぱ,2
ルビー,五,2
ため,五,2
ため,ユウ子,2
ほらあな,ユウ子,2
ルビー,木村,2
ため,ルビー,2
ルビー,井上,2
ノロ,ルビー,2
ため,木村,2
ため,小林,2
ため,井上,2
ため,ノロ,2
ほらあな,小林,2
ほらあな,井上,2
ほらあな,世田谷,2
ほらあな,ノロ,2
ほらあな,トラ,2
ほらあな,口,2
いぶくろ,トラ,2
の,方,2
おく,のど,2
のど,トラ,2
うしろ,方,2
小林,方,2
ほらあな,コンクリート,2
ひと,ほど,2
ドア,手,2
ドア,鉄,2
うちがわ,鉄,2
コンクリート,五,2
かいちゅう,てんじょう,2
てんじょう,方,2
てんじょう,でんとう,2
てんじょう,鉄,2
力,鉄,2
小林,自分,2
五,鉄,2
かたまり,五,2
なん,鉄,2
たんてい,原っぱ,2
だん,原っぱ,2
へや,五,2
まほう,五,2
はかせ,五,2
まほう,井上,2
たんてい,井上,2
はかせ,井上,2
上,井上,2
まほう,上,2
まほう,ノロ,2
はかせ,上,2
はかせ,ノロ,2
だん,少年,2
小林,鉄,2
コンクリート,小林,2
コンクリート,上,2
かいちゅう,コンクリート,2
でんとう,コンクリート,2
かべ,四方,2
コンクリート,切れ目,2
コンクリート,四方,2
下,鉄,2
ふた,ぼく,2
あな,小林,2
三,二,2
まほう,声,2
ゆか,コンクリート,2
五,室,2
ちか,五,2
室,小林,2
井上,室,2
め,室,2
ちか,井上,2
ちか,め,2
せいどう,少年,2
せいどう,たんてい,2
じん,少年,2
たんてい,前,2
ルビー,口,2
きみ,ゆうき,2
からだ,せいどう,2
一郎,足,2
おとな,きょじん,2
きょじん,ばい,2
きょじん,三,2
ちか,てんじょう,2
てんじょう,室,2
おとな,じん,2
じん,ばい,2
じん,室,2
じん,せい,2
じん,ちか,2
三,室,2
せい,空,2
ちか,三,2
じん,足,2
じん,井上,2
下,小林,2
じん,手,2
ゆか,室,2
ちか,ゆか,2
あいつ,口,2
かぎ,てんじょう,2
ひも,小林,2
きぬ,小林,2
ばしご,小林,2
なわ,小林,2
むこう,小林,2
せいどう,ふうせん,2
せいどう,もの,2
もの,ガス,2
もの,ビニール,2
あな,室,2
あな,ちか,2
ゆか,ガス,2
じん,まほう,2
ゆか,ビニール,2
あな,ビニール,2
まほう,ゆか,2
あな,まほう,2
あな,もの,2
の,下,2
じん,の,2
じん,東,2
東,空,2
じん,風,2
でんわ,先生,2
せいどう,明智,2
新聞,明智,2
明智,社,2
ところ,明智,2
でんわ,新聞,2
新聞,社,2
でんわ,社,2
でんわ,ところ,2
もの,空,2
てん,もの,2
しょうねん,ヘリコプター,2
ちゃくりく,原っぱ,2
ヘリコプター,風,2
そうじゅう,室,2
室,明智,2
たんてい,室,2
ヘリコプター,井上,2
うちゅう,りょこう,2
たんてい,ピストル,2
よこ,明智,2
じん,よこ,2
よこ,ヘリコプター,2
丹下,手,1
にちよう,丹下,1
サト,丹下,1
丹下,子,1
サユリ,丹下,1
丹下,友だち,1
丹下,木村,1
丹下,町,1
ところ,丹下,1
ミドリ,丹下,1
丹下,日,1
丹下,野崎,1
三,丹下,1
かえり,丹下,1
世田谷,丹下,1
ごご,丹下,1
にちよう,手,1
サト,手,1
子,手,1
サユリ,手,1
友だち,手,1
手,町,1
ミドリ,手,1
手,日,1
手,野崎,1
かえり,手,1
世田谷,手,1
ごご,手,1
にちよう,サト,1
にちよう,子,1
にちよう,サユリ,1
にちよう,友だち,1
にちよう,木村,1
にちよう,町,1
ところ,にちよう,1
にちよう,ミドリ,1
にちよう,日,1
にちよう,野崎,1
にちよう,三,1
かえり,にちよう,1
にちよう,世田谷,1
ごご,にちよう,1
サト,友だち,1
サト,木村,1
サト,町,1
ところ,サト,1
サト,日,1
サト,野崎,1
かえり,サト,1
サト,世田谷,1
ごご,サト,1
友だち,子,1
子,木村,1
子,町,1
ところ,子,1
子,日,1
子,野崎,1
かえり,子,1
世田谷,子,1
ごご,子,1
サユリ,友だち,1
サユリ,木村,1
サユリ,町,1
ところ,サユリ,1
サユリ,日,1
サユリ,野崎,1
かえり,サユリ,1
サユリ,世田谷,1
ごご,サユリ,1
友だち,木村,1
友だち,町,1
ところ,友だち,1
ミドリ,友だち,1
友だち,日,1
友だち,野崎,1
三,友だち,1
かえり,友だち,1
世田谷,友だち,1
ごご,友だち,1
木村,町,1
ところ,木村,1
日,木村,1
木村,野崎,1
三,木村,1
かえり,木村,1
ごご,木村,1
ところ,町,1
ミドリ,町,1
日,町,1
町,野崎,1
三,町,1
かえり,町,1
世田谷,町,1
ごご,町,1
ところ,ミドリ,1
ところ,野崎,1
かえり,ところ,1
ところ,世田谷,1
ごご,ところ,1
ミドリ,日,1
ミドリ,野崎,1
かえり,ミドリ,1
ミドリ,世田谷,1
ごご,ミドリ,1
日,野崎,1
三,日,1
かえり,日,1
世田谷,日,1
ごご,日,1
三,野崎,1
かえり,野崎,1
世田谷,野崎,1
ごご,野崎,1
かえり,三,1
三,世田谷,1
ごご,三,1
かえり,世田谷,1
かえり,ごご,1
ごご,世田谷,1
なかよし,小学校,1
なかよし,三,1
三,小学校,1
なに,サト,1
なに,子,1
びっくり,サト,1
サト,方,1
びっくり,子,1
びっくり,サユリ,1
びっくり,ミドリ,1
びっくり,方,1
子,方,1
サユリ,方,1
ミドリ,方,1
こと,道,1
中,道,1
じり,ふた,1
じり,てつ,1
じり,マンホール,1
じり,りり,1
じ,じり,1
てつ,ふた,1
ふた,りり,1
じ,ふた,1
てつ,マンホール,1
てつ,りり,1
じ,てつ,1
りり,マンホール,1
じ,マンホール,1
じ,りり,1
マンホール,中,1
だれ,マンホール,1
下,男,1
人,男,1
下,人,1
つば,めがね,1
めがね,両方,1
かく,めがね,1
あごひげ,めがね,1
ひげ,めがね,1
めがね,人,1
めがね,三,1
ぼうし,めがね,1
めがね,黒,1
めがね,口,1
つば,両方,1
かく,つば,1
あごひげ,つば,1
つば,ひげ,1
つば,人,1
つば,三,1
つば,ぼうし,1
つば,黒,1
つば,口,1
かく,両方,1
あごひげ,両方,1
ひげ,両方,1
両方,人,1
三,両方,1
ぼうし,両方,1
両方,黒,1
両方,口,1
あごひげ,かく,1
かく,ひげ,1
かく,人,1
かく,三,1
かく,ぼうし,1
かく,黒,1
かく,口,1
あごひげ,ひげ,1
あごひげ,人,1
あごひげ,三,1
あごひげ,ぼうし,1
あごひげ,黒,1
あごひげ,口,1
ひげ,人,1
ひげ,三,1
ひげ,ぼうし,1
ひげ,黒,1
ぼうし,人,1
人,黒,1
人,口,1
ぼうし,三,1
三,口,1
ぼうし,黒,1
ぼうし,口,1
きみ,人,1
あくま,きみ,1
きみ,せいよう,1
じめん,マンホール,1
はい出,マンホール,1
マンホール,人,1
マンホール,三,1
マンホール,方,1
やり,マンホール,1
じめん,はい出,1
じめん,人,1
じめん,三,1
じめん,方,1
じめん,やり,1
はい出,人,1
はい出,三,1
はい出,方,1
はい出,やり,1
人,方,1
やり,人,1
やり,三,1
やり,方,1
こうもり,マント,1
マント,方,1
こうもり,方,1
あと,人,1
ミドリ,声,1
こと,だんいん,1
だんいん,にいさん,1
だんいん,ミドリ,1
あと,こと,1
こと,サト,1
こと,子,1
こと,マント,1
こと,サユリ,1
こと,黒,1
くせ,こと,1
あと,サト,1
あと,子,1
あと,マント,1
あと,サユリ,1
あと,黒,1
あと,ミドリ,1
あと,くせ,1
サト,マント,1
サト,男,1
サト,黒,1
くせ,サト,1
マント,子,1
子,男,1
子,黒,1
くせ,子,1
サユリ,マント,1
マント,ミドリ,1
マント,三,1
くせ,マント,1
サユリ,男,1
サユリ,黒,1
くせ,サユリ,1
ミドリ,男,1
三,男,1
くせ,男,1
ミドリ,黒,1
くせ,黒,1
くせ,ミドリ,1
くせ,三,1
マント,森,1
はらっぱ,森,1
森,黒,1
マント,中,1
はらっぱ,マント,1
中,黒,1
はらっぱ,黒,1
はずれ,はたけ,1
はずれ,森,1
はたけ,森,1
はたけ,世田谷,1
世田谷,森,1
の,ひるま,1
ひるま,もり,1
の,もり,1
もの,三,1
いま,むかし,1
せい,むかし,1
むかし,やしき,1
むかし,人,1
おばけ,むかし,1
あきや,むかし,1
せいよう,むかし,1
むかし,ようかん,1
いま,せい,1
いま,やしき,1
いま,人,1
いま,おばけ,1
あきや,いま,1
いま,せいよう,1
いま,ようかん,1
せい,せいよう,1
あきや,やしき,1
あきや,おばけ,1
あきや,せいよう,1
せいよう,ようかん,1
三,近く,1
こと,だま,1
こと,夜,1
かい,だま,1
かい,の,1
かい,せい,1
かい,夜,1
かい,人,1
かい,ようかん,1
だま,まど,1
まど,夜,1
まど,人,1
だま,二,1
の,二,1
せい,二,1
二,夜,1
二,人,1
ようかん,二,1
だま,の,1
せい,だま,1
だま,夜,1
だま,人,1
だま,ようかん,1
の,夜,1
の,人,1
せい,夜,1
人,夜,1
ようかん,夜,1
うわさ,中,1
うわさ,なき声,1
うわさ,きみ,1
うわさ,せい,1
うわさ,女,1
うわさ,だれ,1
うわさ,ようかん,1
なき声,中,1
中,女,1
きみ,なき声,1
せい,なき声,1
なき声,女,1
だれ,なき声,1
なき声,ようかん,1
きみ,せい,1
きみ,女,1
きみ,だれ,1
きみ,ようかん,1
せい,女,1
せい,だれ,1
だれ,女,1
ようかん,女,1
だれ,ようかん,1
こと,しょうじょ,1
しょうじょ,三,1
マント,外がわ,1
外がわ,男,1
外がわ,黒,1
せい,マント,1
ようかん,マント,1
せい,男,1
せい,黒,1
ようかん,男,1
ようかん,黒,1
すがた,まど,1
はしご,まど,1
へび,まど,1
かい,中,1
かい,すがた,1
かい,はしご,1
かい,へび,1
中,二,1
すがた,中,1
はしご,中,1
へび,中,1
すがた,二,1
はしご,二,1
へび,二,1
すがた,はしご,1
すがた,へび,1
はしご,へび,1
さけび声,せい,1
せい,とき,1
さけび声,方,1
さけび声,三,1
さけび声,とき,1
さけび声,ようかん,1
とき,方,1
ようかん,方,1
ようかん,三,1
とき,ようかん,1
うしろ,三,1
かい,かお,1
かお,二,1
おかっぱ,女の子,1
おかっぱ,三,1
おかっぱ,年ごろ,1
おかっぱ,くらい,1
三,女の子,1
女の子,年ごろ,1
くらい,女の子,1
三,年ごろ,1
くらい,三,1
くらい,年ごろ,1
まど,手,1
うしろ,手,1
なにもの,手,1
うしろ,まど,1
なにもの,まど,1
うしろ,なにもの,1
なにもの,女の子,1
口,男,1
とき,口,1
む,三,1
こと,めいめい,1
こと,近く,1
にいさん,めいめい,1
めいめい,敏夫,1
うち,めいめい,1
めいめい,近く,1
めいめい,ミドリ,1
とうさん,めいめい,1
にいさん,近く,1
とうさん,にいさん,1
敏夫,近く,1
とうさん,敏夫,1
うち,近く,1
ミドリ,近く,1
とうさん,近く,1
ぼく,手がかり,1
でんわ,森,1
けいかん,でんわ,1
せい,でんわ,1
でんわ,ミドリ,1
でんわ,人,1
けいさつ,でんわ,1
かげ,でんわ,1
あきや,でんわ,1
でんわ,とうさん,1
でんわ,ようかん,1
けいかん,森,1
ミドリ,森,1
人,森,1
けいさつ,森,1
かげ,森,1
あきや,森,1
とうさん,森,1
けいかん,中,1
けいかん,せい,1
けいかん,ミドリ,1
けいかん,人,1
けいかん,けいさつ,1
かげ,けいかん,1
あきや,けいかん,1
けいかん,とうさん,1
けいかん,ようかん,1
ミドリ,中,1
中,人,1
けいさつ,中,1
かげ,中,1
あきや,中,1
とうさん,中,1
せい,ミドリ,1
けいさつ,せい,1
かげ,せい,1
せい,とうさん,1
ミドリ,人,1
けいさつ,ミドリ,1
かげ,ミドリ,1
あきや,ミドリ,1
ようかん,ミドリ,1
けいさつ,人,1
かげ,人,1
とうさん,人,1
かげ,けいさつ,1
あきや,けいさつ,1
けいさつ,とうさん,1
けいさつ,ようかん,1
あきや,かげ,1
かげ,とうさん,1
かげ,ようかん,1
あきや,とうさん,1
とうさん,ようかん,1
あくま,なにもの,1
あくま,男,1
あくま,黒,1
なにもの,マント,1
なにもの,黒,1
せいよう,なにもの,1
せいよう,男,1
せいよう,黒,1
こと,女の子,1
こと,たすけ,1
女の子,森,1
たすけ,森,1
日,森,1
たすけ,まど,1
まど,日,1
たすけ,中,1
中,日,1
せい,女の子,1
せい,たすけ,1
せい,日,1
たすけ,女の子,1
女の子,日,1
ようかん,女の子,1
たすけ,日,1
たすけ,ようかん,1
ようかん,日,1
しょうねん,木村,1
にいさん,木村,1
うち,木村,1
にいさん,小林,1
こと,たんけん,1
こと,ふた,1
たんけん,森,1
ふた,森,1
たんけん,中,1
せい,たんけん,1
たんけん,ふた,1
たんけん,ようかん,1
せい,ふた,1
ふた,ようかん,1
きぬ糸,七,1
きぬ糸,たんてい,1
きぬ糸,ふた,1
かいちゅう,きぬ糸,1
きぬ糸,ばしご,1
きぬ糸,ふえ,1
きぬ糸,ようい,1
きぬ糸,でんとう,1
きぬ糸,なわ,1
きぬ糸,どうぐ,1
たんてい,七,1
ふた,七,1
かいちゅう,七,1
ばしご,七,1
ふえ,七,1
ようい,七,1
でんとう,七,1
なわ,七,1
どうぐ,七,1
かいちゅう,たんてい,1
たんてい,ふえ,1
たんてい,ようい,1
たんてい,でんとう,1
たんてい,どうぐ,1
ばしご,ふた,1
ふえ,ふた,1
ふた,ようい,1
なわ,ふた,1
どうぐ,ふた,1
かいちゅう,ばしご,1
かいちゅう,ふえ,1
かいちゅう,なわ,1
かいちゅう,どうぐ,1
ばしご,ふえ,1
ばしご,ようい,1
でんとう,ばしご,1
どうぐ,ばしご,1
ふえ,ようい,1
でんとう,ふえ,1
なわ,ふえ,1
どうぐ,ふえ,1
なわ,ようい,1
どうぐ,ようい,1
でんとう,なわ,1
でんとう,どうぐ,1
どうぐ,なわ,1
まえ,森,1
木村,森,1
やしき,森,1
おばけ,森,1
小林,森,1
やしき,中,1
せい,まえ,1
まえ,ようかん,1
ドア,入口,1
ふた,ろうか,1
ふた,足音,1
ろうか,中,1
中,足音,1
ろうか,足音,1
あいだ,こと,1
こと,ぜんぶ,1
こと,へや,1
こと,だれ,1
あいだ,かい,1
かい,ぜんぶ,1
かい,かいちゅう,1
かい,でんとう,1
かい,だれ,1
あいだ,二,1
あいだ,ぜんぶ,1
あいだ,へや,1
あいだ,かいちゅう,1
あいだ,でんとう,1
あいだ,だれ,1
あいだ,一,1
ぜんぶ,二,1
だれ,二,1
ぜんぶ,へや,1
かいちゅう,ぜんぶ,1
ぜんぶ,でんとう,1
ぜんぶ,だれ,1
ぜんぶ,一,1
だれ,へや,1
かいちゅう,だれ,1
かいちゅう,一,1
だれ,でんとう,1
でんとう,一,1
だれ,一,1
かい,ひとりごと,1
かい,とき,1
かい,小林,1
ひとりごと,一,1
とき,一,1
ひとりごと,へや,1
とき,ひとりごと,1
ひとりごと,小林,1
おじさん,かんにん,1
でんとう,やじゅう,1
かいちゅう,やじゅう,1
やじゅう,小林,1
ぼっち,下,1
がわ,ぼっち,1
へや,ぼっち,1
がわ,下,1
へや,下,1
だんろ,下,1
がわ,へや,1
がわ,だんろ,1
だんろ,へや,1
かざり,ちょうこく,1
ぼっち,ゆび,1
ゆび,小林,1
こと,ボタン,1
こと,七,1
おし,こと,1
こと,右,1
こと,ベル,1
ぼっち,ボタン,1
ぼっち,七,1
おし,ぼっち,1
ぼっち,右,1
ぼっち,ベル,1
ボタン,七,1
おし,ボタン,1
ボタン,右,1
ベル,ボタン,1
おし,七,1
七,右,1
ベル,七,1
おし,右,1
おし,ベル,1
ベル,右,1
ガタン,音,1
いま,木村,1
いま,びっくり,1
いま,すがた,1
すがた,木村,1
すがた,びっくり,1
あな,こと,1
こと,ゆかいた,1
あな,ゆかいた,1
おとしあな,しつ,1
おとしあな,ちか,1
だんろ,小林,1
あな,すべりだい,1
しりもち,つの,1
しりもち,どしん,1
つの,どしん,1
つの,ゆか,1
どしん,ゆか,1
こと,しつ,1
かいちゅう,しつ,1
しつ,十,1
しつ,でんとう,1
こと,十,1
かいちゅう,ちか,1
ちか,十,1
ちか,でんとう,1
かいちゅう,十,1
でんとう,十,1
すがた,女の子,1
すがた,ひめい,1
かべ,ほらあな,1
もの,二,1
おく,もの,1
ちゅう,もの,1
ほらあな,二,1
おく,二,1
ちゅう,二,1
ちゅう,ほらあな,1
おく,ちゅう,1
かいぶつ,目,1
かいがら,中,1
かいがら,ヤドカリ,1
かいがら,かお,1
ヤドカリ,中,1
かお,ヤドカリ,1
ふた,声,1
おたがい,ふた,1
からだ,ふた,1
おたがい,声,1
からだ,声,1
ねもと,口,1
しつ,だんいん,1
しつ,せい,1
しつ,にんげん,1
しつ,ようかん,1
せい,だんいん,1
だんいん,やしき,1
だんいん,ちか,1
だんいん,にんげん,1
おばけ,だんいん,1
だんいん,ようかん,1
にんげん,木村,1
せい,にんげん,1
にんげん,やしき,1
ちか,にんげん,1
ちか,ようかん,1
おばけ,にんげん,1
にんげん,小林,1
にんげん,ようかん,1
しつ,すみ,1
かいぶつ,しつ,1
かいぶつ,すみ,1
すみ,ふた,1
すみ,ちか,1
かいぶつ,ふた,1
かいぶつ,わ,1
かいぶつ,二,1
かいちゅう,かいぶつ,1
かいぶつ,でんとう,1
わ,二,1
かいちゅう,わ,1
でんとう,わ,1
たび,口,1
きみ,しつ,1
しつ,足,1
しつ,六,1
がくん,しつ,1
中,六,1
がくん,中,1
きみ,足,1
きみ,六,1
きみ,ちか,1
がくん,きみ,1
がくん,足,1
ちか,六,1
がくん,六,1
がくん,ちか,1
こと,はばたき,1
はね,はばたき,1
こと,はね,1
たび,風,1
ろり,目,1
ふた,目,1
ぎょ,目,1
ふた,ろり,1
ぎょ,ろり,1
ぎょ,ふた,1
あと,ちょうし,1
あと,しり,1
ちょうし,カブト,1
しり,カブト,1
ちょうし,中,1
しり,中,1
ちょうし,まえ,1
しり,まえ,1
ちょうし,足,1
しり,足,1
しり,ちょうし,1
ちょうし,ムシ,1
しり,ムシ,1
おなか,目,1
まえ,目,1
きみ,目,1
おなか,まえ,1
おなか,きみ,1
きみ,まえ,1
にち,まえ,1
にち,足,1
こと,とき,1
ぽか,カブト,1
ぽか,中,1
ぽか,ムシ,1
すべりだい,もの,1
すべりだい,方,1
ゆか,方,1
ふた,方,1
おなか,なに,1
の,カブト,1
はい出,カブト,1
おなか,の,1
おなか,はい出,1
おなか,五十,1
の,はい出,1
の,ムシ,1
の,五十,1
はい出,ムシ,1
はい出,五十,1
あな,はい出,1
あな,五十,1
のはら,中,1
のはら,カブト,1
のはら,ムシ,1
なに,カブト,1
カブト,プラスチック,1
カブト,作り,1
もの,プラスチック,1
もの,作り,1
なに,プラスチック,1
なに,ムシ,1
なに,作り,1
プラスチック,ムシ,1
プラスチック,作り,1
ムシ,作り,1
はら,カブト,1
はら,もの,1
もの,五十,1
はら,中,1
はら,ムシ,1
はら,五十,1
中,五十,1
すべりだい,カブト,1
ゆか,カブト,1
すべりだい,中,1
すべりだい,そのへん,1
すべりだい,ムシ,1
ゆか,中,1
そのへん,中,1
そのへん,ゆか,1
ゆか,ムシ,1
あおむけ,カブト,1
ほう,カブト,1
ろん,カブト,1
しがい,カブト,1
あおむけ,ほう,1
あおむけ,ろん,1
あおむけ,ムシ,1
あおむけ,しがい,1
ほう,ムシ,1
しがい,ほう,1
ろん,ムシ,1
しがい,ろん,1
しがい,ムシ,1
あと,しつ,1
しつ,カブト,1
しつ,ムシ,1
あと,ちか,1
ちか,カブト,1
ちか,ムシ,1
こと,カブト,1
こと,ムシ,1
はい出,十五,1
こんど,はい出,1
ばい,カブト,1
なん,ばい,1
じゅう,ばい,1
ばい,十五,1
ばい,ムシ,1
からだ,ばい,1
なん,カブト,1
じゅう,カブト,1
おばけ,カブト,1
からだ,カブト,1
じゅう,なん,1
なん,十五,1
なん,ムシ,1
おばけ,なん,1
からだ,なん,1
じゅう,十五,1
じゅう,ムシ,1
おばけ,じゅう,1
おばけ,十五,1
からだ,十五,1
おばけ,ムシ,1
からだ,ムシ,1
おばけ,からだ,1
セミ,中,1
ぬけがら,中,1
ほう,中,1
ろん,中,1
ほう,セミ,1
ろん,セミ,1
ぬけがら,ほう,1
ぬけがら,ろん,1
あと,そのへん,1
あと,十五,1
そのへん,まえ,1
まえ,十五,1
ふた,足,1
そのへん,足,1
十五,足,1
ふた,十五,1
そのへん,十五,1
上,四,1
おなか,上,1
上,十五,1
こんど,上,1
ほんもの,上,1
おなか,四,1
ゆか,四,1
十五,四,1
こんど,四,1
ほんもの,四,1
あな,四,1
おなか,ゆか,1
おなか,十五,1
おなか,こんど,1
おなか,ほんもの,1
ゆか,十五,1
こんど,ゆか,1
ほんもの,ゆか,1
ほんもの,十五,1
あな,十五,1
こんど,ほんもの,1
あな,こんど,1
あな,ほんもの,1
ぬけがら,十五,1
いま,ルビー,1
からだ,ルビー,1
ルビー,色,1
いま,中,1
いま,からだ,1
いま,色,1
からだ,中,1
中,色,1
からだ,色,1
ダイヤ,目,1
ダイヤ,二,1
びっくり,声,1
はい出,もの,1
とき,もの,1
はい出,中,1
とき,中,1
なに,ほらあな,1
なに,はい出,1
とき,なに,1
はい出,ほらあな,1
とき,ほらあな,1
とき,はい出,1
ちえ,とら,1
とら,とり,1
とら,はかせ,1
くらべ,とら,1
とら,まほう,1
ちえ,とり,1
おうごん,ちえ,1
とり,はかせ,1
くらべ,とり,1
とり,まほう,1
おうごん,とり,1
おうごん,はかせ,1
おうごん,くらべ,1
おうごん,まほう,1
けいりゃく,わし,1
こんど,わし,1
きみ,けいりゃく,1
けいりゃく,こんど,1
あくま,しつ,1
しつ,マント,1
しつ,せいよう,1
しつ,人,1
あくま,まえ,1
あくま,木村,1
あくま,やしき,1
あくま,おばけ,1
あくま,ちか,1
あくま,小林,1
まえ,マント,1
マント,木村,1
やしき,マント,1
おばけ,マント,1
ちか,マント,1
マント,小林,1
せいよう,まえ,1
せいよう,木村,1
人,木村,1
せいよう,ちか,1
せいよう,小林,1
ちか,人,1
人,小林,1
しょうねん,はかせ,1
きみ,しょうねん,1
しょうねん,わし,1
しょうねん,まほう,1
ちえ,わし,1
きみ,たんてい,1
たんてい,わし,1
くらべ,わし,1
ちえ,一,1
きみ,一,1
ため,一,1
とら,カブト,1
このまえ,とら,1
こんど,とら,1
とら,ムシ,1
このまえ,カブト,1
こんど,カブト,1
おうごん,カブト,1
このまえ,こんど,1
このまえ,ムシ,1
おうごん,このまえ,1
こんど,ムシ,1
おうごん,こんど,1
おうごん,ムシ,1
ダイヤモンド,目,1
ダイヤモンド,二,1
たからもの,わし,1
このまえ,ちえ,1
ごらん,ちえ,1
きみ,このまえ,1
このまえ,ごらん,1
きみ,ごらん,1
わし,五,1
あいだ,五,1
あいだ,わし,1
ちえ,まけ,1
きみ,まけ,1
くらべ,まけ,1
とき,はかせ,1
とき,まほう,1
あんしん,こと,1
おじさん,外がわ,1
きのう,外がわ,1
の,外がわ,1
はしご,外がわ,1
おじさん,きのう,1
おじさん,せい,1
おじさん,はしご,1
おじさん,ようかん,1
きのう,の,1
きのう,せい,1
きのう,はしご,1
きのう,ようかん,1
の,はしご,1
せい,はしご,1
はしご,ようかん,1
の,女の子,1
うふふ,ふ,1
きみ,手,1
いもうと,こと,1
いもうと,木村,1
の,ミドリ,1
いもうと,の,1
いもうと,ミドリ,1
うち,糸,1
ばしご,糸,1
やね,糸,1
なわ,糸,1
とき,糸,1
うち,ばしご,1
うち,やね,1
うち,なわ,1
うち,とき,1
ばしご,やね,1
とき,ばしご,1
なわ,やね,1
とき,やね,1
とき,なわ,1
夕,糸,1
にんぎょう,女の子,1
とき,にんぎょう,1
にんぎょう,下,1
はかせ,下,1
にんぎょう,マント,1
にんぎょう,はかせ,1
にんぎょう,まほう,1
はかせ,マント,1
まほう,マント,1
きのう,女の子,1
はかせ,よこ,1
にんぎょう,びっくり,1
にんぎょう,ふた,1
かお,にんぎょう,1
にんぎょう,口,1
びっくり,ふた,1
かお,びっくり,1
びっくり,口,1
ふた,口,1
かお,口,1
口,女の子,1
わし,女の子,1
わし,声,1
たねあかし,ふた,1
あんしん,ふた,1
あんしん,たねあかし,1
かあさん,こと,1
こと,ルビー,1
こと,やしき,1
かあさん,ルビー,1
かあさん,はかせ,1
かあさん,やしき,1
うち,かあさん,1
かあさん,ミドリ,1
かあさん,まほう,1
おばけ,かあさん,1
かあさん,とうさん,1
かあさん,小林,1
やしき,ルビー,1
ミドリ,ルビー,1
おばけ,ルビー,1
とうさん,ルビー,1
はかせ,やしき,1
うち,はかせ,1
はかせ,ミドリ,1
おばけ,はかせ,1
とうさん,はかせ,1
うち,やしき,1
やしき,ミドリ,1
まほう,やしき,1
とうさん,やしき,1
うち,まほう,1
うち,おばけ,1
まほう,ミドリ,1
おばけ,ミドリ,1
おばけ,まほう,1
とうさん,まほう,1
おばけ,とうさん,1
とうさん,小林,1
しょ,ふた,1
こと,ほうこく,1
ほうこく,明智,1
はかせ,明智,1
まほう,明智,1
はかせ,ほうこく,1
ほうこく,まほう,1
ほうこく,先生,1
はかせ,先生,1
まほう,先生,1
しょうねん,でんわ,1
だんいん,でんわ,1
でんわ,ひと,1
でんわ,女の子,1
でんわ,十,1
だんいん,明智,1
中,明智,1
ひと,明智,1
女の子,明智,1
十,明智,1
しょうねん,中,1
しょうねん,十,1
しょ,だんいん,1
だんいん,女の子,1
だんいん,十,1
たんてい,中,1
たんてい,女の子,1
たんてい,十,1
しょ,中,1
しょ,ひと,1
しょ,女の子,1
しょ,十,1
ひと,中,1
中,十,1
ひと,女の子,1
ひと,十,1
ひと,小林,1
十,女の子,1
女の子,小林,1
十,小林,1
このごろ,ユウ子,1
なかま,ユウ子,1
ユウ子,中学,1
このごろ,だんいん,1
だんいん,なかま,1
だんいん,中学,1
このごろ,ひと,1
このごろ,しょうじょ,1
このごろ,なかま,1
このごろ,宮田,1
このごろ,中学,1
このごろ,一,1
なかま,ひと,1
ひと,中学,1
ひと,一,1
しょうじょ,なかま,1
しょうじょ,中学,1
しょうじょ,一,1
なかま,宮田,1
なかま,中学,1
なかま,一,1
中学,宮田,1
一,宮田,1
一,中学,1
女の子,年,1
からだ,女の子,1
わり,女の子,1
からだ,年,1
わり,年,1
からだ,わり,1
あたし,こと,1
あたし,うち,1
うち,そうだん,1
なに,耳,1
小林,耳,1
なに,口,1
なに,小林,1
口,小林,1
手,考え,1
ユウ子,考え,1
しょうねん,上,1
ポケット,上,1
うち,上,1
ルビー,手,1
ポケット,手,1
うち,手,1
しょうねん,ポケット,1
ポケット,ルビー,1
ポケット,ユウ子,1
うち,ポケット,1
うら,おきもの,1
うら,ユウ子,1
うら,せっこう,1
うら,の,1
うら,ば,1
うち,うら,1
うら,しょうばい,1
おきもの,の,1
うち,おきもの,1
おきもの,しょうばい,1
しょうばい,ユウ子,1
しょうばい,せっこう,1
の,ば,1
うち,の,1
しょうばい,の,1
しょうばい,ば,1
うち,しょうばい,1
ば,中,1
おきもの,花,1
しょうねん,花,1
ビーナス,花,1
せっこう,花,1
ば,花,1
かご,花,1
女の子,花,1
くび,花,1
めがみ,花,1
おきもの,しょうねん,1
おきもの,ビーナス,1
おきもの,かご,1
おきもの,女の子,1
おきもの,くび,1
おきもの,めがみ,1
しょうねん,ビーナス,1
かご,しょうねん,1
しょうねん,めがみ,1
せっこう,ビーナス,1
ば,ビーナス,1
かご,ビーナス,1
ビーナス,女の子,1
くび,ビーナス,1
めがみ,ビーナス,1
かご,せっこう,1
せっこう,女の子,1
せっこう,めがみ,1
かご,ば,1
ば,女の子,1
くび,ば,1
ば,めがみ,1
かご,女の子,1
かご,くび,1
かご,めがみ,1
くび,女の子,1
めがみ,女の子,1
くび,めがみ,1
せっこう,カブト,1
せっこう,ムシ,1
こと,目,1
はかせ,目,1
まほう,目,1
なに,考え,1
おきもの,まん,1
まど,まん,1
まん,ユウ子,1
まん,中,1
せっこう,まん,1
まん,外,1
かお,まん,1
まん,ガラス,1
おきもの,まど,1
おきもの,中,1
おきもの,外,1
おきもの,かお,1
おきもの,ガラス,1
まど,ユウ子,1
まど,ガラス,1
かお,ユウ子,1
ガラス,ユウ子,1
中,外,1
ガラス,中,1
せっこう,外,1
かお,せっこう,1
せっこう,ガラス,1
ガラス,外,1
かお,ガラス,1
中,男,1
ひげ,中,1
じゅう,中,1
なにもの,ひげ,1
こと,手,1
こと,ちえ,1
ちえ,手,1
の,手,1
ちえ,ユウ子,1
ちえ,の,1
こと,とほう,1
かお,こと,1
こと,ひげ,1
こと,じゅう,1
かお,とほう,1
とほう,ひげ,1
じゅう,とほう,1
しょうじょ,しょうねん,1
しょうねん,なに,1
しょうねん,じぶん,1
しょうねん,宮田,1
ざいく,しょうねん,1
なに,ユウ子,1
じぶん,ユウ子,1
ざいく,ユウ子,1
だんいん,ルビー,1
ひと,ルビー,1
しょうじょ,ルビー,1
せっこう,ルビー,1
なに,ルビー,1
ば,ルビー,1
じぶん,ルビー,1
ルビー,宮田,1
ざいく,ルビー,1
だん,ルビー,1
せっこう,だんいん,1
だんいん,なに,1
だんいん,ば,1
うち,だんいん,1
じぶん,だんいん,1
ざいく,だんいん,1
しょうじょ,たんてい,1
せっこう,たんてい,1
たんてい,なに,1
たんてい,ば,1
じぶん,たんてい,1
たんてい,宮田,1
ざいく,たんてい,1
せっこう,ひと,1
なに,ひと,1
ば,ひと,1
うち,ひと,1
じぶん,ひと,1
ざいく,ひと,1
だん,ひと,1
しょうじょ,せっこう,1
しょうじょ,なに,1
しょうじょ,ば,1
うち,しょうじょ,1
しょうじょ,じぶん,1
ざいく,しょうじょ,1
しょうじょ,だん,1
せっこう,なに,1
じぶん,せっこう,1
せっこう,宮田,1
ざいく,せっこう,1
せっこう,だん,1
なに,ば,1
うち,なに,1
じぶん,なに,1
なに,宮田,1
ざいく,なに,1
だん,なに,1
じぶん,ば,1
ば,宮田,1
ざいく,ば,1
だん,ば,1
うち,じぶん,1
うち,宮田,1
うち,ざいく,1
うち,だん,1
じぶん,宮田,1
ざいく,じぶん,1
じぶん,だん,1
ざいく,宮田,1
だん,宮田,1
ざいく,だん,1
じゅう,まど,1
ひげ,まど,1
とき,まど,1
外,男,1
じゅう,外,1
ひげ,外,1
とき,外,1
かお,とき,1
じゅう,とき,1
とき,ひげ,1
こと,渋谷,1
こと,夕,1
ユウ子,日,1
ユウ子,渋谷,1
ユウ子,夕,1
うち,日,1
うち,渋谷,1
うち,夕,1
日,渋谷,1
夕,日,1
夕,渋谷,1
さい,五,1
さい,しょうねん,1
さい,せっこう,1
がくぶち,さい,1
さい,男,1
くび,さい,1
さい,ショー,1
さい,六,1
さい,町,1
あたま,さい,1
さい,ウインドー,1
さい,ぞう,1
さい,や,1
さい,さん,1
しょうねん,五,1
せっこう,五,1
がくぶち,五,1
五,男,1
くび,五,1
ショー,五,1
五,六,1
五,町,1
あたま,五,1
ウインドー,五,1
ぞう,五,1
や,五,1
さん,五,1
がくぶち,しょうねん,1
しょうねん,ショー,1
しょうねん,六,1
しょうねん,町,1
あたま,しょうねん,1
しょうねん,ウインドー,1
しょうねん,や,1
さん,しょうねん,1
がくぶち,せっこう,1
せっこう,ショー,1
せっこう,六,1
せっこう,町,1
あたま,せっこう,1
せっこう,ウインドー,1
せっこう,や,1
さん,せっこう,1
がくぶち,男,1
がくぶち,くび,1
がくぶち,ショー,1
がくぶち,六,1
がくぶち,町,1
あたま,がくぶち,1
がくぶち,ウインドー,1
がくぶち,ぞう,1
がくぶち,や,1
がくぶち,さん,1
ショー,男,1
六,男,1
あたま,男,1
ウインドー,男,1
ぞう,男,1
や,男,1
さん,男,1
くび,ショー,1
くび,六,1
くび,町,1
あたま,くび,1
くび,ウインドー,1
くび,や,1
くび,さん,1
ショー,六,1
ショー,町,1
あたま,ショー,1
ウインドー,ショー,1
ぞう,ショー,1
や,ショー,1
さん,ショー,1
六,町,1
あたま,六,1
ウインドー,六,1
ぞう,六,1
や,六,1
さん,六,1
あたま,町,1
ウインドー,町,1
ぞう,町,1
や,町,1
さん,町,1
あたま,ウインドー,1
あたま,ぞう,1
あたま,や,1
あたま,さん,1
ぞう,ウインドー,1
や,ウインドー,1
さん,ウインドー,1
ぞう,や,1
さん,ぞう,1
さん,や,1
あたり,よこちょう,1
よこちょう,男,1
じめん,よこちょう,1
みせ,よこちょう,1
よこちょう,紙づつみ,1
あたり,しょうねん,1
しょうねん,じめん,1
しょうねん,みせ,1
しょうねん,紙づつみ,1
あたり,せっこう,1
あたり,男,1
あたり,じめん,1
あたり,みせ,1
あたり,くび,1
あたり,紙づつみ,1
じめん,せっこう,1
せっこう,みせ,1
せっこう,紙づつみ,1
じめん,男,1
男,紙づつみ,1
じめん,みせ,1
くび,じめん,1
じめん,紙づつみ,1
くび,みせ,1
みせ,紙づつみ,1
くび,紙づつみ,1
気,男,1
しょう,三十,1
しょう,男,1
しょう,みせ,1
しょう,町,1
しょう,びじゅつ,1
みせ,三十,1
三十,町,1
びじゅつ,三十,1
びじゅつ,男,1
みせ,町,1
びじゅつ,みせ,1
びじゅつ,町,1
じん,よこちょう,1
ぞう,よこちょう,1
こなみ,よこちょう,1
しょうねん,じん,1
こなみ,しょうねん,1
じん,せっこう,1
じん,ぞう,1
くび,じん,1
こなみ,じん,1
こなみ,せっこう,1
こなみ,ぞう,1
くび,こなみ,1
ころ,三十,1
やしき,三十,1
こんど,三十,1
三十,渋谷,1
ころ,男,1
ころ,やしき,1
ころ,こんど,1
ころ,渋谷,1
やしき,男,1
こんど,男,1
渋谷,男,1
こんど,やしき,1
やしき,渋谷,1
こんど,渋谷,1
おうせつま,しょうねん,1
おうせつま,せっこう,1
おうせつま,家,1
おうせつま,くび,1
しょうねん,家,1
せっこう,家,1
くび,家,1
森,男,1
じんじゃ,森,1
森,近く,1
くび,森,1
じんじゃ,まど,1
まど,近く,1
くび,まど,1
じんじゃ,男,1
男,近く,1
じんじゃ,近く,1
くび,じんじゃ,1
くび,近く,1
せっこう,とき,1
せっこう,三,1
わらい声,女の子,1
うしろ,とき,1
うしろ,わらい声,1
とき,わらい声,1
うしろ,びっくり,1
うしろ,ユウ子,1
うしろ,木,1
びっくり,ユウ子,1
の,びっくり,1
びっくり,男,1
びっくり,木,1
ユウ子,男,1
ユウ子,木,1
木,男,1
しょうねん,ちよ,1
ちえ,ちよ,1
たんてい,ちよ,1
くらべ,ちよ,1
おじさん,まど,1
あたし,まど,1
ぞう,まど,1
おじさん,中,1
おじさん,せっこう,1
あたし,おじさん,1
おじさん,ぞう,1
あたし,中,1
ぞう,中,1
あたし,せっこう,1
あたし,の,1
ぞう,の,1
あたし,ぞう,1
こと,ば,1
おれ,こと,1
こと,ぬすみ,1
おれ,ば,1
ば,人,1
ぬすみ,ば,1
おれ,人,1
ぬすみ,人,1
そのさき,子ども,1
そのさき,の,1
そのさき,三,1
くび,そのさき,1
そのさき,はいたつ,1
三,子ども,1
くび,子ども,1
はいたつ,子ども,1
の,三,1
くび,の,1
の,はいたつ,1
くび,三,1
はいたつ,三,1
くび,はいたつ,1
ようす,男,1
大わらい,男,1
かお,ようす,1
かお,大わらい,1
ようす,大わらい,1
きみ,やく,1
おれ,やく,1
あと,ま,1
はかせ,ま,1
きみ,ま,1
きみの,ま,1
おれ,ま,1
ま,まほう,1
ぬすみ,ま,1
あと,はかせ,1
あと,きみ,1
あと,きみの,1
あと,おれ,1
あと,まほう,1
あと,ぬすみ,1
きみの,はかせ,1
おれ,はかせ,1
ぬすみ,はかせ,1
きみ,きみの,1
きみ,ぬすみ,1
おれ,きみの,1
きみの,まほう,1
きみの,ぬすみ,1
おれ,まほう,1
ぬすみ,まほう,1
やり,男,1
あと,やり,1
バス,ユウ子,1
はらっぱ,バス,1
バス,外,1
うち,バス,1
シャベル,バス,1
うら口,バス,1
はらっぱ,ユウ子,1
シャベル,ユウ子,1
うら口,ユウ子,1
はらっぱ,外,1
うち,はらっぱ,1
うら口,はらっぱ,1
うち,外,1
シャベル,外,1
うら口,外,1
うち,シャベル,1
うち,うら口,1
うら口,シャベル,1
下,石,1
目じるし,石,1
中,石,1
はらっぱ,石,1
ひざ,石,1
シャベル,石,1
石,草,1
下,目じるし,1
下,中,1
はらっぱ,下,1
ひざ,下,1
シャベル,下,1
下,草,1
中,目じるし,1
はらっぱ,目じるし,1
ひざ,目じるし,1
シャベル,目じるし,1
目じるし,草,1
ひざ,中,1
シャベル,中,1
はらっぱ,ひざ,1
はらっぱ,草,1
ひざ,シャベル,1
ひざ,草,1
シャベル,草,1
うそ,人,1
う,ふ,1
きみ,ほう,1
こんど,ほう,1
うしろ,声,1
うそ,はかせ,1
うそ,まほう,1
うそ,の,1
かくし,こと,1
こと,ばしょ,1
手,男,1
おとな,原っぱ,1
あい,原っぱ,1
おとな,はかせ,1
おとな,まほう,1
あい,おとな,1
あい,はかせ,1
あい,まほう,1
こと,子ども,1
カブト,ルビー,1
ムシ,ルビー,1
きみ,番,1
わし,カブト,1
わし,ムシ,1
ばしょ,わし,1
こと,ひる,1
ひる,三,1
ゴム,ユウ子,1
うち,ゴム,1
ゴム,空,1
ふうせん,ゴム,1
にわ,ゴム,1
ユウ子,空,1
にわ,ユウ子,1
うち,空,1
うち,ふうせん,1
うち,にわ,1
にわ,空,1
にわ,ふうせん,1
子ども,糸,1
子ども,空,1
力,子ども,1
ふうせん,子ども,1
の,空,1
の,ふうせん,1
空,糸,1
力,糸,1
力,空,1
ふうせん,力,1
ふうせん,目の前,1
じめん,目の前,1
ユウ子,目の前,1
じめん,ふうせん,1
じめん,ユウ子,1
もの,糸,1
はし,糸,1
ふうせん,もの,1
はし,もの,1
はし,ふうせん,1
なんだろう,ユウ子,1
もの,紙,1
こと,紙,1
むね,ユウ子,1
かくし,カブト,1
あいだ,かくし,1
かくし,ムシ,1
かくし,やくそく,1
あいだ,カブト,1
はかせ,カブト,1
まほう,カブト,1
やくそく,カブト,1
あいだ,ユウ子,1
あいだ,はかせ,1
あいだ,ばしょ,1
あいだ,まほう,1
あいだ,ムシ,1
あいだ,やくそく,1
やくそく,ユウ子,1
はかせ,ムシ,1
はかせ,やくそく,1
ばしょ,やくそく,1
まほう,ムシ,1
まほう,やくそく,1
やくそく,ムシ,1
そうだん,明智,1
ユウ子,明智,1
明智,紙,1
明智,電車,1
明智,麹町,1
しょうねん,そうだん,1
しょ,そうだん,1
そうだん,たんてい,1
そうだん,紙,1
そうだん,電車,1
そうだん,麹町,1
しょうねん,紙,1
しょうねん,電車,1
しょうねん,麹町,1
しょ,ユウ子,1
ユウ子,紙,1
ユウ子,電車,1
ユウ子,麹町,1
しょ,紙,1
しょ,電車,1
しょ,麹町,1
たんてい,紙,1
たんてい,電車,1
たんてい,麹町,1
紙,電車,1
小林,紙,1
紙,麹町,1
小林,電車,1
電車,麹町,1
小林,麹町,1
あさって,ところ,1
ところ,一,1
あさって,一,1
あさって,スギ,1
しき,ばけもの,1
しき,そば,1
しき,はかせ,1
しき,木村,1
しき,家,1
しき,敏夫,1
しき,スギ,1
しき,の,1
しき,まほう,1
しき,一,1
そば,ばけもの,1
はかせ,ばけもの,1
ばけもの,木村,1
ばけもの,家,1
ばけもの,敏夫,1
ばけもの,スギ,1
の,ばけもの,1
ばけもの,まほう,1
ばけもの,一,1
そば,はかせ,1
そば,木村,1
そば,家,1
そば,敏夫,1
そば,スギ,1
そば,の,1
そば,まほう,1
そば,一,1
はかせ,家,1
はかせ,敏夫,1
はかせ,スギ,1
はかせ,一,1
家,木村,1
家,敏夫,1
スギ,家,1
の,家,1
まほう,家,1
一,家,1
スギ,敏夫,1
まほう,敏夫,1
一,敏夫,1
まほう,スギ,1
の,一,1
まほう,一,1
でんわ,木村,1
でんわ,スギ,1
でんわ,木,1
でんわ,一,1
こと,木,1
一,木,1
午後,原っぱ,1
三,原っぱ,1
二十五,原っぱ,1
だんいん,スギ,1
だんいん,午後,1
だんいん,三,1
だんいん,二十五,1
午後,小林,1
三,小林,1
二十五,小林,1
の,五,1
五,敏夫,1
一郎,五,1
五,野呂,1
一平,五,1
ユウ子,敏夫,1
ユウ子,一郎,1
ユウ子,野呂,1
ユウ子,一平,1
ユウ子,力,1
だんいん,の,1
だんいん,一郎,1
だんいん,野呂,1
だんいん,一平,1
だんいん,力,1
中,敏夫,1
一郎,中,1
中,野呂,1
一平,中,1
中,力,1
一郎,木村,1
木村,野呂,1
一平,木村,1
力,木村,1
の,一郎,1
の,井上,1
の,野呂,1
の,一平,1
一郎,敏夫,1
井上,敏夫,1
敏夫,野呂,1
一平,敏夫,1
力,敏夫,1
一郎,野呂,1
一平,一郎,1
一郎,力,1
一郎,小林,1
井上,野呂,1
一平,井上,1
井上,力,1
一平,野呂,1
力,野呂,1
小林,野呂,1
一平,力,1
一平,小林,1
力,小林,1
もの,子,1
あだ名,もの,1
もの,気,1
もの,一平,1
あだ名,子,1
子,気,1
一平,子,1
ノロ,子,1
あだ名,気,1
あだ名,一平,1
あだ名,ノロ,1
一平,気,1
ノロ,気,1
ノロ,一平,1
いみ,てっぺん,1
いみ,一,1
いみ,スギ,1
くび,ノロ,1
くび,声,1
声,小林,1
こし,なわ,1
きょう,のぼり,1
のぼり,ようい,1
きょう,スギ,1
きょう,ようい,1
きょう,木,1
きょう,めいじん,1
きょう,ノロ,1
ようい,スギ,1
ようい,木,1
めいじん,ようい,1
ようい,ノロ,1
なげ,なわ,1
なげ,ノロ,1
なわ,木,1
えだ,なわ,1
えだ,木,1
えだ,スギ,1
からだ,自分,1
はし,自分,1
一方,自分,1
からだ,はし,1
からだ,一方,1
つなひき,みき,1
つなひき,スギ,1
つなひき,力,1
つなひき,なわ,1
つなひき,ノロ,1
みき,スギ,1
みき,力,1
なわ,みき,1
みき,ノロ,1
スギ,力,1
なわ,力,1
ノロ,力,1
えだ,下,1
あと,えだ,1
あと,下,1
てっぺん,なに,1
てっぺん,声,1
なに,五,1
五,声,1
五,木,1
なに,声,1
声,木,1
一方,原っぱ,1
スギ,光,1
たいよう,スギ,1
かげ,光,1
一,光,1
かげ,たいよう,1
たいよう,一,1
かげ,一,1
なに,みなさん,1
みなさん,ノロ,1
少年,番,1
ルビー,番,1
たんてい,番,1
ルビー,少年,1
こんど,少年,1
こんど,ルビー,1
こんど,たんてい,1
原っぱ,手紙,1
とおり,原っぱ,1
五,手紙,1
とおり,五,1
ノロ,手紙,1
とおり,ノロ,1
ノロ,一,1
ユウ子,手紙,1
スギ,ユウ子,1
とおり,ユウ子,1
手紙,木村,1
スギ,手紙,1
井上,手紙,1
とおり,手紙,1
世田谷,手紙,1
一,手紙,1
小林,手紙,1
とおり,木村,1
スギ,井上,1
とおり,スギ,1
スギ,世田谷,1
とおり,井上,1
とおり,世田谷,1
とおり,一,1
一,世田谷,1
てっぺん,のぼり,1
てっぺん,はいる,1
てっぺん,めいじん,1
のぼり,はいる,1
あな,のぼり,1
はいる,スギ,1
あな,はいる,1
はいる,木,1
はいる,めいじん,1
はいる,ノロ,1
あな,スギ,1
あな,木,1
あな,めいじん,1
あな,ノロ,1
あたり,原っぱ,1
なに,原っぱ,1
かげ,原っぱ,1
原っぱ,木,1
あたり,なに,1
あたり,スギ,1
あたり,かげ,1
あたり,木,1
あたり,ノロ,1
なに,スギ,1
かげ,なに,1
てっぺん,の,1
てっぺん,ところ,1
かげ,てっぺん,1
ところ,の,1
かげ,ところ,1
ところ,木,1
さき,の,1
さき,スギ,1
かげ,さき,1
さき,木,1
さき,ノロ,1
たけ,草,1
小林,草,1
あな,六十,1
あな,いこん,1
あな,木村,1
あな,井上,1
あな,さき,1
あな,ようい,1
いこん,中,1
いこん,木村,1
いこん,井上,1
いこん,さき,1
いこん,ようい,1
いこん,かいちゅう,1
いこん,でんとう,1
ようい,中,1
さき,木村,1
ようい,木村,1
かいちゅう,木村,1
でんとう,木村,1
ようい,井上,1
さき,ようい,1
かいちゅう,さき,1
さき,でんとう,1
ところ,下,1
三,下,1
下,石だん,1
あな,ところ,1
ところ,石だん,1
あな,方,1
方,石だん,1
あな,三,1
三,石だん,1
あな,石だん,1
しょうめん,鉄,1
石だん,鉄,1
しょうめん,とびら,1
しょうめん,石だん,1
とびら,石だん,1
はかせ,注意,1
まほう,注意,1
はかせ,番人,1
まほう,番人,1
とびら,やつ,1
とびら,むね,1
むね,やつ,1
とびら,井上,1
とって,とびら,1
とって,井上,1
鉄,音,1
むこう,鉄,1
とびら,音,1
かぎ,とびら,1
とびら,むこう,1
かぎ,音,1
むこう,音,1
かぎ,むこう,1
ほらあな,方,1
くらやみ,五,1
さき,五,1
くらやみ,中,1
くらやみ,井上,1
くらやみ,さき,1
もの,小林,1
両手,手,1
ユウ子,両手,1
ノロ,両手,1
ほらあな,まがりかど,1
ばけもの,目の前,1
とほう,目の前,1
とほう,ばけもの,1
きいろ,しま,1
かお,きいろ,1
きいろ,黒,1
きいろ,ふとい,1
かお,しま,1
しま,黒,1
しま,ふとい,1
かお,黒,1
かお,ふとい,1
ふとい,黒,1
中,目,1
せんめん,目,1
き,目,1
やみ,中,1
せんめん,やみ,1
き,やみ,1
せんめん,中,1
き,中,1
き,せんめん,1
きば,二,1
ひげ,二,1
たば,二,1
ステッキ,二,1
きば,ひげ,1
きば,たば,1
きば,ステッキ,1
きば,口,1
たば,ひげ,1
ひげ,ステッキ,1
たば,ステッキ,1
たば,口,1
ステッキ,口,1
ばい,ばけもの,1
ばけもの,トラ,1
ばけもの,百,1
かお,じめん,1
あご,かお,1
かお,ほらあな,1
あご,じめん,1
じめん,ほらあな,1
あご,ほらあな,1
こだま,声,1
こだま,ほらあな,1
おばけ,二,1
こと,じしゃく,1
じしゃく,五,1
こと,五,1
トラ,前,1
中,前,1
前,口,1
した,中,1
五,気,1
ばけもの,地,1
ばけもの,子ども,1
ルビー,原っぱ,1
ため,原っぱ,1
ほらあな,ルビー,1
ルビー,世田谷,1
ため,ほらあな,1
ため,世田谷,1
ばい,五,1
トラ,五,1
五,百,1
おばけ,五,1
五,口,1
ばい,中,1
ばい,ほらあな,1
ばい,口,1
中,百,1
ほらあな,百,1
おばけ,百,1
口,百,1
おばけ,ほらあな,1
トラ,上,1
の,上,1
いぶくろ,上,1
ようす,上,1
の,トラ,1
トラ,気,1
トラ,方,1
ようす,トラ,1
の,気,1
いぶくろ,の,1
の,ようす,1
いぶくろ,気,1
方,気,1
ようす,気,1
いぶくろ,方,1
いぶくろ,ようす,1
ようす,方,1
おばけ,井上,1
おく,井上,1
のど,井上,1
おばけ,かいちゅう,1
おく,かいちゅう,1
かいちゅう,のど,1
おく,おばけ,1
おばけ,でんとう,1
おばけ,のど,1
おく,でんとう,1
でんとう,のど,1
こと,しょく,1
いぶくろ,こと,1
おくに,こと,1
こと,のど,1
しょく,トラ,1
おくに,トラ,1
いぶくろ,しょく,1
おくに,しょく,1
しょく,のど,1
いぶくろ,おくに,1
いぶくろ,のど,1
おくに,のど,1
くび,トラ,1
じかけ,物,1
トラ,物,1
作り,物,1
じかけ,トラ,1
じかけ,作り,1
トラ,作り,1
うしろ,もの,1
うしろ,せんぷうき,1
せんぷうき,もの,1
せんぷうき,の,1
せんぷうき,方,1
こと,外,1
こと,井上,1
こと,口,1
トラ,外,1
トラ,井上,1
井上,外,1
口,外,1
井上,口,1
こと,方,1
おく,こと,1
そうだん,方,1
おく,そうだん,1
おく,小林,1
いま,トラ,1
コンクリート,トラ,1
おく,トラ,1
いま,ほらあな,1
いま,のど,1
いま,コンクリート,1
いま,おく,1
のど,ほらあな,1
のど,コンクリート,1
おく,コンクリート,1
でんとう,どまり,1
でんとう,行き,1
どまり,行き,1
かいちゅう,どまり,1
かいちゅう,行き,1
ひと,ドア,1
ほど,ドア,1
ドア,井上,1
とびら,ドア,1
きんこ,とびら,1
きんこ,ドア,1
きんこ,鉄,1
こと,ドア,1
こんど,井上,1
こんど,一,1
いた,ドア,1
うちがわ,ドア,1
いた,うちがわ,1
いた,鉄,1
いど,二,1
いど,へや,1
つつ,コンクリート,1
コンクリート,中,1
つつ,五,1
つつ,中,1
てんじょう,上,1
かいちゅう,上,1
でんとう,上,1
かいちゅう,方,1
でんとう,方,1
とおく,モーター,1
とおく,音,1
モーター,音,1
てんじょう,井上,1
てんじょう,とき,1
とき,井上,1
かいちゅう,とき,1
でんとう,とき,1
その方,びっくり,1
もの,鉄,1
てんじょう,ふた,1
てんじょう,もの,1
うちがわ,ふた,1
くるい,鉄,1
モーター,鉄,1
くるい,ふた,1
ふた,力,1
ふた,モーター,1
くるい,力,1
くるい,モーター,1
モーター,力,1
力,手,1
両手,自分,1
まね,鉄,1
両手,鉄,1
まね,両手,1
ふた,まね,1
ふた,両手,1
かたまり,鉄,1
かたまり,力,1
手,鉄,1
ふた,手,1
ほど,手,1
あたま,手,1
ほど,鉄,1
あたま,鉄,1
ふた,ほど,1
あたま,ふた,1
あたま,ほど,1
こと,両足,1
両手,両足,1
あおむけ,両足,1
こと,両手,1
あおむけ,こと,1
あおむけ,両手,1
そば,なん,1
なん,百キロ,1
おの,なん,1
そば,百キロ,1
そば,鉄,1
おの,そば,1
百キロ,鉄,1
おの,百キロ,1
おの,鉄,1
井上,声,1
ほど,小林,1
へや,原っぱ,1
はずれ,原っぱ,1
あんごう,原っぱ,1
原っぱ,鉄,1
上,原っぱ,1
原っぱ,少年,1
ふた,原っぱ,1
コンクリート,原っぱ,1
はずれ,五,1
たんてい,五,1
あんごう,五,1
だん,五,1
五,少年,1
ふた,五,1
へや,ユウ子,1
はずれ,ユウ子,1
あんごう,ユウ子,1
ユウ子,鉄,1
ユウ子,少年,1
ふた,ユウ子,1
コンクリート,ユウ子,1
だんいん,ほらあな,1
だんいん,へや,1
だんいん,はずれ,1
だんいん,まほう,1
だんいん,はかせ,1
あんごう,だんいん,1
だんいん,鉄,1
だんいん,上,1
だんいん,少年,1
だんいん,ふた,1
だんいん,世田谷,1
だんいん,コンクリート,1
だんいん,ノロ,1
へや,ほらあな,1
はずれ,ほらあな,1
ほらあな,まほう,1
たんてい,ほらあな,1
はかせ,ほらあな,1
あんごう,ほらあな,1
だん,ほらあな,1
ほらあな,鉄,1
ほらあな,上,1
ほらあな,少年,1
ふた,ほらあな,1
はずれ,へや,1
へや,井上,1
へや,まほう,1
たんてい,へや,1
はかせ,へや,1
あんごう,へや,1
だん,へや,1
へや,鉄,1
へや,上,1
へや,少年,1
へや,木村,1
ふた,へや,1
へや,世田谷,1
へや,ノロ,1
はずれ,井上,1
はずれ,まほう,1
たんてい,はずれ,1
はかせ,はずれ,1
あんごう,はずれ,1
だん,はずれ,1
はずれ,鉄,1
はずれ,小林,1
はずれ,上,1
はずれ,少年,1
はずれ,木村,1
はずれ,ふた,1
はずれ,コンクリート,1
はずれ,ノロ,1
あんごう,井上,1
だん,井上,1
井上,鉄,1
井上,少年,1
コンクリート,井上,1
あんごう,まほう,1
だん,まほう,1
まほう,鉄,1
まほう,少年,1
ふた,まほう,1
まほう,世田谷,1
まほう,コンクリート,1
あんごう,たんてい,1
たんてい,鉄,1
たんてい,上,1
たんてい,世田谷,1
たんてい,コンクリート,1
たんてい,ノロ,1
あんごう,はかせ,1
だん,はかせ,1
はかせ,鉄,1
はかせ,少年,1
はかせ,ふた,1
はかせ,世田谷,1
はかせ,コンクリート,1
あんごう,だん,1
あんごう,鉄,1
あんごう,小林,1
あんごう,上,1
あんごう,少年,1
あんごう,木村,1
あんごう,ふた,1
あんごう,世田谷,1
あんごう,コンクリート,1
あんごう,ノロ,1
だん,鉄,1
だん,小林,1
だん,上,1
だん,木村,1
だん,ふた,1
だん,世田谷,1
だん,コンクリート,1
だん,ノロ,1
上,鉄,1
少年,鉄,1
木村,鉄,1
世田谷,鉄,1
コンクリート,鉄,1
ノロ,鉄,1
上,小林,1
小林,少年,1
上,少年,1
上,木村,1
ふた,上,1
上,世田谷,1
ノロ,上,1
少年,木村,1
ふた,少年,1
世田谷,少年,1
コンクリート,少年,1
ノロ,少年,1
ふた,木村,1
コンクリート,木村,1
ふた,世田谷,1
ふた,コンクリート,1
ふた,ノロ,1
コンクリート,世田谷,1
コンクリート,ノロ,1
すきま,鉄,1
すきま,ふた,1
もの,女の子,1
ノロ,女の子,1
もの,ユウ子,1
あたま,こと,1
はず,人ごろし,1
はかせ,人ごろし,1
まほう,人ごろし,1
はかせ,はず,1
はず,まほう,1
ちえ,目,1
ゆうき,目,1
ぼく,目,1
ちえ,ぼく,1
ぼく,ゆうき,1
ちえ,にげ道,1
かべ,まわり,1
へや,まわり,1
かいちゅう,まわり,1
でんとう,まわり,1
まわり,コンクリート,1
まわり,小林,1
かべ,へや,1
かいちゅう,かべ,1
かべ,でんとう,1
かべ,小林,1
かべ,切れ目,1
かべ,六十,1
かべ,の,1
六十,切れ目,1
の,切れ目,1
切れ目,四方,1
の,六十,1
六十,四方,1
コンクリート,六十,1
の,四方,1
の,コンクリート,1
そのへん,小林,1
はなれ,上,1
上,切れ目,1
たかべ,上,1
ところ,上,1
はなれ,切れ目,1
たかべ,はなれ,1
ところ,はなれ,1
はなれ,方,1
はなれ,コンクリート,1
たかべ,切れ目,1
ところ,切れ目,1
切れ目,方,1
たかべ,ところ,1
たかべ,方,1
たかべ,コンクリート,1
ところ,コンクリート,1
コンクリート,方,1
こと,金物,1
こと,コンクリート,1
こと,色,1
ぼっち,金物,1
ぼっち,コンクリート,1
ぼっち,色,1
コンクリート,金物,1
色,金物,1
コンクリート,色,1
しかけ,下,1
しかけ,ぼく,1
しかけ,鉄,1
うち,しかけ,1
しかけ,ふた,1
ぼく,下,1
うち,下,1
ぼく,鉄,1
うち,ぼく,1
うち,鉄,1
うち,ふた,1
ところ,鉄,1
ぼっち,鉄,1
ところ,ぼっち,1
ところ,ふた,1
ふた,ぼっち,1
外,戸,1
ぼっち,上,1
おやゆび,上,1
一方,上,1
ぼっち,手,1
おやゆび,手,1
一方,手,1
おやゆび,ぼっち,1
ぼっち,一方,1
おやゆび,一方,1
あせ,じゅう,1
じゅう,小林,1
あせ,からだ,1
あせ,小林,1
カタン,音,1
がまん,カタン,1
カタン,切れ目,1
がまん,音,1
切れ目,音,1
がまん,切れ目,1
せいこう,ちえ,1
ちえ,小林,1
せいこう,ゆうき,1
せいこう,小林,1
ゆうき,小林,1
あな,にんげん,1
あな,ひと,1
あな,ほど,1
にんげん,ひと,1
にんげん,ほど,1
きみ,ほか,1
ほか,鉄,1
ふた,ほか,1
あな,ほか,1
きみ,鉄,1
きみ,ふた,1
あな,きみ,1
あな,鉄,1
あな,ふた,1
あな,十,1
一室,地,1
へや,二十,1
かいちゅう,二十,1
でんとう,二十,1
コンクリート,二十,1
へや,声,1
わし,注意,1
わし,番人,1
わし,手紙,1
だい,トラ,1
だい,なん,1
だい,二,1
だい,鉄,1
だい,ふた,1
だい,番人,1
だい,三,1
だい,一,1
なん,トラ,1
トラ,二,1
トラ,鉄,1
ふた,トラ,1
トラ,番人,1
トラ,三,1
トラ,一,1
なん,二,1
なん,ふた,1
なん,番人,1
なん,三,1
なん,一,1
二,鉄,1
ふた,二,1
二,番人,1
番人,鉄,1
三,鉄,1
一,鉄,1
ふた,番人,1
ふた,三,1
ふた,一,1
三,番人,1
一,番人,1
おしまい,やつ,1
はかせ,声,1
すみ,スピーカー,1
てんじょう,スピーカー,1
スピーカー,ラウド,1
すみ,てんじょう,1
すみ,ラウド,1
てんじょう,ラウド,1
おたがい,五,1
からだ,五,1
おたがい,かたまり,1
かたまり,一,1
かたまり,からだ,1
おたがい,一,1
からだ,一,1
からだ,ノロ,1
からだ,の,1
ゆか,木村,1
その方,光,1
その方,でんとう,1
かいちゅう,その方,1
でんとう,光,1
かいちゅう,光,1
もの,地,1
あたま,もの,1
あな,コンクリート,1
あたま,のっぺらぼう,1
あたま,かいぶつ,1
あたま,からだ,1
かいぶつ,のっぺらぼう,1
からだ,のっぺらぼう,1
かいぶつ,からだ,1
め,五,1
すみか,五,1
ユウ子,室,1
め,ユウ子,1
ちか,ユウ子,1
すみか,ユウ子,1
ルビー,室,1
め,ルビー,1
ちか,ルビー,1
すみか,ルビー,1
ため,はかせ,1
はかせ,室,1
はかせ,め,1
ちか,はかせ,1
すみか,はかせ,1
室,木村,1
め,木村,1
すみか,木村,1
ため,室,1
ため,め,1
ため,まほう,1
ため,ちか,1
すみか,ため,1
まほう,室,1
すみか,室,1
ノロ,室,1
め,小林,1
すみか,小林,1
め,井上,1
すみか,井上,1
まほう,め,1
すみか,め,1
め,ノロ,1
ちか,まほう,1
すみか,まほう,1
すみか,ちか,1
ちか,ノロ,1
すみか,ノロ,1
やのまん,五,1
かいぶつ,やのまん,1
やのまん,室,1
へや,やのまん,1
ちか,やのまん,1
かいぶつ,五,1
かいぶつ,室,1
かいぶつ,へや,1
へや,室,1
ちか,へや,1
やつ,目,1
口,目,1
たまご,目,1
やつ,口,1
たまご,やつ,1
たまご,口,1
おとな,ま,1
ばい,ま,1
ま,三,1
にゅう,ま,1
おとな,にゅう,1
にゅう,ばい,1
にゅう,三,1
かみなり,わらい声,1
うしろ,もと,1
もと,入口,1
かいぶつ,もと,1
もと,方,1
かげ,もと,1
もと,形,1
うしろ,入口,1
うしろ,かいぶつ,1
うしろ,かげ,1
うしろ,形,1
かいぶつ,入口,1
入口,方,1
かげ,入口,1
入口,形,1
かいぶつ,方,1
かいぶつ,かげ,1
かいぶつ,形,1
かげ,方,1
形,方,1
かげ,形,1
コンクリート,出口,1
かべ,出口,1
出口,四方,1
あいつ,けむり,1
じめん,もの,1
おとな,かた,1
おとな,はら,1
おとな,かお,1
おとな,こし,1
かた,はら,1
かお,かた,1
かた,こし,1
かお,はら,1
こし,はら,1
かお,こし,1
せいどう,前,1
せいどう,だん,1
前,少年,1
じん,だん,1
だん,前,1
せいどう,やつ,1
あたま,てんじょう,1
はぐるま,音,1
じん,はぐるま,1
せいどう,はぐるま,1
はぐるま,中,1
きょじん,耳,1
声,耳,1
きょじん,声,1
きょじん,口,1
三日月,口,1
三日月,黒,1
ほらあな,三日月,1
ほらあな,黒,1
せいどう,ルビー,1
せいどう,口,1
じん,ルビー,1
こと,とり,1
かお,わし,1
わし,中,1
からだ,少年,1
かいぶつ,右,1
かいぶつ,足,1
かいぶつ,一郎,1
かいぶつ,井上,1
かいぶつ,けんどう,1
かいぶつ,とうさん,1
右,足,1
一郎,右,1
井上,右,1
けんどう,右,1
とうさん,右,1
けんどう,足,1
とうさん,足,1
けんどう,一郎,1
とうさん,一郎,1
けんどう,井上,1
とうさん,井上,1
けんどう,とうさん,1
あいて,おとな,1
あいて,ばい,1
あいて,三,1
あいて,きょじん,1
とり,赤んぼう,1
とり,足,1
赤んぼう,足,1
あたり,音,1
あたり,とき,1
とき,音,1
ほど,目,1
ほど,やみ,1
ちか,目,1
てんじょう,目,1
室,目,1
じかけ,てんじょう,1
てんじょう,両方,1
じかけ,両方,1
上,青空,1
あたり,光,1
あたり,たいよう,1
せいどう,ちゅう,1
じん,ちゅう,1
からだ,空,1
ちゅう,空,1
からだ,ちゅう,1
まま,井上,1
まま,足,1
おとな,てんじょう,1
てんじょう,ばい,1
じん,てんじょう,1
せい,てんじょう,1
てんじょう,空,1
てんじょう,三,1
てんじょう,とちゅう,1
おとな,室,1
おとな,せい,1
おとな,空,1
おとな,方,1
おとな,ちか,1
おとな,とちゅう,1
ばい,室,1
せい,ばい,1
ばい,空,1
ばい,方,1
ちか,ばい,1
とちゅう,ばい,1
じん,とちゅう,1
せい,室,1
室,空,1
室,方,1
とちゅう,室,1
せい,とちゅう,1
三,空,1
ちか,空,1
とちゅう,空,1
ちか,方,1
とちゅう,方,1
とちゅう,三,1
ちか,とちゅう,1
じん,一郎,1
空,足,1
一郎,空,1
井上,空,1
おうい,井上,1
おうい,手,1
下,大声,1
大声,小林,1
ゆか,手,1
室,手,1
手,足,1
ちか,手,1
ゆか,足,1
ゆか,井上,1
ゆか,三,1
室,足,1
三,足,1
三,井上,1
かお,しりもち,1
しりもち,コンクリート,1
かお,コンクリート,1
かお,ゆか,1
てんじょう,ひも,1
てんじょう,下,1
てんじょう,シャツ,1
おなか,てんじょう,1
きぬ,てんじょう,1
てんじょう,はし,1
てんじょう,ばしご,1
てんじょう,一方,1
てんじょう,なわ,1
てんじょう,小林,1
ひも,下,1
ひも,シャツ,1
おなか,ひも,1
はし,ひも,1
ひも,鉄,1
ひも,一方,1
かぎ,ひも,1
シャツ,下,1
おなか,下,1
きぬ,下,1
はし,下,1
ばしご,下,1
一方,下,1
かぎ,下,1
なわ,下,1
おなか,シャツ,1
きぬ,シャツ,1
はし,シャツ,1
シャツ,鉄,1
ばしご,シャツ,1
シャツ,一方,1
かぎ,シャツ,1
なわ,シャツ,1
シャツ,小林,1
おなか,きぬ,1
おなか,はし,1
おなか,鉄,1
おなか,ばしご,1
おなか,一方,1
おなか,かぎ,1
おなか,なわ,1
おなか,小林,1
きぬ,はし,1
きぬ,鉄,1
きぬ,一方,1
かぎ,きぬ,1
はし,鉄,1
はし,ばしご,1
かぎ,はし,1
なわ,はし,1
はし,小林,1
ばしご,鉄,1
一方,鉄,1
なわ,鉄,1
ばしご,一方,1
かぎ,ばしご,1
かぎ,一方,1
なわ,一方,1
一方,小林,1
かぎ,なわ,1
かぎ,小林,1
あと,てんじょう,1
てんじょう,なん度,1
あな,てんじょう,1
てんじょう,ふち,1
あと,なん度,1
あと,かぎ,1
あと,あな,1
あと,ふち,1
かぎ,なん度,1
あな,なん度,1
なん度,ふち,1
あな,かぎ,1
かぎ,ふち,1
あな,ふち,1
しょうねん,ひも,1
たんてい,ひも,1
ひも,一,1
だん,ひも,1
きぬ,しょうねん,1
しょうねん,ばしご,1
しょうねん,なわ,1
しょうねん,一,1
きぬ,たんてい,1
たんてい,一,1
きぬ,一,1
きぬ,だん,1
ばしご,一,1
だん,ばしご,1
なわ,一,1
だん,なわ,1
だん,一,1
むすび,玉,1
三十,玉,1
玉,足,1
ゆび,玉,1
むすび,三十,1
むすび,足,1
むすび,ゆび,1
三十,足,1
ゆび,三十,1
ゆび,足,1
あと,さき,1
さき,ぼく,1
あと,ぼく,1
上,女の子,1
井上,女の子,1
原っぱ,外,1
原っぱ,草,1
あな,原っぱ,1
ぼうぼう,原っぱ,1
外,草,1
あな,外,1
ぼうぼう,外,1
あな,草,1
ぼうぼう,草,1
あな,ぼうぼう,1
すがた,むこう,1
すがた,小林,1
あと,せいどう,1
あと,ガス,1
あと,じん,1
あと,ビニール,1
せいどう,ガス,1
せいどう,ビニール,1
ガス,中,1
ビニール,中,1
下,室,1
べや,下,1
ちか,下,1
あな,べや,1
べや,ゆか,1
べや,室,1
ちか,べや,1
ガス,上,1
じん,上,1
ビニール,上,1
ポンプ,上,1
はかせ,ガス,1
ガス,ポンプ,1
まほう,ガス,1
じん,はかせ,1
じん,ポンプ,1
はかせ,ビニール,1
はかせ,ゆか,1
はかせ,ポンプ,1
あな,はかせ,1
ビニール,ポンプ,1
まほう,ビニール,1
ゆか,ポンプ,1
まほう,ポンプ,1
あな,ポンプ,1
おとな,ガス,1
おとな,しまい,1
おとな,ビニール,1
ばい,ガス,1
しまい,ガス,1
ガス,三,1
きょじん,ガス,1
しまい,ばい,1
ばい,ビニール,1
しまい,じん,1
しまい,ビニール,1
しまい,三,1
きょじん,しまい,1
きょじん,じん,1
ビニール,三,1
きょじん,ビニール,1
せいどう,下,1
せいどう,声,1
せいどう,ゆか,1
せいどう,の,1
せいどう,まほう,1
あな,せいどう,1
もの,声,1
まほう,もの,1
下,声,1
じん,声,1
ゆか,声,1
あな,声,1
の,ゆか,1
下,糸,1
あご,下,1
下,口,1
じん,糸,1
あご,じん,1
あご,の,1
あご,糸,1
口,糸,1
あご,口,1
ガス,下,1
たまご,ガス,1
ガス,一,1
ガス,間,1
おばけ,ガス,1
ガス,前,1
たまご,もの,1
もの,一,1
もの,間,1
おばけ,もの,1
もの,前,1
たまご,下,1
一,下,1
ビニール,下,1
下,間,1
おばけ,下,1
下,前,1
たまご,一,1
あな,たまご,1
じん,たまご,1
たまご,ビニール,1
たまご,ゆか,1
たまご,間,1
おばけ,たまご,1
たまご,前,1
あな,一,1
じん,一,1
ビニール,一,1
ゆか,一,1
一,間,1
おばけ,一,1
一,前,1
あな,間,1
あな,おばけ,1
あな,前,1
じん,間,1
おばけ,じん,1
ビニール,間,1
おばけ,ビニール,1
ビニール,前,1
ゆか,間,1
おばけ,ゆか,1
ゆか,前,1
おばけ,間,1
前,間,1
しかけ,室,1
しかけ,ちか,1
あな,しかけ,1
しかけ,小林,1
じん,すがた,1
すがた,せい,1
すがた,空,1
すがた,方,1
すがた,東,1
せい,東,1
東,風,1
方,風,1
口,風,1
の,原っぱ,1
むこう,原っぱ,1
とき,原っぱ,1
の,むこう,1
とき,むこう,1
あいつ,空,1
口,空,1
いき,井上,1
そば,井上,1
いき,小林,1
いき,そば,1
そば,小林,1
こと,せいどう,1
こと,新聞,1
こと,じん,1
こと,自動車,1
こと,社,1
こと,ところ,1
明智,自動車,1
せいどう,新聞,1
せいどう,でんわ,1
せいどう,自動車,1
せいどう,社,1
せいどう,ところ,1
せいどう,先生,1
じん,新聞,1
新聞,自動車,1
ところ,新聞,1
先生,新聞,1
じん,でんわ,1
でんわ,自動車,1
じん,自動車,1
じん,社,1
じん,ところ,1
じん,先生,1
社,自動車,1
ところ,自動車,1
先生,自動車,1
ところ,社,1
先生,社,1
ところ,先生,1
みかた,空,1
東京,空,1
方,東京,1
東京,町,1
小林,東京,1
町,空,1
小林,空,1
方,町,1
小林,町,1
なに,空,1
もの,夕ぐれ,1
てん,空,1
夕ぐれ,空,1
てん,夕ぐれ,1
ヘリコプター,一,1
しょうねん,みかた,1
みかた,みなさん,1
たんてい,みかた,1
の,みかた,1
みかた,ヘリコプター,1
しょうねん,みなさん,1
たんてい,みなさん,1
の,みなさん,1
みなさん,ヘリコプター,1
たんてい,の,1
の,ヘリコプター,1
まん,原っぱ,1
しょうねん,原っぱ,1
おうえん,原っぱ,1
ヘリコプター,原っぱ,1
原っぱ,風,1
しょうねん,まん,1
おうえん,まん,1
たんてい,まん,1
まん,ヘリコプター,1
ちゃくりく,まん,1
だん,まん,1
まん,風,1
おうえん,しょうねん,1
しょうねん,ちゃくりく,1
しょうねん,風,1
おうえん,たんてい,1
おうえん,ヘリコプター,1
おうえん,ちゃくりく,1
おうえん,だん,1
おうえん,風,1
たんてい,ちゃくりく,1
たんてい,風,1
ちゃくりく,ヘリコプター,1
だん,ヘリコプター,1
だん,ちゃくりく,1
ちゃくりく,風,1
だん,風,1
その方,小林,1
そうじゅう,とびら,1
とびら,明智,1
たんてい,とびら,1
ヘリコプター,室,1
とびら,室,1
とびら,ヘリコプター,1
そうじゅう,ひこうき,1
そうじゅう,めい,1
ひこうき,めい,1
たんてい,ひこうき,1
ひこうき,ヘリコプター,1
たんてい,めい,1
めい,ヘリコプター,1
そうじゅう,でんわ,1
でんわ,自分,1
でんわ,ヘリコプター,1
明智,自分,1
そうじゅう,新聞,1
新聞,自分,1
たんてい,新聞,1
ヘリコプター,新聞,1
小林,新聞,1
そうじゅう,自分,1
そうじゅう,社,1
そうじゅう,小林,1
たんてい,自分,1
ヘリコプター,自分,1
社,自分,1
たんてい,社,1
ヘリコプター,社,1
小林,社,1
こと,まわり,1
こと,室,1
こと,め,1
まわり,明智,1
め,明智,1
ちか,明智,1
たんてい,まわり,1
まわり,室,1
まわり,め,1
ちか,まわり,1
たんてい,め,1
たんてい,ちか,1
さしず,たんてい,1
さしず,明智,1
ぼく,井上,1
ぼく,小林,1
うち,まえ,1
うち,人,1
くん,明智,1
井上,明智,1
くん,たんてい,1
くん,ふた,1
くん,井上,1
くん,ヘリコプター,1
くん,小林,1
ふた,ヘリコプター,1
原っぱ,手,1
りょこう,気持,1
うちゅう,気持,1
せいどう,方,1
せいどう,東,1
ヘリコプター,空,1
ヘリコプター,方,1
ヘリコプター,東,1
空,西,1
夕やけ,西,1
夕やけ,空,1
がた,そうじゅう,1
そうじゅう,サーチ,1
そうじゅう,ライト,1
そうじゅう,とき,1
がた,室,1
がた,サーチ,1
がた,ライト,1
がた,とき,1
サーチ,室,1
ライト,室,1
とき,室,1
とき,サーチ,1
とき,ライト,1
じん,ふく,1
せいどう,ふく,1
ふく,風,1
せいどう,風,1
ほか,力,1
プロペラ,力,1
力,風,1
ほか,プロペラ,1
ほか,風,1
プロペラ,風,1
星,空,1
いなか,星,1
いなか,ちじょう,1
いなか,町,1
いなか,でんとう,1
ちじょう,星,1
星,町,1
でんとう,星,1
ちじょう,町,1
ちじょう,でんとう,1
でんとう,町,1
りょこう,上,1
うちゅう,上,1
上,下,1
上,星,1
りょこう,下,1
りょこう,星,1
うちゅう,下,1
うちゅう,星,1
下,星,1
ライト,小林,1
さけび声,ライト,1
サーチ,小林,1
さけび声,サーチ,1
さけび声,小林,1
もの,光,1
ほど,もの,1
もの,黒,1
光,空,1
ほど,光,1
光,黒,1
ほど,空,1
空,黒,1
ほど,黒,1
その方,ヘリコプター,1
しんろ,その方,1
しんろ,ヘリコプター,1
にんげん,形,1
ライト,光,1
ライト,中,1
中,光,1
サーチ,光,1
サーチ,中,1
あいつ,からだ,1
あいつ,小林,1
あいつ,よこ,1
ドア,右手,1
とき,ドア,1
とき,右手,1
ピストル,明智,1
じょしゅ,ピストル,1
うち,ピストル,1
じょしゅ,たんてい,1
うち,じょしゅ,1
じょしゅ,小林,1
せいどう,そうじゅう,1
じん,そうじゅう,1
そうじゅう,よこ,1
そうじゅう,そくど,1
そくど,明智,1
せいどう,よこ,1
せいどう,そくど,1
たんてい,よこ,1
そくど,たんてい,1
じん,そくど,1
そくど,よこ,1
そくど,ヘリコプター,1
ピストル,手,1
はっしゃ,ピストル,1
じん,ピストル,1
からだ,ピストル,1
とおり,ピストル,1
ドア,ピストル,1
すきま,ピストル,1
はっしゃ,手,1
からだ,手,1
とおり,手,1
すきま,手,1
じん,はっしゃ,1
からだ,はっしゃ,1
とおり,はっしゃ,1
はっしゃ,ドア,1
はっしゃ,小林,1
すきま,はっしゃ,1
じん,とおり,1
じん,ドア,1
じん,小林,1
じん,すきま,1
からだ,とおり,1
からだ,ドア,1
からだ,すきま,1
とおり,ドア,1
すきま,とおり,1
ドア,小林,1
すきま,ドア,1
すきま,小林,1
じん,目の前,1
めいちゅう,ピストル,1
たま,ピストル,1
たま,めいちゅう,1
はつ,二,1
はつ,三,1
たび,ふうせん,1
じん,たび,1
あいつ,ヘリコプター,1
あいつ,こんど,1
こんど,ヘリコプター,1
前,明智,1
ヘリコプター,前,1
たおし,ヘリコプター,1
じん,たおし,1
たおし,よこ,1
たんてい,下,1
ヘリコプター,下,1
サーチ,下,1
ばしょ,下,1
ライト,下,1
たんてい,サーチ,1
たんてい,ばしょ,1
たんてい,ライト,1
サーチ,ヘリコプター,1
ばしょ,ヘリコプター,1
ヘリコプター,ライト,1
ばしょ,サーチ,1
ばしょ,ライト,1
ちゃくりく,畑,1
ちゃくりく,中,1
ちゃくりく,暗,1
中,畑,1
暗,畑,1
中,暗,1
ヘリコプター,三,1
でんとう,下,1
かいちゅう,下,1
きたい,下,1
きたい,でんとう,1
かいちゅう,きたい,1
ふうせん,ガス,1
ふうせん,ビニール,1
上,中,1
上,口,1
でんわ,日,1
日,明智,1
しょ,ところ,1
しょ,日,1
たんてい,ところ,1
たんてい,日,1
ところ,小林,1
小林,日,1
きみ,勝ち,1
きみ,もの,1
もの,ルビー,1
きみ,ルビー,1
ため,ゆうき,1
じゅわき,明智,1
じゅわき,よこ,1
じゅわき,先生,1
じゅわき,小林,1
よこ,先生,1
先生,小林,1
