表層形,品詞,品詞細分類(1),品詞細分類(2),品詞細分類(3),活用型,活用形,原形,読み,発音,カテゴリー,章番号,文番号
木々高太郎,名詞,固有名詞,人名,一般,*,*,木々高太郎,キギタカタロウ,キギタカタロー,< 章なし >,0,0
君,名詞,接尾,人名,*,*,*,君,クン,クン,< 章なし >,0,0
の,助詞,連体化,*,*,*,*,の,ノ,ノ,< 章なし >,0,0
「,記号,括弧開,*,*,*,*,「,「,「,< 章なし >,0,0
新泉,名詞,固有名詞,地域,一般,*,*,新泉,ニイノミ,ニーノミ,< 章なし >,0,0
録,名詞,接尾,一般,*,*,*,録,ロク,ロク,< 章なし >,0,0
」,記号,括弧閉,*,*,*,*,」,」,」,< 章なし >,0,0
に,助詞,格助詞,一般,*,*,*,に,ニ,ニ,< 章なし >,0,0
對,名詞,一般,*,*,*,*,*,*,*,< 章なし >,0,0
し,動詞,自立,*,*,サ変・スル,連用形,する,シ,シ,< 章なし >,0,0
成,名詞,固有名詞,地域,一般,*,*,成,ナル,ナル,< 章なし >,0,0
可,名詞,接尾,一般,*,*,*,可,カ,カ,< 章なし >,0,0
く,動詞,非自立,*,*,五段・カ行促音便,基本形,く,ク,ク,< 章なし >,0,0
無遠慮,名詞,形容動詞語幹,*,*,*,*,無遠慮,ブエンリョ,ブエンリョ,< 章なし >,0,0
な,助動詞,*,*,*,特殊・ダ,体言接続,だ,ナ,ナ,< 章なし >,0,0
感想,名詞,一般,*,*,*,*,感想,カンソウ,カンソー,< 章なし >,0,0
を,助詞,格助詞,一般,*,*,*,を,ヲ,ヲ,< 章なし >,0,0
書け,動詞,自立,*,*,一段,連用形,書ける,カケ,カケ,< 章なし >,0,0
とい,動詞,非自立,*,*,五段・カ行イ音便,連用タ接続,とく,トイ,トイ,< 章なし >,0,0
つ,助動詞,*,*,*,下二・タ行,基本形,つ,ツ,ツ,< 章なし >,0,0
て,助詞,接続助詞,*,*,*,*,て,テ,テ,< 章なし >,0,0
雜誌,名詞,一般,*,*,*,*,*,*,*,< 章なし >,0,0
ロック,名詞,サ変接続,*,*,*,*,ロック,ロック,ロック,< 章なし >,0,0
の,助詞,連体化,*,*,*,*,の,ノ,ノ,< 章なし >,0,0
山崎,名詞,固有名詞,人名,姓,*,*,山崎,ヤマザキ,ヤマザキ,< 章なし >,0,0
君,名詞,接尾,人名,*,*,*,君,クン,クン,< 章なし >,0,0
が,助詞,格助詞,一般,*,*,*,が,ガ,ガ,< 章なし >,0,0
新泉,名詞,固有名詞,地域,一般,*,*,新泉,ニイノミ,ニーノミ,< 章なし >,0,0
録,名詞,接尾,一般,*,*,*,録,ロク,ロク,< 章なし >,0,0
の,助詞,連体化,*,*,*,*,の,ノ,ノ,< 章なし >,0,0
原稿,名詞,一般,*,*,*,*,原稿,ゲンコウ,ゲンコー,< 章なし >,0,0
を,助詞,格助詞,一般,*,*,*,を,ヲ,ヲ,< 章なし >,0,0
見せ,動詞,自立,*,*,一段,連用形,見せる,ミセ,ミセ,< 章なし >,0,0
て,助詞,接続助詞,*,*,*,*,て,テ,テ,< 章なし >,0,0
くれ,動詞,非自立,*,*,一段・クレル,連用形,くれる,クレ,クレ,< 章なし >,0,0
た,助動詞,*,*,*,特殊・タ,基本形,た,タ,タ,< 章なし >,0,0
。,記号,句点,*,*,*,*,。,。,。,< 章なし >,0,0
山崎,名詞,固有名詞,人名,姓,*,*,山崎,ヤマザキ,ヤマザキ,< 章なし >,0,1
君,名詞,接尾,人名,*,*,*,君,クン,クン,< 章なし >,0,1
の,助詞,連体化,*,*,*,*,の,ノ,ノ,< 章なし >,0,1
内心,名詞,一般,*,*,*,*,内心,ナイシン,ナイシン,< 章なし >,0,1
は,助詞,係助詞,*,*,*,*,は,ハ,ワ,< 章なし >,0,1
私達,名詞,固有名詞,一般,*,*,*,私達,ワタシタチ,ワタシタチ,< 章なし >,0,1
の,助詞,連体化,*,*,*,*,の,ノ,ノ,< 章なし >,0,1
間,名詞,一般,*,*,*,*,間,マ,マ,< 章なし >,0,1
に,助詞,格助詞,一般,*,*,*,に,ニ,ニ,< 章なし >,0,1
活溌,名詞,形容動詞語幹,*,*,*,*,活溌,カッパツ,カッパツ,< 章なし >,0,1
な,助動詞,*,*,*,特殊・ダ,体言接続,だ,ナ,ナ,< 章なし >,0,1
論,名詞,一般,*,*,*,*,論,ロン,ロン,< 章なし >,0,1
爭,名詞,一般,*,*,*,*,*,*,*,< 章なし >,0,1
を,助詞,格助詞,一般,*,*,*,を,ヲ,ヲ,< 章なし >,0,1
期待,名詞,サ変接続,*,*,*,*,期待,キタイ,キタイ,< 章なし >,0,1
し,動詞,自立,*,*,サ変・スル,連用形,する,シ,シ,< 章なし >,0,1
て,助詞,接続助詞,*,*,*,*,て,テ,テ,< 章なし >,0,1
ゐる,動詞,自立,*,*,一段,基本形,ゐる,ヰル,イル,< 章なし >,0,1
模,名詞,一般,*,*,*,*,模,カタギ,カタギ,< 章なし >,0,1
樣,名詞,一般,*,*,*,*,*,*,*,< 章なし >,0,1
で,助詞,格助詞,一般,*,*,*,で,デ,デ,< 章なし >,0,1
あつ,形容詞,自立,*,*,形容詞・アウオ段,ガル接続,あつい,アツ,アツ,< 章なし >,0,1
た,助動詞,*,*,*,特殊・タ,基本形,た,タ,タ,< 章なし >,0,1
が,助詞,接続助詞,*,*,*,*,が,ガ,ガ,< 章なし >,0,1
、,記号,読点,*,*,*,*,、,、,、,< 章なし >,0,1
木々,名詞,一般,*,*,*,*,木々,キギ,キギ,< 章なし >,0,1
君,名詞,接尾,人名,*,*,*,君,クン,クン,< 章なし >,0,1
の,助詞,連体化,*,*,*,*,の,ノ,ノ,< 章なし >,0,1
考,名詞,一般,*,*,*,*,考,コウ,コー,< 章なし >,0,1
へ,助詞,格助詞,一般,*,*,*,へ,ヘ,エ,< 章なし >,0,1
と,助詞,格助詞,引用,*,*,*,と,ト,ト,< 章なし >,0,1
私,名詞,代名詞,一般,*,*,*,私,ワタシ,ワタシ,< 章なし >,0,1
の,助詞,連体化,*,*,*,*,の,ノ,ノ,< 章なし >,0,1
考,名詞,一般,*,*,*,*,考,コウ,コー,< 章なし >,0,1
へ,助詞,格助詞,一般,*,*,*,へ,ヘ,エ,< 章なし >,0,1
と,助詞,格助詞,引用,*,*,*,と,ト,ト,< 章なし >,0,1
は,助詞,係助詞,*,*,*,*,は,ハ,ワ,< 章なし >,0,1
故,接頭詞,名詞接続,*,*,*,*,故,コ,コ,< 章なし >,0,1
甲賀三郎,名詞,固有名詞,人名,一般,*,*,甲賀三郎,コウガサブロウ,コーガサブロー,< 章なし >,0,1
君,名詞,接尾,人名,*,*,*,君,クン,クン,< 章なし >,0,1
と,助詞,格助詞,一般,*,*,*,と,ト,ト,< 章なし >,0,1
木々,名詞,一般,*,*,*,*,木々,キギ,キギ,< 章なし >,0,1
君,名詞,接尾,人名,*,*,*,君,クン,クン,< 章なし >,0,1
と,助詞,並立助詞,*,*,*,*,と,ト,ト,< 章なし >,0,1
程,名詞,副詞可能,*,*,*,*,程,ホド,ホド,< 章なし >,0,1
は,助詞,係助詞,*,*,*,*,は,ハ,ワ,< 章なし >,0,1
相違,名詞,サ変接続,*,*,*,*,相違,ソウイ,ソーイ,< 章なし >,0,1
し,動詞,自立,*,*,サ変・スル,連用形,する,シ,シ,< 章なし >,0,1
て,助詞,接続助詞,*,*,*,*,て,テ,テ,< 章なし >,0,1
ゐ,動詞,自立,*,*,一段,未然形,ゐる,ヰ,イ,< 章なし >,0,1
ない,助動詞,*,*,*,特殊・ナイ,基本形,ない,ナイ,ナイ,< 章なし >,0,1
ので,助詞,接続助詞,*,*,*,*,ので,ノデ,ノデ,< 章なし >,0,1
、,記号,読点,*,*,*,*,、,、,、,< 章なし >,0,1
論,名詞,一般,*,*,*,*,論,ロン,ロン,< 章なし >,0,1
爭,名詞,一般,*,*,*,*,*,*,*,< 章なし >,0,1
に,助詞,格助詞,一般,*,*,*,に,ニ,ニ,< 章なし >,0,1
は,助詞,係助詞,*,*,*,*,は,ハ,ワ,< 章なし >,0,1
なら,動詞,非自立,*,*,五段・ラ行,未然形,なる,ナラ,ナラ,< 章なし >,0,1
ない,助動詞,*,*,*,特殊・ナイ,基本形,ない,ナイ,ナイ,< 章なし >,0,1
かも,助詞,副助詞,*,*,*,*,かも,カモ,カモ,< 章なし >,0,1
知れ,動詞,自立,*,*,一段,未然形,知れる,シレ,シレ,< 章なし >,0,1
ない,助動詞,*,*,*,特殊・ナイ,基本形,ない,ナイ,ナイ,< 章なし >,0,1
。,記号,句点,*,*,*,*,。,。,。,< 章なし >,0,1
併,名詞,一般,*,*,*,*,*,*,*,< 章なし >,0,2
し,動詞,自立,*,*,サ変・スル,連用形,する,シ,シ,< 章なし >,0,2
多少,副詞,助詞類接続,*,*,*,*,多少,タショウ,タショー,< 章なし >,0,2
意見,名詞,サ変接続,*,*,*,*,意見,イケン,イケン,< 章なし >,0,2
の,助詞,連体化,*,*,*,*,の,ノ,ノ,< 章なし >,0,2
相違,名詞,サ変接続,*,*,*,*,相違,ソウイ,ソーイ,< 章なし >,0,2
が,助詞,格助詞,一般,*,*,*,が,ガ,ガ,< 章なし >,0,2
無い,形容詞,自立,*,*,形容詞・アウオ段,基本形,無い,ナイ,ナイ,< 章なし >,0,2
でも,助詞,副助詞,*,*,*,*,でも,デモ,デモ,< 章なし >,0,2
ない,助動詞,*,*,*,特殊・ナイ,基本形,ない,ナイ,ナイ,< 章なし >,0,2
から,助詞,接続助詞,*,*,*,*,から,カラ,カラ,< 章なし >,0,2
、,記号,読点,*,*,*,*,、,、,、,< 章なし >,0,2
少しく,副詞,一般,*,*,*,*,少しく,スコシク,スコシク,< 章なし >,0,2
私,名詞,代名詞,一般,*,*,*,私,ワタシ,ワタシ,< 章なし >,0,2
の,助詞,連体化,*,*,*,*,の,ノ,ノ,< 章なし >,0,2
感想,名詞,一般,*,*,*,*,感想,カンソウ,カンソー,< 章なし >,0,2
を,助詞,格助詞,一般,*,*,*,を,ヲ,ヲ,< 章なし >,0,2
書い,動詞,自立,*,*,五段・カ行イ音便,連用タ接続,書く,カイ,カイ,< 章なし >,0,2
て,助詞,接続助詞,*,*,*,*,て,テ,テ,< 章なし >,0,2
見よ,動詞,自立,*,*,一段,未然ウ接続,見る,ミヨ,ミヨ,< 章なし >,0,2
う,助動詞,*,*,*,不変化型,基本形,う,ウ,ウ,< 章なし >,0,2
と,助詞,格助詞,引用,*,*,*,と,ト,ト,< 章なし >,0,2
思ふ,動詞,自立,*,*,四段・ハ行,基本形,思ふ,オモフ,オモウ,< 章なし >,0,2
。,記号,句点,*,*,*,*,。,。,。,< 章なし >,0,2
最も,副詞,一般,*,*,*,*,最も,モットモ,モットモ,< 章なし >,0,3
直截,名詞,形容動詞語幹,*,*,*,*,直截,チョクセツ,チョクセツ,< 章なし >,0,3
に,助詞,副詞化,*,*,*,*,に,ニ,ニ,< 章なし >,0,3
云,名詞,一般,*,*,*,*,云,ウン,ウン,< 章なし >,0,3
ふと,副詞,一般,*,*,*,*,ふと,フト,フト,< 章なし >,0,3
木々,名詞,一般,*,*,*,*,木々,キギ,キギ,< 章なし >,0,3
説,名詞,接尾,一般,*,*,*,説,セツ,セツ,< 章なし >,0,3
は,助詞,係助詞,*,*,*,*,は,ハ,ワ,< 章なし >,0,3
探偵小説,名詞,固有名詞,一般,*,*,*,探偵小説,タンテイショウセツ,タンテイショーセツ,< 章なし >,0,3
本,接頭詞,名詞接続,*,*,*,*,本,ホン,ホン,< 章なし >,0,3
來,名詞,固有名詞,人名,姓,*,*,來,ライ,ライ,< 章なし >,0,3
の,助詞,連体化,*,*,*,*,の,ノ,ノ,< 章なし >,0,3
もの,名詞,非自立,一般,*,*,*,もの,モノ,モノ,< 章なし >,0,3
即ち,名詞,一般,*,*,*,*,即値,ソクチ,ソクチ,< 章なし >,0,3
謎,名詞,一般,*,*,*,*,謎,ナゾ,ナゾ,< 章なし >,0,3
や,助詞,並立助詞,*,*,*,*,や,ヤ,ヤ,< 章なし >,0,3
論理,名詞,一般,*,*,*,*,論理,ロンリ,ロンリ,< 章なし >,0,3
の,助詞,連体化,*,*,*,*,の,ノ,ノ,< 章なし >,0,3
興味,名詞,一般,*,*,*,*,興味,キョウミ,キョーミ,< 章なし >,0,3
が,助詞,格助詞,一般,*,*,*,が,ガ,ガ,< 章なし >,0,3
如何,名詞,形容動詞語幹,*,*,*,*,如何,イカガ,イカガ,< 章なし >,0,3
に,助詞,副詞化,*,*,*,*,に,ニ,ニ,< 章なし >,0,3
優れて,副詞,一般,*,*,*,*,優れて,スグレテ,スグレテ,< 章なし >,0,3
ゐ,動詞,自立,*,*,一段,連用形,ゐる,ヰ,イ,< 章なし >,0,3
て,助詞,接続助詞,*,*,*,*,て,テ,テ,< 章なし >,0,3
も,助詞,係助詞,*,*,*,*,も,モ,モ,< 章なし >,0,3
、,記号,読点,*,*,*,*,、,、,、,< 章なし >,0,3
獨創,名詞,一般,*,*,*,*,*,*,*,< 章なし >,0,3
が,助詞,格助詞,一般,*,*,*,が,ガ,ガ,< 章なし >,0,3
あ,フィラー,*,*,*,*,*,あ,ア,ア,< 章なし >,0,3
つて,名詞,一般,*,*,*,*,つて,ツテ,ツテ,< 章なし >,0,3
も,助詞,係助詞,*,*,*,*,も,モ,モ,< 章なし >,0,3
、,記号,読点,*,*,*,*,、,、,、,< 章なし >,0,3
それ,名詞,代名詞,一般,*,*,*,それ,ソレ,ソレ,< 章なし >,0,3
が,助詞,格助詞,一般,*,*,*,が,ガ,ガ,< 章なし >,0,3
文學,名詞,一般,*,*,*,*,文學,ブンガク,ブンガク,< 章なし >,0,3
で,助動詞,*,*,*,特殊・ダ,連用形,だ,デ,デ,< 章なし >,0,3
なけれ,助動詞,*,*,*,特殊・ナイ,仮定形,ない,ナケレ,ナケレ,< 章なし >,0,3
ば,助詞,接続助詞,*,*,*,*,ば,バ,バ,< 章なし >,0,3
意味,名詞,サ変接続,*,*,*,*,意味,イミ,イミ,< 章なし >,0,3
が,助詞,格助詞,一般,*,*,*,が,ガ,ガ,< 章なし >,0,3
ない,形容詞,自立,*,*,形容詞・アウオ段,基本形,ない,ナイ,ナイ,< 章なし >,0,3
といふ,助詞,格助詞,連語,*,*,*,といふ,トイフ,トユウ,< 章なし >,0,3
の,名詞,非自立,一般,*,*,*,の,ノ,ノ,< 章なし >,0,3
に,助詞,格助詞,一般,*,*,*,に,ニ,ニ,< 章なし >,0,3
對,名詞,一般,*,*,*,*,*,*,*,< 章なし >,0,3
し,動詞,自立,*,*,サ変・スル,連用形,する,シ,シ,< 章なし >,0,3
、,記号,読点,*,*,*,*,、,、,、,< 章なし >,0,3
私,名詞,代名詞,一般,*,*,*,私,ワタシ,ワタシ,< 章なし >,0,3
の,助詞,連体化,*,*,*,*,の,ノ,ノ,< 章なし >,0,3
考,名詞,一般,*,*,*,*,考,コウ,コー,< 章なし >,0,3
へ,助詞,格助詞,一般,*,*,*,へ,ヘ,エ,< 章なし >,0,3
は,助詞,係助詞,*,*,*,*,は,ハ,ワ,< 章なし >,0,3
、,記号,読点,*,*,*,*,、,、,、,< 章なし >,0,3
無論,副詞,一般,*,*,*,*,無論,ムロン,ムロン,< 章なし >,0,3
文學,名詞,一般,*,*,*,*,文學,ブンガク,ブンガク,< 章なし >,0,3
を,助詞,格助詞,一般,*,*,*,を,ヲ,ヲ,< 章なし >,0,3
排撃,名詞,サ変接続,*,*,*,*,排撃,ハイゲキ,ハイゲキ,< 章なし >,0,3
する,動詞,自立,*,*,サ変・スル,基本形,する,スル,スル,< 章なし >,0,3
もの,名詞,非自立,一般,*,*,*,もの,モノ,モノ,< 章なし >,0,3
で,助動詞,*,*,*,特殊・ダ,連用形,だ,デ,デ,< 章なし >,0,3
は,助詞,係助詞,*,*,*,*,は,ハ,ワ,< 章なし >,0,3
ない,形容詞,自立,*,*,形容詞・アウオ段,基本形,ない,ナイ,ナイ,< 章なし >,0,3
が,助詞,接続助詞,*,*,*,*,が,ガ,ガ,< 章なし >,0,3
、,記号,読点,*,*,*,*,、,、,、,< 章なし >,0,3
如何,名詞,形容動詞語幹,*,*,*,*,如何,イカガ,イカガ,< 章なし >,0,3
に,助詞,副詞化,*,*,*,*,に,ニ,ニ,< 章なし >,0,3
文學,名詞,一般,*,*,*,*,文學,ブンガク,ブンガク,< 章なし >,0,3
として,助詞,格助詞,連語,*,*,*,として,トシテ,トシテ,< 章なし >,0,3
優れて,副詞,一般,*,*,*,*,優れて,スグレテ,スグレテ,< 章なし >,0,3
ゐ,動詞,自立,*,*,一段,連用形,ゐる,ヰ,イ,< 章なし >,0,3
て,助詞,接続助詞,*,*,*,*,て,テ,テ,< 章なし >,0,3
も,助詞,係助詞,*,*,*,*,も,モ,モ,< 章なし >,0,3
、,記号,読点,*,*,*,*,、,、,、,< 章なし >,0,3
謎,名詞,一般,*,*,*,*,謎,ナゾ,ナゾ,< 章なし >,0,3
と,助詞,並立助詞,*,*,*,*,と,ト,ト,< 章なし >,0,3
論理,名詞,一般,*,*,*,*,論理,ロンリ,ロンリ,< 章なし >,0,3
の,助詞,連体化,*,*,*,*,の,ノ,ノ,< 章なし >,0,3
興味,名詞,一般,*,*,*,*,興味,キョウミ,キョーミ,< 章なし >,0,3
に,助詞,格助詞,一般,*,*,*,に,ニ,ニ,< 章なし >,0,3
於,名詞,一般,*,*,*,*,*,*,*,< 章なし >,0,3
て,助詞,格助詞,連語,*,*,*,て,テ,テ,< 章なし >,0,3
水準,名詞,一般,*,*,*,*,水準,スイジュン,スイジュン,< 章なし >,0,3
を,助詞,格助詞,一般,*,*,*,を,ヲ,ヲ,< 章なし >,0,3
拔,名詞,一般,*,*,*,*,*,*,*,< 章なし >,0,3
い,動詞,自立,*,*,一段,連用形,いる,イ,イ,< 章なし >,0,3
て,助詞,接続助詞,*,*,*,*,て,テ,テ,< 章なし >,0,3
ゐ,動詞,自立,*,*,一段,未然形,ゐる,ヰ,イ,< 章なし >,0,3
なけれ,助動詞,*,*,*,特殊・ナイ,仮定形,ない,ナケレ,ナケレ,< 章なし >,0,3
ば,助詞,接続助詞,*,*,*,*,ば,バ,バ,< 章なし >,0,3
、,記号,読点,*,*,*,*,、,、,、,< 章なし >,0,3
探偵小説,名詞,固有名詞,一般,*,*,*,探偵小説,タンテイショウセツ,タンテイショーセツ,< 章なし >,0,3
として,助詞,格助詞,連語,*,*,*,として,トシテ,トシテ,< 章なし >,0,3
は,助詞,係助詞,*,*,*,*,は,ハ,ワ,< 章なし >,0,3
つまらない,形容詞,自立,*,*,形容詞・アウオ段,基本形,つまらない,ツマラナイ,ツマラナイ,< 章なし >,0,3
と,助詞,格助詞,引用,*,*,*,と,ト,ト,< 章なし >,0,3
いふ,動詞,自立,*,*,四段・ハ行,基本形,いふ,イフ,イウ,< 章なし >,0,3
ので,助詞,接続助詞,*,*,*,*,ので,ノデ,ノデ,< 章なし >,0,3
あ,フィラー,*,*,*,*,*,あ,ア,ア,< 章なし >,0,3
つて,名詞,一般,*,*,*,*,つて,ツテ,ツテ,< 章なし >,0,3
、,記号,読点,*,*,*,*,、,、,、,< 章なし >,0,3
同じ,連体詞,*,*,*,*,*,同じ,オナジ,オナジ,< 章なし >,0,3
こと,名詞,非自立,一般,*,*,*,こと,コト,コト,< 章なし >,0,3
を,助詞,格助詞,一般,*,*,*,を,ヲ,ヲ,< 章なし >,0,3
違,名詞,固有名詞,人名,姓,*,*,違,チガイ,チガイ,< 章なし >,0,3
つた,名詞,固有名詞,人名,名,*,*,つた,ツタ,ツタ,< 章なし >,0,3
角度,名詞,一般,*,*,*,*,角度,カクド,カクド,< 章なし >,0,3
から,助詞,格助詞,一般,*,*,*,から,カラ,カラ,< 章なし >,0,3
云,名詞,一般,*,*,*,*,云,ウン,ウン,< 章なし >,0,3
つて,名詞,一般,*,*,*,*,つて,ツテ,ツテ,< 章なし >,0,3
ゐる,動詞,自立,*,*,一段,基本形,ゐる,ヰル,イル,< 章なし >,0,3
やう,名詞,非自立,助動詞語幹,*,*,*,やう,ヤウ,ヨー,< 章なし >,0,3
に,助詞,格助詞,一般,*,*,*,に,ニ,ニ,< 章なし >,0,3
も,助詞,係助詞,*,*,*,*,も,モ,モ,< 章なし >,0,3
見える,動詞,自立,*,*,一段,基本形,見える,ミエル,ミエル,< 章なし >,0,3
けれど,助詞,接続助詞,*,*,*,*,けれど,ケレド,ケレド,< 章なし >,0,3
、,記号,読点,*,*,*,*,、,、,、,< 章なし >,0,3
文學,名詞,一般,*,*,*,*,文學,ブンガク,ブンガク,< 章なし >,0,3
と,助詞,格助詞,一般,*,*,*,と,ト,ト,< 章なし >,0,3
探偵,名詞,サ変接続,*,*,*,*,探偵,タンテイ,タンテイ,< 章なし >,0,3
興味,名詞,一般,*,*,*,*,興味,キョウミ,キョーミ,< 章なし >,0,3
と,助詞,並立助詞,*,*,*,*,と,ト,ト,< 章なし >,0,3
が,助詞,格助詞,一般,*,*,*,が,ガ,ガ,< 章なし >,0,3
兩者,名詞,一般,*,*,*,*,*,*,*,< 章なし >,0,3
の,助詞,連体化,*,*,*,*,の,ノ,ノ,< 章なし >,0,3
最高,名詞,一般,*,*,*,*,最高,サイコウ,サイコー,< 章なし >,0,3
に,助詞,格助詞,一般,*,*,*,に,ニ,ニ,< 章なし >,0,3
於,名詞,一般,*,*,*,*,*,*,*,< 章なし >,0,3
て,助詞,格助詞,連語,*,*,*,て,テ,テ,< 章なし >,0,3
渾然,名詞,一般,*,*,*,*,渾然,コンゼン,コンゼン,< 章なし >,0,3
として,助詞,格助詞,連語,*,*,*,として,トシテ,トシテ,< 章なし >,0,3
一,名詞,数,*,*,*,*,一,イチ,イチ,< 章なし >,0,3
體,名詞,一般,*,*,*,*,*,*,*,< 章なし >,0,3
と,助詞,格助詞,一般,*,*,*,と,ト,ト,< 章なし >,0,3
なる,動詞,自立,*,*,五段・ラ行,基本形,なる,ナル,ナル,< 章なし >,0,3
こと,名詞,非自立,一般,*,*,*,こと,コト,コト,< 章なし >,0,3
が,助詞,格助詞,一般,*,*,*,が,ガ,ガ,< 章なし >,0,3
至難,名詞,一般,*,*,*,*,至難,シナン,シナン,< 章なし >,0,3
の,助詞,連体化,*,*,*,*,の,ノ,ノ,< 章なし >,0,3
道,名詞,一般,*,*,*,*,道,ミチ,ミチ,< 章なし >,0,3
で,助動詞,*,*,*,特殊・ダ,連用形,だ,デ,デ,< 章なし >,0,3
ある,助動詞,*,*,*,五段・ラ行アル,基本形,ある,アル,アル,< 章なし >,0,3
が,助詞,接続助詞,*,*,*,*,が,ガ,ガ,< 章なし >,0,3
故に,接続詞,*,*,*,*,*,故に,ユエニ,ユエニ,< 章なし >,0,3
、,記号,読点,*,*,*,*,、,、,、,< 章なし >,0,3
現,接頭詞,名詞接続,*,*,*,*,現,ゲン,ゲン,< 章なし >,0,3
實,名詞,固有名詞,人名,名,*,*,實,ミノル,ミノル,< 章なし >,0,3
の,助詞,連体化,*,*,*,*,の,ノ,ノ,< 章なし >,0,3
問題,名詞,ナイ形容詞語幹,*,*,*,*,問題,モンダイ,モンダイ,< 章なし >,0,3
として,助詞,格助詞,連語,*,*,*,として,トシテ,トシテ,< 章なし >,0,3
は,助詞,係助詞,*,*,*,*,は,ハ,ワ,< 章なし >,0,3
、,記号,読点,*,*,*,*,、,、,、,< 章なし >,0,3
兩者,名詞,一般,*,*,*,*,*,*,*,< 章なし >,0,3
の,助詞,連体化,*,*,*,*,の,ノ,ノ,< 章なし >,0,3
考,名詞,一般,*,*,*,*,考,コウ,コー,< 章なし >,0,3
へ,助詞,格助詞,一般,*,*,*,へ,ヘ,エ,< 章なし >,0,3
に,助詞,格助詞,一般,*,*,*,に,ニ,ニ,< 章なし >,0,3
相,接頭詞,動詞接続,*,*,*,*,相,アイ,アイ,< 章なし >,0,3
當,名詞,固有名詞,人名,姓,*,*,當,アタリ,アタリ,< 章なし >,0,3
の,助詞,連体化,*,*,*,*,の,ノ,ノ,< 章なし >,0,3
距離,名詞,一般,*,*,*,*,距離,キョリ,キョリ,< 章なし >,0,3
を,助詞,格助詞,一般,*,*,*,を,ヲ,ヲ,< 章なし >,0,3
生じ,動詞,自立,*,*,一段,連用形,生じる,ショウジ,ショージ,< 章なし >,0,3
て,助詞,接続助詞,*,*,*,*,て,テ,テ,< 章なし >,0,3
來,名詞,固有名詞,人名,姓,*,*,來,ライ,ライ,< 章なし >,0,3
る,助動詞,*,*,*,文語・リ,体言接続,り,ル,ル,< 章なし >,0,3
の,名詞,非自立,一般,*,*,*,の,ノ,ノ,< 章なし >,0,3
で,助動詞,*,*,*,特殊・ダ,連用形,だ,デ,デ,< 章なし >,0,3
ある,助動詞,*,*,*,五段・ラ行アル,基本形,ある,アル,アル,< 章なし >,0,3
。,記号,句点,*,*,*,*,。,。,。,< 章なし >,0,3
木々,名詞,一般,*,*,*,*,木々,キギ,キギ,< 章なし >,0,4
君,名詞,接尾,人名,*,*,*,君,クン,クン,< 章なし >,0,4
は,助詞,係助詞,*,*,*,*,は,ハ,ワ,< 章なし >,0,4
文學,名詞,一般,*,*,*,*,文學,ブンガク,ブンガク,< 章なし >,0,4
第,接頭詞,数接続,*,*,*,*,第,ダイ,ダイ,< 章なし >,0,4
一,名詞,数,*,*,*,*,一,イチ,イチ,< 章なし >,0,4
主義,名詞,一般,*,*,*,*,主義,シュギ,シュギ,< 章なし >,0,4
、,記号,読点,*,*,*,*,、,、,、,< 章なし >,0,4
私,名詞,代名詞,一般,*,*,*,私,ワタシ,ワタシ,< 章なし >,0,4
は,助詞,係助詞,*,*,*,*,は,ハ,ワ,< 章なし >,0,4
探偵小説,名詞,固有名詞,一般,*,*,*,探偵小説,タンテイショウセツ,タンテイショーセツ,< 章なし >,0,4
第,接頭詞,数接続,*,*,*,*,第,ダイ,ダイ,< 章なし >,0,4
一,名詞,数,*,*,*,*,一,イチ,イチ,< 章なし >,0,4
主義,名詞,一般,*,*,*,*,主義,シュギ,シュギ,< 章なし >,0,4
、,記号,読点,*,*,*,*,、,、,、,< 章なし >,0,4
これ,名詞,代名詞,一般,*,*,*,これ,コレ,コレ,< 章なし >,0,4
が,助詞,格助詞,一般,*,*,*,が,ガ,ガ,< 章なし >,0,4
渾然,名詞,一般,*,*,*,*,渾然,コンゼン,コンゼン,< 章なし >,0,4
一,名詞,数,*,*,*,*,一,イチ,イチ,< 章なし >,0,4
體,名詞,一般,*,*,*,*,*,*,*,< 章なし >,0,4
化,名詞,接尾,サ変接続,*,*,*,化,カ,カ,< 章なし >,0,4
する,動詞,自立,*,*,サ変・スル,基本形,する,スル,スル,< 章なし >,0,4
の,名詞,非自立,一般,*,*,*,の,ノ,ノ,< 章なし >,0,4
が,助詞,格助詞,一般,*,*,*,が,ガ,ガ,< 章なし >,0,4
理想,名詞,一般,*,*,*,*,理想,リソウ,リソー,< 章なし >,0,4
で,助動詞,*,*,*,特殊・ダ,連用形,だ,デ,デ,< 章なし >,0,4
ある,助動詞,*,*,*,五段・ラ行アル,基本形,ある,アル,アル,< 章なし >,0,4
が,助詞,接続助詞,*,*,*,*,が,ガ,ガ,< 章なし >,0,4
、,記号,読点,*,*,*,*,、,、,、,< 章なし >,0,4
その,連体詞,*,*,*,*,*,その,ソノ,ソノ,< 章なし >,0,4
理想,名詞,一般,*,*,*,*,理想,リソウ,リソー,< 章なし >,0,4
實,名詞,固有名詞,人名,名,*,*,實,ミノル,ミノル,< 章なし >,0,4
現,名詞,一般,*,*,*,*,現,ゲン,ゲン,< 章なし >,0,4
が,助詞,格助詞,一般,*,*,*,が,ガ,ガ,< 章なし >,0,4
殆,副詞,一般,*,*,*,*,殆,ホトホト,ホトホト,< 章なし >,0,4
ん,助動詞,*,*,*,不変化型,基本形,ん,ン,ン,< 章なし >,0,4
ど,助詞,接続助詞,*,*,*,*,ど,ド,ド,< 章なし >,0,4
不可能,名詞,形容動詞語幹,*,*,*,*,不可能,フカノウ,フカノー,< 章なし >,0,4
に,助詞,副詞化,*,*,*,*,に,ニ,ニ,< 章なし >,0,4
近い,形容詞,自立,*,*,形容詞・アウオ段,基本形,近い,チカイ,チカイ,< 章なし >,0,4
ほど,助詞,副助詞,*,*,*,*,ほど,ホド,ホド,< 章なし >,0,4
困難,名詞,形容動詞語幹,*,*,*,*,困難,コンナン,コンナン,< 章なし >,0,4
な,助動詞,*,*,*,特殊・ダ,体言接続,だ,ナ,ナ,< 章なし >,0,4
ところ,名詞,非自立,副詞可能,*,*,*,ところ,トコロ,トコロ,< 章なし >,0,4
に,助詞,格助詞,一般,*,*,*,に,ニ,ニ,< 章なし >,0,4
問題,名詞,ナイ形容詞語幹,*,*,*,*,問題,モンダイ,モンダイ,< 章なし >,0,4
が,助詞,格助詞,一般,*,*,*,が,ガ,ガ,< 章なし >,0,4
生ずる,動詞,自立,*,*,サ変・−ズル,基本形,生ずる,ショウズル,ショーズル,< 章なし >,0,4
の,名詞,非自立,一般,*,*,*,の,ノ,ノ,< 章なし >,0,4
で,助動詞,*,*,*,特殊・ダ,連用形,だ,デ,デ,< 章なし >,0,4
ある,助動詞,*,*,*,五段・ラ行アル,基本形,ある,アル,アル,< 章なし >,0,4
。,記号,句点,*,*,*,*,。,。,。,< 章なし >,0,4
私,名詞,代名詞,一般,*,*,*,私,ワタシ,ワタシ,< 章なし >,0,5
は,助詞,係助詞,*,*,*,*,は,ハ,ワ,< 章なし >,0,5
以前,名詞,副詞可能,*,*,*,*,以前,イゼン,イゼン,< 章なし >,0,5
から,助詞,格助詞,一般,*,*,*,から,カラ,カラ,< 章なし >,0,5
、,記号,読点,*,*,*,*,、,、,、,< 章なし >,0,5
一つ,名詞,一般,*,*,*,*,一つ,ヒトツ,ヒトツ,< 章なし >,0,5
の,助詞,連体化,*,*,*,*,の,ノ,ノ,< 章なし >,0,5
理想論,名詞,固有名詞,一般,*,*,*,理想論,リソウロン,リソーロン,< 章なし >,0,5
として,助詞,格助詞,連語,*,*,*,として,トシテ,トシテ,< 章なし >,0,5
は,助詞,係助詞,*,*,*,*,は,ハ,ワ,< 章なし >,0,5
、,記号,読点,*,*,*,*,、,、,、,< 章なし >,0,5
心中,名詞,サ変接続,*,*,*,*,心中,シンジュウ,シンジュー,< 章なし >,0,5
ひそか,名詞,形容動詞語幹,*,*,*,*,ひそか,ヒソカ,ヒソカ,< 章なし >,0,5
に,助詞,副詞化,*,*,*,*,に,ニ,ニ,< 章なし >,0,5
その,連体詞,*,*,*,*,*,その,ソノ,ソノ,< 章なし >,0,5
至難,名詞,一般,*,*,*,*,至難,シナン,シナン,< 章なし >,0,5
を,助詞,格助詞,一般,*,*,*,を,ヲ,ヲ,< 章なし >,0,5
危,名詞,一般,*,*,*,*,*,*,*,< 章なし >,0,5
み,動詞,自立,*,*,一段,連用形,みる,ミ,ミ,< 章なし >,0,5
ながら,助詞,接続助詞,*,*,*,*,ながら,ナガラ,ナガラ,< 章なし >,0,5
も,助詞,係助詞,*,*,*,*,も,モ,モ,< 章なし >,0,5
、,記号,読点,*,*,*,*,、,、,、,< 章なし >,0,5
木々,名詞,一般,*,*,*,*,木々,キギ,キギ,< 章なし >,0,5
説,名詞,接尾,一般,*,*,*,説,セツ,セツ,< 章なし >,0,5
に,助詞,格助詞,一般,*,*,*,に,ニ,ニ,< 章なし >,0,5
賛意,名詞,一般,*,*,*,*,賛意,サンイ,サンイ,< 章なし >,0,5
を,助詞,格助詞,一般,*,*,*,を,ヲ,ヲ,< 章なし >,0,5
表し,動詞,自立,*,*,五段・サ行,連用形,表す,アラワシ,アラワシ,< 章なし >,0,5
て,助詞,接続助詞,*,*,*,*,て,テ,テ,< 章なし >,0,5
來,名詞,固有名詞,人名,姓,*,*,來,ライ,ライ,< 章なし >,0,5
た,助動詞,*,*,*,特殊・タ,基本形,た,タ,タ,< 章なし >,0,5
。,記号,句点,*,*,*,*,。,。,。,< 章なし >,0,5
往年,名詞,一般,*,*,*,*,往年,オウネン,オーネン,< 章なし >,0,6
の,助詞,連体化,*,*,*,*,の,ノ,ノ,< 章なし >,0,6
隨筆,名詞,一般,*,*,*,*,*,*,*,< 章なし >,0,6
「,記号,括弧開,*,*,*,*,「,「,「,< 章なし >,0,6
探偵小説,名詞,固有名詞,一般,*,*,*,探偵小説,タンテイショウセツ,タンテイショーセツ,< 章なし >,0,6
の,助詞,連体化,*,*,*,*,の,ノ,ノ,< 章なし >,0,6
意欲,名詞,一般,*,*,*,*,意欲,イヨク,イヨク,< 章なし >,0,6
」,記号,括弧閉,*,*,*,*,」,」,」,< 章なし >,0,6
「,記号,括弧開,*,*,*,*,「,「,「,< 章なし >,0,6
探偵小説,名詞,固有名詞,一般,*,*,*,探偵小説,タンテイショウセツ,タンテイショーセツ,< 章なし >,0,6
と,助詞,並立助詞,*,*,*,*,と,ト,ト,< 章なし >,0,6
科,名詞,一般,*,*,*,*,科,カ,カ,< 章なし >,0,6
學,名詞,固有名詞,人名,名,*,*,學,マナブ,マナブ,< 章なし >,0,6
精神,名詞,一般,*,*,*,*,精神,セイシン,セイシン,< 章なし >,0,6
」,記号,括弧閉,*,*,*,*,」,」,」,< 章なし >,0,6
など,助詞,副助詞,*,*,*,*,など,ナド,ナド,< 章なし >,0,6
は,助詞,係助詞,*,*,*,*,は,ハ,ワ,< 章なし >,0,6
これ,名詞,代名詞,一般,*,*,*,これ,コレ,コレ,< 章なし >,0,6
を,助詞,格助詞,一般,*,*,*,を,ヲ,ヲ,< 章なし >,0,6
語る,動詞,自立,*,*,五段・ラ行,基本形,語る,カタル,カタル,< 章なし >,0,6
もの,名詞,非自立,一般,*,*,*,もの,モノ,モノ,< 章なし >,0,6
で,助動詞,*,*,*,特殊・ダ,連用形,だ,デ,デ,< 章なし >,0,6
ある,助動詞,*,*,*,五段・ラ行アル,基本形,ある,アル,アル,< 章なし >,0,6
。,記号,句点,*,*,*,*,。,。,。,< 章なし >,0,6
私,名詞,代名詞,一般,*,*,*,私,ワタシ,ワタシ,< 章なし >,0,7
は,助詞,係助詞,*,*,*,*,は,ハ,ワ,< 章なし >,0,7
木々,名詞,一般,*,*,*,*,木々,キギ,キギ,< 章なし >,0,7
君,名詞,接尾,人名,*,*,*,君,クン,クン,< 章なし >,0,7
に,助詞,格助詞,一般,*,*,*,に,ニ,ニ,< 章なし >,0,7
劣ら,動詞,自立,*,*,五段・ラ行,未然形,劣る,オトラ,オトラ,< 章なし >,0,7
ず,助動詞,*,*,*,特殊・ヌ,連用ニ接続,ぬ,ズ,ズ,< 章なし >,0,7
文學,名詞,一般,*,*,*,*,文學,ブンガク,ブンガク,< 章なし >,0,7
が,助詞,格助詞,一般,*,*,*,が,ガ,ガ,< 章なし >,0,7
好き,名詞,形容動詞語幹,*,*,*,*,好き,スキ,スキ,< 章なし >,0,7
で,助動詞,*,*,*,特殊・ダ,連用形,だ,デ,デ,< 章なし >,0,7
ある,助動詞,*,*,*,五段・ラ行アル,基本形,ある,アル,アル,< 章なし >,0,7
。,記号,句点,*,*,*,*,。,。,。,< 章なし >,0,7
しかし,接続詞,*,*,*,*,*,しかし,シカシ,シカシ,< 章なし >,0,8
遙か,副詞,一般,*,*,*,*,遙か,ハルカ,ハルカ,< 章なし >,0,8
なる,動詞,自立,*,*,五段・ラ行,基本形,なる,ナル,ナル,< 章なし >,0,8
理想,名詞,一般,*,*,*,*,理想,リソウ,リソー,< 章なし >,0,8
として,助詞,格助詞,連語,*,*,*,として,トシテ,トシテ,< 章なし >,0,8
は,助詞,係助詞,*,*,*,*,は,ハ,ワ,< 章なし >,0,8
探偵小説,名詞,固有名詞,一般,*,*,*,探偵小説,タンテイショウセツ,タンテイショーセツ,< 章なし >,0,8
文學,名詞,一般,*,*,*,*,文學,ブンガク,ブンガク,< 章なし >,0,8
論,名詞,接尾,一般,*,*,*,論,ロン,ロン,< 章なし >,0,8
に,助詞,格助詞,一般,*,*,*,に,ニ,ニ,< 章なし >,0,8
賛意,名詞,一般,*,*,*,*,賛意,サンイ,サンイ,< 章なし >,0,8
を,助詞,格助詞,一般,*,*,*,を,ヲ,ヲ,< 章なし >,0,8
表し,動詞,自立,*,*,五段・サ行,連用形,表す,アラワシ,アラワシ,< 章なし >,0,8
ながら,助詞,接続助詞,*,*,*,*,ながら,ナガラ,ナガラ,< 章なし >,0,8
も,助詞,係助詞,*,*,*,*,も,モ,モ,< 章なし >,0,8
、,記号,読点,*,*,*,*,、,、,、,< 章なし >,0,8
實,名詞,固有名詞,人名,名,*,*,實,ミノル,ミノル,< 章なし >,0,8
際,名詞,非自立,副詞可能,*,*,*,際,サイ,サイ,< 章なし >,0,8
問題,名詞,ナイ形容詞語幹,*,*,*,*,問題,モンダイ,モンダイ,< 章なし >,0,8
として,助詞,格助詞,連語,*,*,*,として,トシテ,トシテ,< 章なし >,0,8
は,助詞,係助詞,*,*,*,*,は,ハ,ワ,< 章なし >,0,8
、,記号,読点,*,*,*,*,、,、,、,< 章なし >,0,8
私,名詞,代名詞,一般,*,*,*,私,ワタシ,ワタシ,< 章なし >,0,8
は,助詞,係助詞,*,*,*,*,は,ハ,ワ,< 章なし >,0,8
一,名詞,数,*,*,*,*,一,イチ,イチ,< 章なし >,0,8
應普,名詞,一般,*,*,*,*,*,*,*,< 章なし >,0,8
通,名詞,接尾,一般,*,*,*,通,ドオリ,ドーリ,< 章なし >,0,8
文學,名詞,一般,*,*,*,*,文學,ブンガク,ブンガク,< 章なし >,0,8
と,助詞,並立助詞,*,*,*,*,と,ト,ト,< 章なし >,0,8
探偵小説,名詞,固有名詞,一般,*,*,*,探偵小説,タンテイショウセツ,タンテイショーセツ,< 章なし >,0,8
と,助詞,格助詞,一般,*,*,*,と,ト,ト,< 章なし >,0,8
を,助詞,格助詞,一般,*,*,*,を,ヲ,ヲ,< 章なし >,0,8
分けて,副詞,一般,*,*,*,*,分けて,ワケテ,ワケテ,< 章なし >,0,8
考へ,動詞,自立,*,*,一段,連用形,考へる,カンガヘ,カンガエ,< 章なし >,0,8
て,助詞,接続助詞,*,*,*,*,て,テ,テ,< 章なし >,0,8
ゐる,動詞,自立,*,*,一段,基本形,ゐる,ヰル,イル,< 章なし >,0,8
。,記号,句点,*,*,*,*,。,。,。,< 章なし >,0,8
人生,名詞,一般,*,*,*,*,人生,ジンセイ,ジンセイ,< 章なし >,0,9
の,助詞,連体化,*,*,*,*,の,ノ,ノ,< 章なし >,0,9
機微,名詞,一般,*,*,*,*,機微,キビ,キビ,< 章なし >,0,9
に,助詞,格助詞,一般,*,*,*,に,ニ,ニ,< 章なし >,0,9
觸,名詞,固有名詞,人名,姓,*,*,觸,フレ,フレ,< 章なし >,0,9
れん,名詞,固有名詞,人名,名,*,*,れん,レン,レン,< 章なし >,0,9
と,助詞,格助詞,一般,*,*,*,と,ト,ト,< 章なし >,0,9
する,動詞,自立,*,*,サ変・スル,基本形,する,スル,スル,< 章なし >,0,9
時,名詞,非自立,副詞可能,*,*,*,時,トキ,トキ,< 章なし >,0,9
に,助詞,格助詞,一般,*,*,*,に,ニ,ニ,< 章なし >,0,9
は,助詞,係助詞,*,*,*,*,は,ハ,ワ,< 章なし >,0,9
探偵小説,名詞,固有名詞,一般,*,*,*,探偵小説,タンテイショウセツ,タンテイショーセツ,< 章なし >,0,9
に,助詞,格助詞,一般,*,*,*,に,ニ,ニ,< 章なし >,0,9
之,名詞,代名詞,一般,*,*,*,之,コレ,コレ,< 章なし >,0,9
を,助詞,格助詞,一般,*,*,*,を,ヲ,ヲ,< 章なし >,0,9
求め,動詞,自立,*,*,一段,未然形,求める,モトメ,モトメ,< 章なし >,0,9
ない,助動詞,*,*,*,特殊・ナイ,連用デ接続,ない,ナイ,ナイ,< 章なし >,0,9
で,助詞,接続助詞,*,*,*,*,で,デ,デ,< 章なし >,0,9
、,記号,読点,*,*,*,*,、,、,、,< 章なし >,0,9
普通,名詞,形容動詞語幹,*,*,*,*,普通,フツウ,フツー,< 章なし >,0,9
文學,名詞,一般,*,*,*,*,文學,ブンガク,ブンガク,< 章なし >,0,9
に,助詞,格助詞,一般,*,*,*,に,ニ,ニ,< 章なし >,0,9
親しむ,動詞,自立,*,*,五段・マ行,基本形,親しむ,シタシム,シタシム,< 章なし >,0,9
。,記号,句点,*,*,*,*,。,。,。,< 章なし >,0,9
探偵小説,名詞,固有名詞,一般,*,*,*,探偵小説,タンテイショウセツ,タンテイショーセツ,< 章なし >,0,10
に,助詞,格助詞,一般,*,*,*,に,ニ,ニ,< 章なし >,0,10
求む,動詞,自立,*,*,五段・マ行,基本形,求む,モトム,モトム,< 章なし >,0,10
る,助動詞,*,*,*,文語・リ,体言接続,り,ル,ル,< 章なし >,0,10
所,名詞,非自立,副詞可能,*,*,*,所,トコロ,トコロ,< 章なし >,0,10
の,助詞,連体化,*,*,*,*,の,ノ,ノ,< 章なし >,0,10
もの,名詞,非自立,一般,*,*,*,もの,モノ,モノ,< 章なし >,0,10
は,助詞,係助詞,*,*,*,*,は,ハ,ワ,< 章なし >,0,10
普通,名詞,形容動詞語幹,*,*,*,*,普通,フツウ,フツー,< 章なし >,0,10
文學,名詞,一般,*,*,*,*,文學,ブンガク,ブンガク,< 章なし >,0,10
に,助詞,格助詞,一般,*,*,*,に,ニ,ニ,< 章なし >,0,10
求め,動詞,自立,*,*,一段,連用形,求める,モトメ,モトメ,< 章なし >,0,10
得,動詞,非自立,*,*,一段,未然形,得る,エ,エ,< 章なし >,0,10
ない,助動詞,*,*,*,特殊・ナイ,基本形,ない,ナイ,ナイ,< 章なし >,0,10
所,名詞,非自立,副詞可能,*,*,*,所,トコロ,トコロ,< 章なし >,0,10
の,助詞,連体化,*,*,*,*,の,ノ,ノ,< 章なし >,0,10
もの,名詞,非自立,一般,*,*,*,もの,モノ,モノ,< 章なし >,0,10
で,助動詞,*,*,*,特殊・ダ,連用形,だ,デ,デ,< 章なし >,0,10
ある,助動詞,*,*,*,五段・ラ行アル,基本形,ある,アル,アル,< 章なし >,0,10
。,記号,句点,*,*,*,*,。,。,。,< 章なし >,0,10
これ,名詞,代名詞,一般,*,*,*,これ,コレ,コレ,< 章なし >,0,11
を,助詞,格助詞,一般,*,*,*,を,ヲ,ヲ,< 章なし >,0,11
假,名詞,一般,*,*,*,*,*,*,*,< 章なし >,0,11
り,助動詞,*,*,*,文語・リ,基本形,り,リ,リ,< 章なし >,0,11
に,助詞,格助詞,一般,*,*,*,に,ニ,ニ,< 章なし >,0,11
謎,名詞,一般,*,*,*,*,謎,ナゾ,ナゾ,< 章なし >,0,11
と,助詞,並立助詞,*,*,*,*,と,ト,ト,< 章なし >,0,11
論理,名詞,一般,*,*,*,*,論理,ロンリ,ロンリ,< 章なし >,0,11
の,助詞,連体化,*,*,*,*,の,ノ,ノ,< 章なし >,0,11
興味,名詞,一般,*,*,*,*,興味,キョウミ,キョーミ,< 章なし >,0,11
と,助詞,格助詞,引用,*,*,*,と,ト,ト,< 章なし >,0,11
名づける,動詞,自立,*,*,一段,基本形,名づける,ナヅケル,ナズケル,< 章なし >,0,11
。,記号,句点,*,*,*,*,。,。,。,< 章なし >,0,11
探偵小説,名詞,固有名詞,一般,*,*,*,探偵小説,タンテイショウセツ,タンテイショーセツ,< 章なし >,0,12
に,助詞,格助詞,一般,*,*,*,に,ニ,ニ,< 章なし >,0,12
求む,動詞,自立,*,*,五段・マ行,基本形,求む,モトム,モトム,< 章なし >,0,12
る,助動詞,*,*,*,文語・リ,体言接続,り,ル,ル,< 章なし >,0,12
所,名詞,非自立,副詞可能,*,*,*,所,トコロ,トコロ,< 章なし >,0,12
は,助詞,係助詞,*,*,*,*,は,ハ,ワ,< 章なし >,0,12
謎,名詞,一般,*,*,*,*,謎,ナゾ,ナゾ,< 章なし >,0,12
と,助詞,並立助詞,*,*,*,*,と,ト,ト,< 章なし >,0,12
論理,名詞,一般,*,*,*,*,論理,ロンリ,ロンリ,< 章なし >,0,12
の,助詞,連体化,*,*,*,*,の,ノ,ノ,< 章なし >,0,12
興味,名詞,一般,*,*,*,*,興味,キョウミ,キョーミ,< 章なし >,0,12
で,助詞,格助詞,一般,*,*,*,で,デ,デ,< 章なし >,0,12
あ,フィラー,*,*,*,*,*,あ,ア,ア,< 章なし >,0,12
つて,名詞,一般,*,*,*,*,つて,ツテ,ツテ,< 章なし >,0,12
、,記号,読点,*,*,*,*,、,、,、,< 章なし >,0,12
人生,名詞,一般,*,*,*,*,人生,ジンセイ,ジンセイ,< 章なし >,0,12
の,助詞,連体化,*,*,*,*,の,ノ,ノ,< 章なし >,0,12
諸相,名詞,一般,*,*,*,*,諸相,ショソウ,ショソー,< 章なし >,0,12
そのもの,名詞,一般,*,*,*,*,そのもの,ソノモノ,ソノモノ,< 章なし >,0,12
で,助詞,格助詞,一般,*,*,*,で,デ,デ,< 章なし >,0,12
は,助詞,係助詞,*,*,*,*,は,ハ,ワ,< 章なし >,0,12
ない,助動詞,*,*,*,特殊・ナイ,基本形,ない,ナイ,ナイ,< 章なし >,0,12
。,記号,句点,*,*,*,*,。,。,。,< 章なし >,0,12
探偵小説,名詞,固有名詞,一般,*,*,*,探偵小説,タンテイショウセツ,タンテイショーセツ,< 章なし >,0,13
に,助詞,格助詞,一般,*,*,*,に,ニ,ニ,< 章なし >,0,13
も,助詞,係助詞,*,*,*,*,も,モ,モ,< 章なし >,0,13
人生,名詞,一般,*,*,*,*,人生,ジンセイ,ジンセイ,< 章なし >,0,13
が,助詞,格助詞,一般,*,*,*,が,ガ,ガ,< 章なし >,0,13
なく,形容詞,自立,*,*,形容詞・アウオ段,連用テ接続,ない,ナク,ナク,< 章なし >,0,13
て,助詞,接続助詞,*,*,*,*,て,テ,テ,< 章なし >,0,13
は,助詞,係助詞,*,*,*,*,は,ハ,ワ,< 章なし >,0,13
なら,動詞,非自立,*,*,五段・ラ行,未然形,なる,ナラ,ナラ,< 章なし >,0,13
ない,助動詞,*,*,*,特殊・ナイ,基本形,ない,ナイ,ナイ,< 章なし >,0,13
。,記号,句点,*,*,*,*,。,。,。,< 章なし >,0,13
しかし,接続詞,*,*,*,*,*,しかし,シカシ,シカシ,< 章なし >,0,14
それ,名詞,代名詞,一般,*,*,*,それ,ソレ,ソレ,< 章なし >,0,14
は,助詞,係助詞,*,*,*,*,は,ハ,ワ,< 章なし >,0,14
謎,名詞,一般,*,*,*,*,謎,ナゾ,ナゾ,< 章なし >,0,14
と,助詞,並立助詞,*,*,*,*,と,ト,ト,< 章なし >,0,14
論理,名詞,一般,*,*,*,*,論理,ロンリ,ロンリ,< 章なし >,0,14
の,助詞,連体化,*,*,*,*,の,ノ,ノ,< 章なし >,0,14
興味,名詞,一般,*,*,*,*,興味,キョウミ,キョーミ,< 章なし >,0,14
を,助詞,格助詞,一般,*,*,*,を,ヲ,ヲ,< 章なし >,0,14
妨げ,動詞,自立,*,*,一段,未然形,妨げる,サマタゲ,サマタゲ,< 章なし >,0,14
ない,助動詞,*,*,*,特殊・ナイ,基本形,ない,ナイ,ナイ,< 章なし >,0,14
範,名詞,一般,*,*,*,*,範,ハン,ハン,< 章なし >,0,14
圍,名詞,固有名詞,人名,姓,*,*,圍,カコイ,カコイ,< 章なし >,0,14
に,助詞,格助詞,一般,*,*,*,に,ニ,ニ,< 章なし >,0,14
於,名詞,一般,*,*,*,*,*,*,*,< 章なし >,0,14
て,助詞,格助詞,連語,*,*,*,て,テ,テ,< 章なし >,0,14
ゞ,記号,一般,*,*,*,*,ゞ,ゞ,ゞ,< 章なし >,0,14
ある,動詞,自立,*,*,五段・ラ行,基本形,ある,アル,アル,< 章なし >,0,14
。,記号,句点,*,*,*,*,。,。,。,< 章なし >,0,14
普通,名詞,形容動詞語幹,*,*,*,*,普通,フツウ,フツー,< 章なし >,0,15
文學,名詞,一般,*,*,*,*,文學,ブンガク,ブンガク,< 章なし >,0,15
の,助詞,連体化,*,*,*,*,の,ノ,ノ,< 章なし >,0,15
手法,名詞,一般,*,*,*,*,手法,シュホウ,シュホー,< 章なし >,0,15
を,助詞,格助詞,一般,*,*,*,を,ヲ,ヲ,< 章なし >,0,15
出來,名詞,固有名詞,人名,姓,*,*,出來,デキ,デキ,< 章なし >,0,15
る,助動詞,*,*,*,文語・リ,体言接続,り,ル,ル,< 章なし >,0,15
限り,名詞,非自立,副詞可能,*,*,*,限り,カギリ,カギリ,< 章なし >,0,15
取入れる,動詞,自立,*,*,一段,基本形,取入れる,トリイレル,トリイレル,< 章なし >,0,15
こと,名詞,非自立,一般,*,*,*,こと,コト,コト,< 章なし >,0,15
は,助詞,係助詞,*,*,*,*,は,ハ,ワ,< 章なし >,0,15
望ましい,形容詞,自立,*,*,形容詞・イ段,基本形,望ましい,ノゾマシイ,ノゾマシイ,< 章なし >,0,15
。,記号,句点,*,*,*,*,。,。,。,< 章なし >,0,15
しかし,接続詞,*,*,*,*,*,しかし,シカシ,シカシ,< 章なし >,0,16
それ,名詞,代名詞,一般,*,*,*,それ,ソレ,ソレ,< 章なし >,0,16
は,助詞,係助詞,*,*,*,*,は,ハ,ワ,< 章なし >,0,16
「,記号,括弧開,*,*,*,*,「,「,「,< 章なし >,0,16
文學,名詞,一般,*,*,*,*,文學,ブンガク,ブンガク,< 章なし >,0,16
味,名詞,接尾,一般,*,*,*,味,ミ,ミ,< 章なし >,0,16
ある,動詞,自立,*,*,五段・ラ行,基本形,ある,アル,アル,< 章なし >,0,16
探偵小説,名詞,固有名詞,一般,*,*,*,探偵小説,タンテイショウセツ,タンテイショーセツ,< 章なし >,0,16
」,記号,括弧閉,*,*,*,*,」,」,」,< 章なし >,0,16
を,助詞,格助詞,一般,*,*,*,を,ヲ,ヲ,< 章なし >,0,16
極限,名詞,一般,*,*,*,*,極限,キョクゲン,キョクゲン,< 章なし >,0,16
と,助詞,格助詞,一般,*,*,*,と,ト,ト,< 章なし >,0,16
し,動詞,自立,*,*,サ変・スル,連用形,する,シ,シ,< 章なし >,0,16
、,記号,読点,*,*,*,*,、,、,、,< 章なし >,0,16
それ,名詞,代名詞,一般,*,*,*,それ,ソレ,ソレ,< 章なし >,0,16
以上,名詞,非自立,副詞可能,*,*,*,以上,イジョウ,イジョー,< 章なし >,0,16
に,助詞,格助詞,一般,*,*,*,に,ニ,ニ,< 章なし >,0,16
、,記号,読点,*,*,*,*,、,、,、,< 章なし >,0,16
即ち,接続詞,*,*,*,*,*,即ち,スナワチ,スナワチ,< 章なし >,0,16
たゞ,副詞,一般,*,*,*,*,たゞ,タダ,タダ,< 章なし >,0,16
の,助詞,連体化,*,*,*,*,の,ノ,ノ,< 章なし >,0,16
文學,名詞,一般,*,*,*,*,文學,ブンガク,ブンガク,< 章なし >,0,16
に,助詞,格助詞,一般,*,*,*,に,ニ,ニ,< 章なし >,0,16
まで,助詞,副助詞,*,*,*,*,まで,マデ,マデ,< 章なし >,0,16
拔,名詞,一般,*,*,*,*,*,*,*,< 章なし >,0,16
け,助詞,終助詞,*,*,*,*,け,ケ,ケ,< 章なし >,0,16
出す,動詞,自立,*,*,五段・サ行,基本形,出す,ダス,ダス,< 章なし >,0,16
こと,名詞,非自立,一般,*,*,*,こと,コト,コト,< 章なし >,0,16
は,助詞,係助詞,*,*,*,*,は,ハ,ワ,< 章なし >,0,16
、,記号,読点,*,*,*,*,、,、,、,< 章なし >,0,16
私,名詞,代名詞,一般,*,*,*,私,ワタシ,ワタシ,< 章なし >,0,16
の,助詞,連体化,*,*,*,*,の,ノ,ノ,< 章なし >,0,16
考,名詞,一般,*,*,*,*,考,コウ,コー,< 章なし >,0,16
へ,助詞,格助詞,一般,*,*,*,へ,ヘ,エ,< 章なし >,0,16
では,名詞,一般,*,*,*,*,出端,デハ,デハ,< 章なし >,0,16
至難の業,名詞,固有名詞,一般,*,*,*,至難の業,シナンノワザ,シナンノワザ,< 章なし >,0,16
で,助動詞,*,*,*,特殊・ダ,連用形,だ,デ,デ,< 章なし >,0,16
ある,助動詞,*,*,*,五段・ラ行アル,基本形,ある,アル,アル,< 章なし >,0,16
。,記号,句点,*,*,*,*,。,。,。,< 章なし >,0,16
たゞ,副詞,一般,*,*,*,*,たゞ,タダ,タダ,< 章なし >,0,17
の,助詞,連体化,*,*,*,*,の,ノ,ノ,< 章なし >,0,17
文學,名詞,一般,*,*,*,*,文學,ブンガク,ブンガク,< 章なし >,0,17
と,助詞,並立助詞,*,*,*,*,と,ト,ト,< 章なし >,0,17
なつ,名詞,固有名詞,人名,名,*,*,なつ,ナツ,ナツ,< 章なし >,0,17
た,助動詞,*,*,*,特殊・タ,基本形,た,タ,タ,< 章なし >,0,17
時,名詞,非自立,副詞可能,*,*,*,時,トキ,トキ,< 章なし >,0,17
、,記号,読点,*,*,*,*,、,、,、,< 章なし >,0,17
探偵小説,名詞,固有名詞,一般,*,*,*,探偵小説,タンテイショウセツ,タンテイショーセツ,< 章なし >,0,17
は,助詞,係助詞,*,*,*,*,は,ハ,ワ,< 章なし >,0,17
最早,副詞,一般,*,*,*,*,最早,モハヤ,モハヤ,< 章なし >,0,17
かげ,名詞,接尾,一般,*,*,*,かげ,カゲ,カゲ,< 章なし >,0,17
を,助詞,格助詞,一般,*,*,*,を,ヲ,ヲ,< 章なし >,0,17
ひそめ,動詞,自立,*,*,一段,連用形,ひそめる,ヒソメ,ヒソメ,< 章なし >,0,17
て,助詞,接続助詞,*,*,*,*,て,テ,テ,< 章なし >,0,17
しまふ,動詞,非自立,*,*,四段・ハ行,基本形,しまふ,シマフ,シマウ,< 章なし >,0,17
から,助詞,接続助詞,*,*,*,*,から,カラ,カラ,< 章なし >,0,17
で,助動詞,*,*,*,特殊・ダ,連用形,だ,デ,デ,< 章なし >,0,17
ある,助動詞,*,*,*,五段・ラ行アル,基本形,ある,アル,アル,< 章なし >,0,17
。,記号,句点,*,*,*,*,。,。,。,< 章なし >,0,17
私,名詞,代名詞,一般,*,*,*,私,ワタシ,ワタシ,< 章なし >,0,18
は,助詞,係助詞,*,*,*,*,は,ハ,ワ,< 章なし >,0,18
まだ,副詞,助詞類接続,*,*,*,*,まだ,マダ,マダ,< 章なし >,0,18
探偵小説,名詞,固有名詞,一般,*,*,*,探偵小説,タンテイショウセツ,タンテイショーセツ,< 章なし >,0,18
の,助詞,連体化,*,*,*,*,の,ノ,ノ,< 章なし >,0,18
探偵小説,名詞,固有名詞,一般,*,*,*,探偵小説,タンテイショウセツ,タンテイショーセツ,< 章なし >,0,18
らしさ,名詞,固有名詞,一般,*,*,*,らしさ,ラシサ,ラシサ,< 章なし >,0,18
を,助詞,格助詞,一般,*,*,*,を,ヲ,ヲ,< 章なし >,0,18
愛する,動詞,自立,*,*,サ変・−スル,基本形,愛する,アイスル,アイスル,< 章なし >,0,18
。,記号,句点,*,*,*,*,。,。,。,< 章なし >,0,18
この,連体詞,*,*,*,*,*,この,コノ,コノ,< 章なし >,0,19
「,記号,括弧開,*,*,*,*,「,「,「,< 章なし >,0,19
らしさ,名詞,固有名詞,一般,*,*,*,らしさ,ラシサ,ラシサ,< 章なし >,0,19
」,記号,括弧閉,*,*,*,*,」,」,」,< 章なし >,0,19
を,助詞,格助詞,一般,*,*,*,を,ヲ,ヲ,< 章なし >,0,19
失,名詞,一般,*,*,*,*,失,シツ,シツ,< 章なし >,0,19
つた,名詞,固有名詞,人名,名,*,*,つた,ツタ,ツタ,< 章なし >,0,19
たゞ,副詞,一般,*,*,*,*,たゞ,タダ,タダ,< 章なし >,0,19
の,助詞,連体化,*,*,*,*,の,ノ,ノ,< 章なし >,0,19
文學,名詞,一般,*,*,*,*,文學,ブンガク,ブンガク,< 章なし >,0,19
を,助詞,格助詞,一般,*,*,*,を,ヲ,ヲ,< 章なし >,0,19
、,記号,読点,*,*,*,*,、,、,、,< 章なし >,0,19
私,名詞,代名詞,一般,*,*,*,私,ワタシ,ワタシ,< 章なし >,0,19
は,助詞,係助詞,*,*,*,*,は,ハ,ワ,< 章なし >,0,19
探偵小説,名詞,固有名詞,一般,*,*,*,探偵小説,タンテイショウセツ,タンテイショーセツ,< 章なし >,0,19
と,助詞,並立助詞,*,*,*,*,と,ト,ト,< 章なし >,0,19
呼,名詞,一般,*,*,*,*,呼,コ,コ,< 章なし >,0,19
稱,名詞,一般,*,*,*,*,*,*,*,< 章なし >,0,19
する,動詞,自立,*,*,サ変・スル,基本形,する,スル,スル,< 章なし >,0,19
必要,名詞,形容動詞語幹,*,*,*,*,必要,ヒツヨウ,ヒツヨー,< 章なし >,0,19
を,助詞,格助詞,一般,*,*,*,を,ヲ,ヲ,< 章なし >,0,19
認め,動詞,自立,*,*,一段,未然形,認める,ミトメ,ミトメ,< 章なし >,0,19
ない,助動詞,*,*,*,特殊・ナイ,基本形,ない,ナイ,ナイ,< 章なし >,0,19
の,名詞,非自立,一般,*,*,*,の,ノ,ノ,< 章なし >,0,19
で,助動詞,*,*,*,特殊・ダ,連用形,だ,デ,デ,< 章なし >,0,19
ある,助動詞,*,*,*,五段・ラ行アル,基本形,ある,アル,アル,< 章なし >,0,19
。,記号,句点,*,*,*,*,。,。,。,< 章なし >,0,19
それ,名詞,代名詞,一般,*,*,*,それ,ソレ,ソレ,< 章なし >,0,20
は,助詞,係助詞,*,*,*,*,は,ハ,ワ,< 章なし >,0,20
最早,副詞,一般,*,*,*,*,最早,モハヤ,モハヤ,< 章なし >,0,20
探偵小説,名詞,固有名詞,一般,*,*,*,探偵小説,タンテイショウセツ,タンテイショーセツ,< 章なし >,0,20
といふ,助詞,格助詞,連語,*,*,*,といふ,トイフ,トユウ,< 章なし >,0,20
ジャンル,名詞,一般,*,*,*,*,ジャンル,ジャンル,ジャンル,< 章なし >,0,20
が,助詞,格助詞,一般,*,*,*,が,ガ,ガ,< 章なし >,0,20
消滅,名詞,サ変接続,*,*,*,*,消滅,ショウメツ,ショーメツ,< 章なし >,0,20
する,動詞,自立,*,*,サ変・スル,基本形,する,スル,スル,< 章なし >,0,20
こと,名詞,非自立,一般,*,*,*,こと,コト,コト,< 章なし >,0,20
で,助動詞,*,*,*,特殊・ダ,連用形,だ,デ,デ,< 章なし >,0,20
ある,助動詞,*,*,*,五段・ラ行アル,基本形,ある,アル,アル,< 章なし >,0,20
。,記号,句点,*,*,*,*,。,。,。,< 章なし >,0,20
たゞ,副詞,一般,*,*,*,*,たゞ,タダ,タダ,< 章なし >,0,21
の,助詞,連体化,*,*,*,*,の,ノ,ノ,< 章なし >,0,21
文學,名詞,一般,*,*,*,*,文學,ブンガク,ブンガク,< 章なし >,0,21
に,助詞,格助詞,一般,*,*,*,に,ニ,ニ,< 章なし >,0,21
まで,助詞,副助詞,*,*,*,*,まで,マデ,マデ,< 章なし >,0,21
拔,名詞,一般,*,*,*,*,*,*,*,< 章なし >,0,21
け,助詞,終助詞,*,*,*,*,け,ケ,ケ,< 章なし >,0,21
切,名詞,形容動詞語幹,*,*,*,*,切,セツ,セツ,< 章なし >,0,21
つて,名詞,一般,*,*,*,*,つて,ツテ,ツテ,< 章なし >,0,21
、,記号,読点,*,*,*,*,、,、,、,< 章なし >,0,21
しかも,接続詞,*,*,*,*,*,しかも,シカモ,シカモ,< 章なし >,0,21
探偵小説,名詞,固有名詞,一般,*,*,*,探偵小説,タンテイショウセツ,タンテイショーセツ,< 章なし >,0,21
と,助詞,格助詞,引用,*,*,*,と,ト,ト,< 章なし >,0,21
呼び,動詞,自立,*,*,五段・バ行,連用形,呼ぶ,ヨビ,ヨビ,< 章なし >,0,21
得る,動詞,非自立,*,*,一段,基本形,得る,エル,エル,< 章なし >,0,21
もの,名詞,非自立,一般,*,*,*,もの,モノ,モノ,< 章なし >,0,21
が,助詞,格助詞,一般,*,*,*,が,ガ,ガ,< 章なし >,0,21
若し,副詞,一般,*,*,*,*,若し,モシ,モシ,< 章なし >,0,21
生れ,動詞,自立,*,*,一段,連用形,生れる,ウマレ,ウマレ,< 章なし >,0,21
た,助動詞,*,*,*,特殊・タ,基本形,た,タ,タ,< 章なし >,0,21
なら,助動詞,*,*,*,特殊・ダ,仮定形,だ,ナラ,ナラ,< 章なし >,0,21
ば,助詞,接続助詞,*,*,*,*,ば,バ,バ,< 章なし >,0,21
、,記号,読点,*,*,*,*,、,、,、,< 章なし >,0,21
それ,名詞,代名詞,一般,*,*,*,それ,ソレ,ソレ,< 章なし >,0,21
は,助詞,係助詞,*,*,*,*,は,ハ,ワ,< 章なし >,0,21
最も,副詞,一般,*,*,*,*,最も,モットモ,モットモ,< 章なし >,0,21
困難,名詞,形容動詞語幹,*,*,*,*,困難,コンナン,コンナン,< 章なし >,0,21
な,助動詞,*,*,*,特殊・ダ,体言接続,だ,ナ,ナ,< 章なし >,0,21
理想,名詞,一般,*,*,*,*,理想,リソウ,リソー,< 章なし >,0,21
が,助詞,格助詞,一般,*,*,*,が,ガ,ガ,< 章なし >,0,21
爲,名詞,固有名詞,人名,姓,*,*,爲,タメ,タメ,< 章なし >,0,21
しとげ,動詞,自立,*,*,一段,未然形,しとげる,シトゲ,シトゲ,< 章なし >,0,21
られ,動詞,接尾,*,*,一段,連用形,られる,ラレ,ラレ,< 章なし >,0,21
た,助動詞,*,*,*,特殊・タ,基本形,た,タ,タ,< 章なし >,0,21
こと,名詞,非自立,一般,*,*,*,こと,コト,コト,< 章なし >,0,21
で,助動詞,*,*,*,特殊・ダ,連用形,だ,デ,デ,< 章なし >,0,21
ある,助動詞,*,*,*,五段・ラ行アル,基本形,ある,アル,アル,< 章なし >,0,21
が,助詞,接続助詞,*,*,*,*,が,ガ,ガ,< 章なし >,0,21
、,記号,読点,*,*,*,*,、,、,、,< 章なし >,0,21
私,名詞,代名詞,一般,*,*,*,私,ワタシ,ワタシ,< 章なし >,0,21
の,助詞,連体化,*,*,*,*,の,ノ,ノ,< 章なし >,0,21
現在,名詞,副詞可能,*,*,*,*,現在,ゲンザイ,ゲンザイ,< 章なし >,0,21
の,助詞,連体化,*,*,*,*,の,ノ,ノ,< 章なし >,0,21
想像力,名詞,固有名詞,一般,*,*,*,想像力,ソウゾウリョク,ソーゾーリョク,< 章なし >,0,21
を以て,助詞,格助詞,連語,*,*,*,を以て,ヲモッテ,ヲモッテ,< 章なし >,0,21
し,動詞,自立,*,*,サ変・スル,連用形,する,シ,シ,< 章なし >,0,21
て,助詞,接続助詞,*,*,*,*,て,テ,テ,< 章なし >,0,21
は,助詞,係助詞,*,*,*,*,は,ハ,ワ,< 章なし >,0,21
、,記号,読点,*,*,*,*,、,、,、,< 章なし >,0,21
さう,副詞,一般,*,*,*,*,さう,ソー,ソー,< 章なし >,0,21
いふ,動詞,自立,*,*,四段・ハ行,基本形,いふ,イフ,イウ,< 章なし >,0,21
作品,名詞,一般,*,*,*,*,作品,サクヒン,サクヒン,< 章なし >,0,21
を,助詞,格助詞,一般,*,*,*,を,ヲ,ヲ,< 章なし >,0,21
腦裏,名詞,一般,*,*,*,*,*,*,*,< 章なし >,0,21
に,助詞,格助詞,一般,*,*,*,に,ニ,ニ,< 章なし >,0,21
描く,動詞,自立,*,*,五段・カ行イ音便,基本形,描く,エガク,エガク,< 章なし >,0,21
こと,名詞,非自立,一般,*,*,*,こと,コト,コト,< 章なし >,0,21
が,助詞,格助詞,一般,*,*,*,が,ガ,ガ,< 章なし >,0,21
出來,名詞,固有名詞,人名,姓,*,*,出來,デキ,デキ,< 章なし >,0,21
ない,形容詞,自立,*,*,形容詞・アウオ段,基本形,ない,ナイ,ナイ,< 章なし >,0,21
。,記号,句点,*,*,*,*,。,。,。,< 章なし >,0,21
至難,名詞,一般,*,*,*,*,至難,シナン,シナン,< 章なし >,0,22
中,名詞,接尾,副詞可能,*,*,*,中,チュウ,チュー,< 章なし >,0,22
の,助詞,連体化,*,*,*,*,の,ノ,ノ,< 章なし >,0,22
至難,名詞,形容動詞語幹,*,*,*,*,至難,シナン,シナン,< 章なし >,0,22
で,助動詞,*,*,*,特殊・ダ,連用形,だ,デ,デ,< 章なし >,0,22
ある,助動詞,*,*,*,五段・ラ行アル,基本形,ある,アル,アル,< 章なし >,0,22
。,記号,句点,*,*,*,*,。,。,。,< 章なし >,0,22
木々,名詞,一般,*,*,*,*,木々,キギ,キギ,< 章なし >,0,23
君,名詞,接尾,人名,*,*,*,君,クン,クン,< 章なし >,0,23
は,助詞,係助詞,*,*,*,*,は,ハ,ワ,< 章なし >,0,23
トリック,名詞,一般,*,*,*,*,トリック,トリック,トリック,< 章なし >,0,23
の,助詞,連体化,*,*,*,*,の,ノ,ノ,< 章なし >,0,23
創案,名詞,サ変接続,*,*,*,*,創案,ソウアン,ソーアン,< 章なし >,0,23
が,助詞,格助詞,一般,*,*,*,が,ガ,ガ,< 章なし >,0,23
先,名詞,一般,*,*,*,*,先,サキ,サキ,< 章なし >,0,23
で,助詞,格助詞,一般,*,*,*,で,デ,デ,< 章なし >,0,23
は,助詞,係助詞,*,*,*,*,は,ハ,ワ,< 章なし >,0,23
ない,形容詞,自立,*,*,形容詞・アウオ段,基本形,ない,ナイ,ナイ,< 章なし >,0,23
、,記号,読点,*,*,*,*,、,、,、,< 章なし >,0,23
さう,副詞,一般,*,*,*,*,さう,ソー,ソー,< 章なし >,0,23
いふ,動詞,自立,*,*,四段・ハ行,基本形,いふ,イフ,イウ,< 章なし >,0,23
トリック,名詞,一般,*,*,*,*,トリック,トリック,トリック,< 章なし >,0,23
を,助詞,格助詞,一般,*,*,*,を,ヲ,ヲ,< 章なし >,0,23
生む,動詞,自立,*,*,五段・マ行,基本形,生む,ウム,ウム,< 章なし >,0,23
人間,名詞,一般,*,*,*,*,人間,ニンゲン,ニンゲン,< 章なし >,0,23
及,名詞,固有名詞,人名,名,*,*,及,イタル,イタル,< 章なし >,0,23
人間,名詞,一般,*,*,*,*,人間,ニンゲン,ニンゲン,< 章なし >,0,23
相互,名詞,一般,*,*,*,*,相互,ソウゴ,ソーゴ,< 章なし >,0,23
の,助詞,連体化,*,*,*,*,の,ノ,ノ,< 章なし >,0,23
關,名詞,固有名詞,人名,姓,*,*,關,セキ,セキ,< 章なし >,0,23
係,名詞,接尾,一般,*,*,*,係,ガカリ,ガカリ,< 章なし >,0,23
を,助詞,格助詞,一般,*,*,*,を,ヲ,ヲ,< 章なし >,0,23
創造,名詞,サ変接続,*,*,*,*,創造,ソウゾウ,ソーゾー,< 章なし >,0,23
する,動詞,自立,*,*,サ変・スル,基本形,する,スル,スル,< 章なし >,0,23
こと,名詞,非自立,一般,*,*,*,こと,コト,コト,< 章なし >,0,23
が,助詞,格助詞,一般,*,*,*,が,ガ,ガ,< 章なし >,0,23
先,名詞,一般,*,*,*,*,先,サキ,サキ,< 章なし >,0,23
で,助動詞,*,*,*,特殊・ダ,連用形,だ,デ,デ,< 章なし >,0,23
ある,助動詞,*,*,*,五段・ラ行アル,基本形,ある,アル,アル,< 章なし >,0,23
と,助詞,格助詞,引用,*,*,*,と,ト,ト,< 章なし >,0,23
いふ,動詞,自立,*,*,四段・ハ行,基本形,いふ,イフ,イウ,< 章なし >,0,23
。,記号,句点,*,*,*,*,。,。,。,< 章なし >,0,23
その,連体詞,*,*,*,*,*,その,ソノ,ソノ,< 章なし >,0,24
意味,名詞,サ変接続,*,*,*,*,意味,イミ,イミ,< 章なし >,0,24
が,助詞,格助詞,一般,*,*,*,が,ガ,ガ,< 章なし >,0,24
動機,名詞,一般,*,*,*,*,動機,ドウキ,ドーキ,< 章なし >,0,24
の,助詞,連体化,*,*,*,*,の,ノ,ノ,< 章なし >,0,24
必然性,名詞,固有名詞,一般,*,*,*,必然性,ヒツゼンセイ,ヒツゼンセイ,< 章なし >,0,24
の,助詞,連体化,*,*,*,*,の,ノ,ノ,< 章なし >,0,24
重視,名詞,サ変接続,*,*,*,*,重視,ジュウシ,ジューシ,< 章なし >,0,24
に,助詞,格助詞,一般,*,*,*,に,ニ,ニ,< 章なし >,0,24
と,助詞,格助詞,引用,*,*,*,と,ト,ト,< 章なし >,0,24
ゞ,記号,一般,*,*,*,*,ゞ,ゞ,ゞ,< 章なし >,0,24
まる,接頭詞,数接続,*,*,*,*,まる,マル,マル,< 章なし >,0,24
なら,助動詞,*,*,*,特殊・ダ,仮定形,だ,ナラ,ナラ,< 章なし >,0,24
ば,助詞,接続助詞,*,*,*,*,ば,バ,バ,< 章なし >,0,24
少し,副詞,助詞類接続,*,*,*,*,少し,スコシ,スコシ,< 章なし >,0,24
も,助詞,係助詞,*,*,*,*,も,モ,モ,< 章なし >,0,24
異議,名詞,一般,*,*,*,*,異議,イギ,イギ,< 章なし >,0,24
は,助詞,係助詞,*,*,*,*,は,ハ,ワ,< 章なし >,0,24
ない,助動詞,*,*,*,特殊・ナイ,基本形,ない,ナイ,ナイ,< 章なし >,0,24
。,記号,句点,*,*,*,*,。,。,。,< 章なし >,0,24
しかし,接続詞,*,*,*,*,*,しかし,シカシ,シカシ,< 章なし >,0,25
、,記号,読点,*,*,*,*,、,、,、,< 章なし >,0,25
こ,名詞,一般,*,*,*,*,こ,コ,コ,< 章なし >,0,25
ゝ,記号,一般,*,*,*,*,ゝ,ゝ,ゝ,< 章なし >,0,25
にも,名詞,固有名詞,人名,一般,*,*,にも,ニモ,ニモ,< 章なし >,0,25
限度,名詞,一般,*,*,*,*,限度,ゲンド,ゲンド,< 章なし >,0,25
が,助詞,格助詞,一般,*,*,*,が,ガ,ガ,< 章なし >,0,25
ある,動詞,自立,*,*,五段・ラ行,基本形,ある,アル,アル,< 章なし >,0,25
。,記号,句点,*,*,*,*,。,。,。,< 章なし >,0,25
文字通り,名詞,副詞可能,*,*,*,*,文字通り,モジドオリ,モジドーリ,< 章なし >,0,26
トリック,名詞,一般,*,*,*,*,トリック,トリック,トリック,< 章なし >,0,26
を,助詞,格助詞,一般,*,*,*,を,ヲ,ヲ,< 章なし >,0,26
第,接頭詞,数接続,*,*,*,*,第,ダイ,ダイ,< 章なし >,0,26
二,名詞,数,*,*,*,*,二,ニ,ニ,< 章なし >,0,26
と,助詞,格助詞,引用,*,*,*,と,ト,ト,< 章なし >,0,26
し,動詞,自立,*,*,サ変・スル,連用形,する,シ,シ,< 章なし >,0,26
、,記号,読点,*,*,*,*,、,、,、,< 章なし >,0,26
人間,名詞,一般,*,*,*,*,人間,ニンゲン,ニンゲン,< 章なし >,0,26
及,名詞,固有名詞,人名,名,*,*,及,イタル,イタル,< 章なし >,0,26
人間,名詞,一般,*,*,*,*,人間,ニンゲン,ニンゲン,< 章なし >,0,26
相互,名詞,一般,*,*,*,*,相互,ソウゴ,ソーゴ,< 章なし >,0,26
の,助詞,連体化,*,*,*,*,の,ノ,ノ,< 章なし >,0,26
關,名詞,固有名詞,人名,姓,*,*,關,セキ,セキ,< 章なし >,0,26
係,名詞,接尾,一般,*,*,*,係,ガカリ,ガカリ,< 章なし >,0,26
のみ,助詞,副助詞,*,*,*,*,のみ,ノミ,ノミ,< 章なし >,0,26
を,助詞,格助詞,一般,*,*,*,を,ヲ,ヲ,< 章なし >,0,26
重視,名詞,サ変接続,*,*,*,*,重視,ジュウシ,ジューシ,< 章なし >,0,26
し,動詞,自立,*,*,サ変・スル,連用形,する,シ,シ,< 章なし >,0,26
て,助詞,接続助詞,*,*,*,*,て,テ,テ,< 章なし >,0,26
その,連体詞,*,*,*,*,*,その,ソノ,ソノ,< 章なし >,0,26
必然,名詞,一般,*,*,*,*,必然,ヒツゼン,ヒツゼン,< 章なし >,0,26
を,助詞,格助詞,一般,*,*,*,を,ヲ,ヲ,< 章なし >,0,26
追,接頭詞,名詞接続,*,*,*,*,追,ツイ,ツイ,< 章なし >,0,26
つて,名詞,一般,*,*,*,*,つて,ツテ,ツテ,< 章なし >,0,26
行く,動詞,自立,*,*,五段・カ行促音便,基本形,行く,イク,イク,< 章なし >,0,26
時,名詞,非自立,副詞可能,*,*,*,時,トキ,トキ,< 章なし >,0,26
は,助詞,係助詞,*,*,*,*,は,ハ,ワ,< 章なし >,0,26
、,記号,読点,*,*,*,*,、,、,、,< 章なし >,0,26
さう,副詞,一般,*,*,*,*,さう,ソー,ソー,< 章なし >,0,26
いふ,動詞,自立,*,*,四段・ハ行,基本形,いふ,イフ,イウ,< 章なし >,0,26
作中,名詞,一般,*,*,*,*,作中,サクチュウ,サクチュー,< 章なし >,0,26
人物,名詞,一般,*,*,*,*,人物,ジンブツ,ジンブツ,< 章なし >,0,26
は,助詞,係助詞,*,*,*,*,は,ハ,ワ,< 章なし >,0,26
最早,副詞,一般,*,*,*,*,最早,モハヤ,モハヤ,< 章なし >,0,26
作者,名詞,一般,*,*,*,*,作者,サクシャ,サクシャ,< 章なし >,0,26
の,助詞,連体化,*,*,*,*,の,ノ,ノ,< 章なし >,0,26
意,名詞,一般,*,*,*,*,意,イ,イ,< 章なし >,0,26
の,助詞,連体化,*,*,*,*,の,ノ,ノ,< 章なし >,0,26
ま,フィラー,*,*,*,*,*,ま,マ,マ,< 章なし >,0,26
ゝ,記号,一般,*,*,*,*,ゝ,ゝ,ゝ,< 章なし >,0,26
に,助詞,格助詞,一般,*,*,*,に,ニ,ニ,< 章なし >,0,26
は,助詞,係助詞,*,*,*,*,は,ハ,ワ,< 章なし >,0,26
動か,動詞,自立,*,*,五段・カ行イ音便,未然形,動く,ウゴカ,ウゴカ,< 章なし >,0,26
なく,助動詞,*,*,*,特殊・ナイ,連用テ接続,ない,ナク,ナク,< 章なし >,0,26
なる,動詞,自立,*,*,五段・ラ行,基本形,なる,ナル,ナル,< 章なし >,0,26
の,名詞,非自立,一般,*,*,*,の,ノ,ノ,< 章なし >,0,26
が,助詞,格助詞,一般,*,*,*,が,ガ,ガ,< 章なし >,0,26
自然,名詞,形容動詞語幹,*,*,*,*,自然,シゼン,シゼン,< 章なし >,0,26
で,助動詞,*,*,*,特殊・ダ,連用形,だ,デ,デ,< 章なし >,0,26
ある,助動詞,*,*,*,五段・ラ行アル,基本形,ある,アル,アル,< 章なし >,0,26
から,助詞,接続助詞,*,*,*,*,から,カラ,カラ,< 章なし >,0,26
、,記号,読点,*,*,*,*,、,、,、,< 章なし >,0,26
果して,副詞,一般,*,*,*,*,果して,ハタシテ,ハタシテ,< 章なし >,0,26
そこ,名詞,代名詞,一般,*,*,*,そこ,ソコ,ソコ,< 章なし >,0,26
から,助詞,格助詞,一般,*,*,*,から,カラ,カラ,< 章なし >,0,26
探偵小説,名詞,固有名詞,一般,*,*,*,探偵小説,タンテイショウセツ,タンテイショーセツ,< 章なし >,0,26
的,名詞,接尾,形容動詞語幹,*,*,*,的,テキ,テキ,< 章なし >,0,26
トリック,名詞,一般,*,*,*,*,トリック,トリック,トリック,< 章なし >,0,26
が,助詞,格助詞,一般,*,*,*,が,ガ,ガ,< 章なし >,0,26
生れ,動詞,自立,*,*,一段,連用形,生れる,ウマレ,ウマレ,< 章なし >,0,26
て,助詞,接続助詞,*,*,*,*,て,テ,テ,< 章なし >,0,26
來,名詞,固有名詞,人名,姓,*,*,來,ライ,ライ,< 章なし >,0,26
るか,名詞,固有名詞,人名,名,*,*,るか,ルカ,ルカ,< 章なし >,0,26
どう,副詞,助詞類接続,*,*,*,*,どう,ドウ,ドー,< 章なし >,0,26
か,助詞,副助詞／並立助詞／終助詞,*,*,*,*,か,カ,カ,< 章なし >,0,26
は,助詞,係助詞,*,*,*,*,は,ハ,ワ,< 章なし >,0,26
疑問,名詞,形容動詞語幹,*,*,*,*,疑問,ギモン,ギモン,< 章なし >,0,26
で,助動詞,*,*,*,特殊・ダ,連用形,だ,デ,デ,< 章なし >,0,26
ある,助動詞,*,*,*,五段・ラ行アル,基本形,ある,アル,アル,< 章なし >,0,26
。,記号,句点,*,*,*,*,。,。,。,< 章なし >,0,26
トリック,名詞,一般,*,*,*,*,トリック,トリック,トリック,< 章なし >,0,27
など,助詞,副助詞,*,*,*,*,など,ナド,ナド,< 章なし >,0,27
は,助詞,係助詞,*,*,*,*,は,ハ,ワ,< 章なし >,0,27
生れ,動詞,自立,*,*,一段,未然形,生れる,ウマレ,ウマレ,< 章なし >,0,27
ない,助動詞,*,*,*,特殊・ナイ,連用デ接続,ない,ナイ,ナイ,< 章なし >,0,27
で,助詞,接続助詞,*,*,*,*,で,デ,デ,< 章なし >,0,27
も,助詞,係助詞,*,*,*,*,も,モ,モ,< 章なし >,0,27
つと,副詞,一般,*,*,*,*,つと,ツト,ツト,< 章なし >,0,27
違,名詞,固有名詞,人名,姓,*,*,違,チガイ,チガイ,< 章なし >,0,27
つた,名詞,固有名詞,人名,名,*,*,つた,ツタ,ツタ,< 章なし >,0,27
も,助詞,係助詞,*,*,*,*,も,モ,モ,< 章なし >,0,27
の,助詞,連体化,*,*,*,*,の,ノ,ノ,< 章なし >,0,27
、,記号,読点,*,*,*,*,、,、,、,< 章なし >,0,27
或は,接続詞,*,*,*,*,*,或は,アルイハ,アルイワ,< 章なし >,0,27
探偵小説,名詞,固有名詞,一般,*,*,*,探偵小説,タンテイショウセツ,タンテイショーセツ,< 章なし >,0,27
として,助詞,格助詞,連語,*,*,*,として,トシテ,トシテ,< 章なし >,0,27
は,助詞,係助詞,*,*,*,*,は,ハ,ワ,< 章なし >,0,27
不,接頭詞,名詞接続,*,*,*,*,不,フ,フ,< 章なし >,0,27
滿,名詞,固有名詞,人名,名,*,*,滿,ミツル,ミツル,< 章なし >,0,27
足,名詞,一般,*,*,*,*,足,アシ,アシ,< 章なし >,0,27
な,助動詞,*,*,*,特殊・ダ,体言接続,だ,ナ,ナ,< 章なし >,0,27
トリック,名詞,一般,*,*,*,*,トリック,トリック,トリック,< 章なし >,0,27
しか,助詞,係助詞,*,*,*,*,しか,シカ,シカ,< 章なし >,0,27
生れ,動詞,自立,*,*,一段,連用形,生れる,ウマレ,ウマレ,< 章なし >,0,27
て,助詞,接続助詞,*,*,*,*,て,テ,テ,< 章なし >,0,27
來,名詞,固有名詞,人名,姓,*,*,來,ライ,ライ,< 章なし >,0,27
ない,形容詞,自立,*,*,形容詞・アウオ段,基本形,ない,ナイ,ナイ,< 章なし >,0,27
こと,名詞,非自立,一般,*,*,*,こと,コト,コト,< 章なし >,0,27
も,助詞,係助詞,*,*,*,*,も,モ,モ,< 章なし >,0,27
ある,動詞,自立,*,*,五段・ラ行,基本形,ある,アル,アル,< 章なし >,0,27
と,助詞,格助詞,引用,*,*,*,と,ト,ト,< 章なし >,0,27
思ふ,動詞,自立,*,*,四段・ハ行,基本形,思ふ,オモフ,オモウ,< 章なし >,0,27
。,記号,句点,*,*,*,*,。,。,。,< 章なし >,0,27
人間,名詞,一般,*,*,*,*,人間,ニンゲン,ニンゲン,< 章なし >,0,28
そのもの,名詞,一般,*,*,*,*,そのもの,ソノモノ,ソノモノ,< 章なし >,0,28
を,助詞,格助詞,一般,*,*,*,を,ヲ,ヲ,< 章なし >,0,28
先,名詞,一般,*,*,*,*,先,サキ,サキ,< 章なし >,0,28
に,助詞,格助詞,一般,*,*,*,に,ニ,ニ,< 章なし >,0,28
する,動詞,自立,*,*,サ変・スル,基本形,する,スル,スル,< 章なし >,0,28
場合,名詞,副詞可能,*,*,*,*,場合,バアイ,バアイ,< 章なし >,0,28
これ,名詞,代名詞,一般,*,*,*,これ,コレ,コレ,< 章なし >,0,28
は,助詞,係助詞,*,*,*,*,は,ハ,ワ,< 章なし >,0,28
當然,副詞,一般,*,*,*,*,當然,トウゼン,トウゼン,< 章なし >,0,28
の,助詞,連体化,*,*,*,*,の,ノ,ノ,< 章なし >,0,28
成行き,名詞,一般,*,*,*,*,成行き,ナリユキ,ナリユキ,< 章なし >,0,28
で,助動詞,*,*,*,特殊・ダ,連用形,だ,デ,デ,< 章なし >,0,28
ある,助動詞,*,*,*,五段・ラ行アル,基本形,ある,アル,アル,< 章なし >,0,28
。,記号,句点,*,*,*,*,。,。,。,< 章なし >,0,28
そこ,名詞,代名詞,一般,*,*,*,そこ,ソコ,ソコ,< 章なし >,0,29
から,助詞,格助詞,一般,*,*,*,から,カラ,カラ,< 章なし >,0,29
生れる,動詞,自立,*,*,一段,基本形,生れる,ウマレル,ウマレル,< 章なし >,0,29
もの,名詞,非自立,一般,*,*,*,もの,モノ,モノ,< 章なし >,0,29
は,助詞,係助詞,*,*,*,*,は,ハ,ワ,< 章なし >,0,29
、,記号,読点,*,*,*,*,、,、,、,< 章なし >,0,29
若し,副詞,一般,*,*,*,*,若し,モシ,モシ,< 章なし >,0,29
作者,名詞,一般,*,*,*,*,作者,サクシャ,サクシャ,< 章なし >,0,29
が,助詞,格助詞,一般,*,*,*,が,ガ,ガ,< 章なし >,0,29
あくまで,副詞,助詞類接続,*,*,*,*,あくまで,アクマデ,アクマデ,< 章なし >,0,29
文學,名詞,一般,*,*,*,*,文學,ブンガク,ブンガク,< 章なし >,0,29
的,名詞,接尾,形容動詞語幹,*,*,*,的,テキ,テキ,< 章なし >,0,29
に,助詞,副詞化,*,*,*,*,に,ニ,ニ,< 章なし >,0,29
正直,名詞,形容動詞語幹,*,*,*,*,正直,ショウジキ,ショージキ,< 章なし >,0,29
で,助動詞,*,*,*,特殊・ダ,連用形,だ,デ,デ,< 章なし >,0,29
ある,助動詞,*,*,*,五段・ラ行アル,基本形,ある,アル,アル,< 章なし >,0,29
なら,助動詞,*,*,*,特殊・ダ,仮定形,だ,ナラ,ナラ,< 章なし >,0,29
ば,助詞,接続助詞,*,*,*,*,ば,バ,バ,< 章なし >,0,29
、,記号,読点,*,*,*,*,、,、,、,< 章なし >,0,29
せい,名詞,副詞可能,*,*,*,*,せい,セイ,セイ,< 章なし >,0,29
／″＼,記号,一般,*,*,*,*,*,*,*,< 章なし >,0,29
幾らか,副詞,一般,*,*,*,*,幾らか,イクラカ,イクラカ,< 章なし >,0,29
探偵,名詞,サ変接続,*,*,*,*,探偵,タンテイ,タンテイ,< 章なし >,0,29
味,名詞,接尾,一般,*,*,*,味,ミ,ミ,< 章なし >,0,29
の,助詞,格助詞,一般,*,*,*,の,ノ,ノ,< 章なし >,0,29
ある,動詞,自立,*,*,五段・ラ行,基本形,ある,アル,アル,< 章なし >,0,29
普通,名詞,形容動詞語幹,*,*,*,*,普通,フツウ,フツー,< 章なし >,0,29
文學,名詞,一般,*,*,*,*,文學,ブンガク,ブンガク,< 章なし >,0,29
で,助動詞,*,*,*,特殊・ダ,連用形,だ,デ,デ,< 章なし >,0,29
ある,助動詞,*,*,*,五段・ラ行アル,基本形,ある,アル,アル,< 章なし >,0,29
。,記号,句点,*,*,*,*,。,。,。,< 章なし >,0,29
「,記号,括弧開,*,*,*,*,「,「,「,< 章なし >,0,30
カラマーゾフの兄弟,名詞,固有名詞,一般,*,*,*,カラマーゾフの兄弟,カラマーゾフノキョウダイ,カラマーゾフノキョーダイ,< 章なし >,0,30
」,記号,括弧閉,*,*,*,*,」,」,」,< 章なし >,0,30
は,助詞,係助詞,*,*,*,*,は,ハ,ワ,< 章なし >,0,30
假,名詞,一般,*,*,*,*,*,*,*,< 章なし >,0,30
り,助動詞,*,*,*,文語・リ,基本形,り,リ,リ,< 章なし >,0,30
に,助詞,格助詞,一般,*,*,*,に,ニ,ニ,< 章なし >,0,30
之,名詞,代名詞,一般,*,*,*,之,コレ,コレ,< 章なし >,0,30
を,助詞,格助詞,一般,*,*,*,を,ヲ,ヲ,< 章なし >,0,30
探偵小説,名詞,固有名詞,一般,*,*,*,探偵小説,タンテイショウセツ,タンテイショーセツ,< 章なし >,0,30
として,助詞,格助詞,連語,*,*,*,として,トシテ,トシテ,< 章なし >,0,30
評,名詞,サ変接続,*,*,*,*,評,ヒョウ,ヒョー,< 章なし >,0,30
價,名詞,一般,*,*,*,*,*,*,*,< 章なし >,0,30
する,動詞,自立,*,*,サ変・スル,基本形,する,スル,スル,< 章なし >,0,30
時,名詞,非自立,副詞可能,*,*,*,時,トキ,トキ,< 章なし >,0,30
、,記号,読点,*,*,*,*,、,、,、,< 章なし >,0,30
そんなに,副詞,一般,*,*,*,*,そんなに,ソンナニ,ソンナニ,< 章なし >,0,30
程度,名詞,一般,*,*,*,*,程度,テイド,テイド,< 章なし >,0,30
の,助詞,格助詞,一般,*,*,*,の,ノ,ノ,< 章なし >,0,30
高い,形容詞,自立,*,*,形容詞・アウオ段,基本形,高い,タカイ,タカイ,< 章なし >,0,30
もの,名詞,非自立,一般,*,*,*,もの,モノ,モノ,< 章なし >,0,30
で,助動詞,*,*,*,特殊・ダ,連用形,だ,デ,デ,< 章なし >,0,30
は,助詞,係助詞,*,*,*,*,は,ハ,ワ,< 章なし >,0,30
ない,助動詞,*,*,*,特殊・ナイ,基本形,ない,ナイ,ナイ,< 章なし >,0,30
。,記号,句点,*,*,*,*,。,。,。,< 章なし >,0,30
探偵小説,名詞,固有名詞,一般,*,*,*,探偵小説,タンテイショウセツ,タンテイショーセツ,< 章なし >,0,31
本,接頭詞,名詞接続,*,*,*,*,本,ホン,ホン,< 章なし >,0,31
來,名詞,固有名詞,人名,姓,*,*,來,ライ,ライ,< 章なし >,0,31
の,助詞,連体化,*,*,*,*,の,ノ,ノ,< 章なし >,0,31
興味,名詞,一般,*,*,*,*,興味,キョウミ,キョーミ,< 章なし >,0,31
は,助詞,係助詞,*,*,*,*,は,ハ,ワ,< 章なし >,0,31
おの,名詞,一般,*,*,*,*,おの,オノ,オノ,< 章なし >,0,31
づか,動詞,自立,*,*,五段・カ行イ音便,未然形,づく,ヅカ,ズカ,< 章なし >,0,31
ら,名詞,接尾,一般,*,*,*,ら,ラ,ラ,< 章なし >,0,31
別個,名詞,一般,*,*,*,*,別個,ベッコ,ベッコ,< 章なし >,0,31
の,助詞,連体化,*,*,*,*,の,ノ,ノ,< 章なし >,0,31
もの,名詞,非自立,一般,*,*,*,もの,モノ,モノ,< 章なし >,0,31
で,助動詞,*,*,*,特殊・ダ,連用形,だ,デ,デ,< 章なし >,0,31
ある,助動詞,*,*,*,五段・ラ行アル,基本形,ある,アル,アル,< 章なし >,0,31
。,記号,句点,*,*,*,*,。,。,。,< 章なし >,0,31
實,名詞,固有名詞,人名,名,*,*,實,ミノル,ミノル,< 章なし >,0,32
際,名詞,非自立,副詞可能,*,*,*,際,サイ,サイ,< 章なし >,0,32
問題,名詞,ナイ形容詞語幹,*,*,*,*,問題,モンダイ,モンダイ,< 章なし >,0,32
として,助詞,格助詞,連語,*,*,*,として,トシテ,トシテ,< 章なし >,0,32
も,助詞,係助詞,*,*,*,*,も,モ,モ,< 章なし >,0,32
、,記号,読点,*,*,*,*,、,、,、,< 章なし >,0,32
内外,名詞,一般,*,*,*,*,内外,ナイガイ,ナイガイ,< 章なし >,0,32
の,助詞,連体化,*,*,*,*,の,ノ,ノ,< 章なし >,0,32
探偵,名詞,サ変接続,*,*,*,*,探偵,タンテイ,タンテイ,< 章なし >,0,32
作家,名詞,一般,*,*,*,*,作家,サッカ,サッカ,< 章なし >,0,32
が,助詞,格助詞,一般,*,*,*,が,ガ,ガ,< 章なし >,0,32
トリック,名詞,一般,*,*,*,*,トリック,トリック,トリック,< 章なし >,0,32
と,助詞,格助詞,一般,*,*,*,と,ト,ト,< 章なし >,0,32
推理,名詞,サ変接続,*,*,*,*,推理,スイリ,スイリ,< 章なし >,0,32
の,助詞,格助詞,一般,*,*,*,の,ノ,ノ,< 章なし >,0,32
ある,動詞,自立,*,*,五段・ラ行,基本形,ある,アル,アル,< 章なし >,0,32
本,接頭詞,名詞接続,*,*,*,*,本,ホン,ホン,< 章なし >,0,32
來,名詞,固有名詞,人名,姓,*,*,來,ライ,ライ,< 章なし >,0,32
の,助詞,連体化,*,*,*,*,の,ノ,ノ,< 章なし >,0,32
探偵小説,名詞,固有名詞,一般,*,*,*,探偵小説,タンテイショウセツ,タンテイショーセツ,< 章なし >,0,32
を,助詞,格助詞,一般,*,*,*,を,ヲ,ヲ,< 章なし >,0,32
書く,動詞,自立,*,*,五段・カ行イ音便,基本形,書く,カク,カク,< 章なし >,0,32
場合,名詞,副詞可能,*,*,*,*,場合,バアイ,バアイ,< 章なし >,0,32
、,記号,読点,*,*,*,*,、,、,、,< 章なし >,0,32
先づ,副詞,一般,*,*,*,*,先づ,マヅ,マヅ,< 章なし >,0,32
人間,名詞,一般,*,*,*,*,人間,ニンゲン,ニンゲン,< 章なし >,0,32
を,助詞,格助詞,一般,*,*,*,を,ヲ,ヲ,< 章なし >,0,32
創造,名詞,サ変接続,*,*,*,*,創造,ソウゾウ,ソーゾー,< 章なし >,0,32
し,動詞,自立,*,*,サ変・スル,連用形,する,シ,シ,< 章なし >,0,32
その,連体詞,*,*,*,*,*,その,ソノ,ソノ,< 章なし >,0,32
人間,名詞,一般,*,*,*,*,人間,ニンゲン,ニンゲン,< 章なし >,0,32
の,助詞,連体化,*,*,*,*,の,ノ,ノ,< 章なし >,0,32
必然,名詞,一般,*,*,*,*,必然,ヒツゼン,ヒツゼン,< 章なし >,0,32
を,助詞,格助詞,一般,*,*,*,を,ヲ,ヲ,< 章なし >,0,32
追,接頭詞,名詞接続,*,*,*,*,追,ツイ,ツイ,< 章なし >,0,32
つて,名詞,一般,*,*,*,*,つて,ツテ,ツテ,< 章なし >,0,32
行,名詞,一般,*,*,*,*,行,クダリ,クダリ,< 章なし >,0,32
つて,名詞,一般,*,*,*,*,つて,ツテ,ツテ,< 章なし >,0,32
、,記号,読点,*,*,*,*,、,、,、,< 章なし >,0,32
ごく,副詞,一般,*,*,*,*,ごく,ゴク,ゴク,< 章なし >,0,32
自然,名詞,形容動詞語幹,*,*,*,*,自然,シゼン,シゼン,< 章なし >,0,32
に,助詞,副詞化,*,*,*,*,に,ニ,ニ,< 章なし >,0,32
トリック,名詞,一般,*,*,*,*,トリック,トリック,トリック,< 章なし >,0,32
が,助詞,格助詞,一般,*,*,*,が,ガ,ガ,< 章なし >,0,32
生れ,動詞,自立,*,*,一段,連用形,生れる,ウマレ,ウマレ,< 章なし >,0,32
て,助詞,接続助詞,*,*,*,*,て,テ,テ,< 章なし >,0,32
來,名詞,固有名詞,人名,姓,*,*,來,ライ,ライ,< 章なし >,0,32
る,助動詞,*,*,*,文語・リ,体言接続,り,ル,ル,< 章なし >,0,32
の,名詞,非自立,一般,*,*,*,の,ノ,ノ,< 章なし >,0,32
で,助動詞,*,*,*,特殊・ダ,連用形,だ,デ,デ,< 章なし >,0,32
は,助詞,係助詞,*,*,*,*,は,ハ,ワ,< 章なし >,0,32
ない,助動詞,*,*,*,特殊・ナイ,基本形,ない,ナイ,ナイ,< 章なし >,0,32
。,記号,句点,*,*,*,*,。,。,。,< 章なし >,0,32
さう,副詞,一般,*,*,*,*,さう,ソー,ソー,< 章なし >,0,33
では,名詞,一般,*,*,*,*,出端,デハ,デハ,< 章なし >,0,33
なく,形容詞,自立,*,*,形容詞・アウオ段,連用テ接続,ない,ナク,ナク,< 章なし >,0,33
て,助詞,接続助詞,*,*,*,*,て,テ,テ,< 章なし >,0,33
先づ,副詞,一般,*,*,*,*,先づ,マヅ,マヅ,< 章なし >,0,33
トリック,名詞,一般,*,*,*,*,トリック,トリック,トリック,< 章なし >,0,33
を,助詞,格助詞,一般,*,*,*,を,ヲ,ヲ,< 章なし >,0,33
創案,名詞,サ変接続,*,*,*,*,創案,ソウアン,ソーアン,< 章なし >,0,33
し,動詞,自立,*,*,サ変・スル,連用形,する,シ,シ,< 章なし >,0,33
て,助詞,接続助詞,*,*,*,*,て,テ,テ,< 章なし >,0,33
、,記号,読点,*,*,*,*,、,、,、,< 章なし >,0,33
その,連体詞,*,*,*,*,*,その,ソノ,ソノ,< 章なし >,0,33
トリック,名詞,一般,*,*,*,*,トリック,トリック,トリック,< 章なし >,0,33
に,助詞,格助詞,一般,*,*,*,に,ニ,ニ,< 章なし >,0,33
ふさ,名詞,一般,*,*,*,*,ふさ,フサ,フサ,< 章なし >,0,33
は,助詞,係助詞,*,*,*,*,は,ハ,ワ,< 章なし >,0,33
しき,名詞,一般,*,*,*,*,しき,シキ,シキ,< 章なし >,0,33
（,記号,括弧開,*,*,*,*,（,（,（,< 章なし >,0,33
可能,名詞,形容動詞語幹,*,*,*,*,可能,カノウ,カノー,< 章なし >,0,33
なる,助動詞,*,*,*,文語・ナリ,体言接続,なり,ナル,ナル,< 章なし >,0,33
限り,名詞,非自立,副詞可能,*,*,*,限り,カギリ,カギリ,< 章なし >,0,33
に,助詞,格助詞,一般,*,*,*,に,ニ,ニ,< 章なし >,0,33
於,名詞,一般,*,*,*,*,*,*,*,< 章なし >,0,33
て,助詞,格助詞,連語,*,*,*,て,テ,テ,< 章なし >,0,33
必然性,名詞,固有名詞,一般,*,*,*,必然性,ヒツゼンセイ,ヒツゼンセイ,< 章なし >,0,33
ある,動詞,自立,*,*,五段・ラ行,基本形,ある,アル,アル,< 章なし >,0,33
）,記号,括弧閉,*,*,*,*,）,）,）,< 章なし >,0,33
人間,名詞,一般,*,*,*,*,人間,ニンゲン,ニンゲン,< 章なし >,0,33
關,名詞,固有名詞,人名,姓,*,*,關,セキ,セキ,< 章なし >,0,33
係,名詞,接尾,一般,*,*,*,係,ガカリ,ガカリ,< 章なし >,0,33
を,助詞,格助詞,一般,*,*,*,を,ヲ,ヲ,< 章なし >,0,33
生み出す,動詞,自立,*,*,五段・サ行,基本形,生み出す,ウミダス,ウミダス,< 章なし >,0,33
といふ,助詞,格助詞,連語,*,*,*,といふ,トイフ,トユウ,< 章なし >,0,33
順序,名詞,一般,*,*,*,*,順序,ジュンジョ,ジュンジョ,< 章なし >,0,33
を,助詞,格助詞,一般,*,*,*,を,ヲ,ヲ,< 章なし >,0,33
採,動詞,自立,*,*,五段・ラ行,体言接続特殊２,採る,ト,ト,< 章なし >,0,33
つ,助動詞,*,*,*,下二・タ行,基本形,つ,ツ,ツ,< 章なし >,0,33
て,助詞,接続助詞,*,*,*,*,て,テ,テ,< 章なし >,0,33
ゐる,動詞,自立,*,*,一段,基本形,ゐる,ヰル,イル,< 章なし >,0,33
と,助詞,格助詞,引用,*,*,*,と,ト,ト,< 章なし >,0,33
思ふ,動詞,自立,*,*,四段・ハ行,基本形,思ふ,オモフ,オモウ,< 章なし >,0,33
。,記号,句点,*,*,*,*,。,。,。,< 章なし >,0,33
文學,名詞,一般,*,*,*,*,文學,ブンガク,ブンガク,< 章なし >,0,34
上,名詞,接尾,副詞可能,*,*,*,上,ジョウ,ジョー,< 章なし >,0,34
の,助詞,連体化,*,*,*,*,の,ノ,ノ,< 章なし >,0,34
リアル,名詞,固有名詞,一般,*,*,*,リアル,リアル,リアル,< 章なし >,0,34
と,助詞,格助詞,引用,*,*,*,と,ト,ト,< 章なし >,0,34
は,助詞,係助詞,*,*,*,*,は,ハ,ワ,< 章なし >,0,34
逆,名詞,一般,*,*,*,*,逆,ギャク,ギャク,< 章なし >,0,34
で,助動詞,*,*,*,特殊・ダ,連用形,だ,デ,デ,< 章なし >,0,34
ある,助動詞,*,*,*,五段・ラ行アル,基本形,ある,アル,アル,< 章なし >,0,34
が,助詞,接続助詞,*,*,*,*,が,ガ,ガ,< 章なし >,0,34
、,記号,読点,*,*,*,*,、,、,、,< 章なし >,0,34
そこ,名詞,代名詞,一般,*,*,*,そこ,ソコ,ソコ,< 章なし >,0,34
に,助詞,格助詞,一般,*,*,*,に,ニ,ニ,< 章なし >,0,34
探偵小説,名詞,固有名詞,一般,*,*,*,探偵小説,タンテイショウセツ,タンテイショーセツ,< 章なし >,0,34
の,助詞,連体化,*,*,*,*,の,ノ,ノ,< 章なし >,0,34
宿命,名詞,一般,*,*,*,*,宿命,シュクメイ,シュクメイ,< 章なし >,0,34
が,助詞,格助詞,一般,*,*,*,が,ガ,ガ,< 章なし >,0,34
ある,動詞,自立,*,*,五段・ラ行,基本形,ある,アル,アル,< 章なし >,0,34
。,記号,句点,*,*,*,*,。,。,。,< 章なし >,0,34
この,連体詞,*,*,*,*,*,この,コノ,コノ,< 章なし >,0,35
宿命,名詞,一般,*,*,*,*,宿命,シュクメイ,シュクメイ,< 章なし >,0,35
を,助詞,格助詞,一般,*,*,*,を,ヲ,ヲ,< 章なし >,0,35
無視,名詞,サ変接続,*,*,*,*,無視,ムシ,ムシ,< 章なし >,0,35
し,動詞,自立,*,*,サ変・スル,連用形,する,シ,シ,< 章なし >,0,35
て,助詞,接続助詞,*,*,*,*,て,テ,テ,< 章なし >,0,35
リアリズム,名詞,一般,*,*,*,*,リアリズム,リアリズム,リアリズム,< 章なし >,0,35
文學,名詞,一般,*,*,*,*,文學,ブンガク,ブンガク,< 章なし >,0,35
の,助詞,連体化,*,*,*,*,の,ノ,ノ,< 章なし >,0,35
常道,名詞,一般,*,*,*,*,常道,ジョウドウ,ジョードー,< 章なし >,0,35
を,助詞,格助詞,一般,*,*,*,を,ヲ,ヲ,< 章なし >,0,35
進む,動詞,自立,*,*,五段・マ行,基本形,進む,ススム,ススム,< 章なし >,0,35
なら,助動詞,*,*,*,特殊・ダ,仮定形,だ,ナラ,ナラ,< 章なし >,0,35
ば,助詞,接続助詞,*,*,*,*,ば,バ,バ,< 章なし >,0,35
、,記号,読点,*,*,*,*,、,、,、,< 章なし >,0,35
そこ,名詞,代名詞,一般,*,*,*,そこ,ソコ,ソコ,< 章なし >,0,35
から,助詞,格助詞,一般,*,*,*,から,カラ,カラ,< 章なし >,0,35
生れ,動詞,自立,*,*,一段,連用形,生れる,ウマレ,ウマレ,< 章なし >,0,35
て,助詞,接続助詞,*,*,*,*,て,テ,テ,< 章なし >,0,35
來,名詞,固有名詞,人名,姓,*,*,來,ライ,ライ,< 章なし >,0,35
る,助動詞,*,*,*,文語・リ,体言接続,り,ル,ル,< 章なし >,0,35
もの,名詞,非自立,一般,*,*,*,もの,モノ,モノ,< 章なし >,0,35
は,助詞,係助詞,*,*,*,*,は,ハ,ワ,< 章なし >,0,35
探偵小説,名詞,固有名詞,一般,*,*,*,探偵小説,タンテイショウセツ,タンテイショーセツ,< 章なし >,0,35
で,助詞,格助詞,一般,*,*,*,で,デ,デ,< 章なし >,0,35
は,助詞,係助詞,*,*,*,*,は,ハ,ワ,< 章なし >,0,35
ない,助動詞,*,*,*,特殊・ナイ,基本形,ない,ナイ,ナイ,< 章なし >,0,35
。,記号,句点,*,*,*,*,。,。,。,< 章なし >,0,35
繰返し,動詞,自立,*,*,五段・サ行,連用形,繰返す,クリカエシ,クリカエシ,< 章なし >,0,36
て,助詞,接続助詞,*,*,*,*,て,テ,テ,< 章なし >,0,36
云,名詞,一般,*,*,*,*,云,ウン,ウン,< 章なし >,0,36
ふ,動詞,自立,*,*,五段・ラ行,体言接続特殊２,ふる,フ,フ,< 章なし >,0,36
が,助詞,接続助詞,*,*,*,*,が,ガ,ガ,< 章なし >,0,36
、,記号,読点,*,*,*,*,、,、,、,< 章なし >,0,36
私,名詞,代名詞,一般,*,*,*,私,ワタシ,ワタシ,< 章なし >,0,36
は,助詞,係助詞,*,*,*,*,は,ハ,ワ,< 章なし >,0,36
文學,名詞,一般,*,*,*,*,文學,ブンガク,ブンガク,< 章なし >,0,36
を,助詞,格助詞,一般,*,*,*,を,ヲ,ヲ,< 章なし >,0,36
排撃,名詞,サ変接続,*,*,*,*,排撃,ハイゲキ,ハイゲキ,< 章なし >,0,36
する,動詞,自立,*,*,サ変・スル,基本形,する,スル,スル,< 章なし >,0,36
もの,名詞,非自立,一般,*,*,*,もの,モノ,モノ,< 章なし >,0,36
で,助動詞,*,*,*,特殊・ダ,連用形,だ,デ,デ,< 章なし >,0,36
は,助詞,係助詞,*,*,*,*,は,ハ,ワ,< 章なし >,0,36
ない,助動詞,*,*,*,特殊・ナイ,基本形,ない,ナイ,ナイ,< 章なし >,0,36
。,記号,句点,*,*,*,*,。,。,。,< 章なし >,0,36
探偵小説,名詞,固有名詞,一般,*,*,*,探偵小説,タンテイショウセツ,タンテイショーセツ,< 章なし >,0,37
本,接頭詞,名詞接続,*,*,*,*,本,ホン,ホン,< 章なし >,0,37
來,名詞,固有名詞,人名,姓,*,*,來,ライ,ライ,< 章なし >,0,37
の,助詞,連体化,*,*,*,*,の,ノ,ノ,< 章なし >,0,37
もの,名詞,非自立,一般,*,*,*,もの,モノ,モノ,< 章なし >,0,37
を,助詞,格助詞,一般,*,*,*,を,ヲ,ヲ,< 章なし >,0,37
第一,名詞,固有名詞,一般,*,*,*,第一,ダイイチ,ダイイチ,< 章なし >,0,37
と,助詞,格助詞,一般,*,*,*,と,ト,ト,< 章なし >,0,37
し,動詞,自立,*,*,サ変・スル,連用形,する,シ,シ,< 章なし >,0,37
、,記号,読点,*,*,*,*,、,、,、,< 章なし >,0,37
それ,名詞,代名詞,一般,*,*,*,それ,ソレ,ソレ,< 章なし >,0,37
を,助詞,格助詞,一般,*,*,*,を,ヲ,ヲ,< 章なし >,0,37
害,名詞,一般,*,*,*,*,害,ガイ,ガイ,< 章なし >,0,37
は,助詞,係助詞,*,*,*,*,は,ハ,ワ,< 章なし >,0,37
ざる,助動詞,*,*,*,特殊・ヌ,体言接続,ぬ,ザル,ザル,< 章なし >,0,37
限り,名詞,非自立,副詞可能,*,*,*,限り,カギリ,カギリ,< 章なし >,0,37
に,助詞,格助詞,一般,*,*,*,に,ニ,ニ,< 章なし >,0,37
於,名詞,一般,*,*,*,*,*,*,*,< 章なし >,0,37
て,助詞,格助詞,連語,*,*,*,て,テ,テ,< 章なし >,0,37
文學,名詞,一般,*,*,*,*,文學,ブンガク,ブンガク,< 章なし >,0,37
を,助詞,格助詞,一般,*,*,*,を,ヲ,ヲ,< 章なし >,0,37
取入れよ,動詞,自立,*,*,一段,命令ｙｏ,取入れる,トリイレヨ,トリイレヨ,< 章なし >,0,37
と,助詞,格助詞,引用,*,*,*,と,ト,ト,< 章なし >,0,37
いふ,動詞,自立,*,*,四段・ハ行,基本形,いふ,イフ,イウ,< 章なし >,0,37
の,名詞,非自立,一般,*,*,*,の,ノ,ノ,< 章なし >,0,37
で,助動詞,*,*,*,特殊・ダ,連用形,だ,デ,デ,< 章なし >,0,37
ある,助動詞,*,*,*,五段・ラ行アル,基本形,ある,アル,アル,< 章なし >,0,37
。,記号,句点,*,*,*,*,。,。,。,< 章なし >,0,37
こ,名詞,一般,*,*,*,*,こ,コ,コ,< 章なし >,0,38
ゝ,記号,一般,*,*,*,*,ゝ,ゝ,ゝ,< 章なし >,0,38
に,助詞,格助詞,一般,*,*,*,に,ニ,ニ,< 章なし >,0,38
ヴァン・ダイン,名詞,固有名詞,人名,一般,*,*,ヴァン・ダイン,ヴァンダイン,ヴァンダイン,< 章なし >,0,38
乃至,接続詞,*,*,*,*,*,乃至,ナイシ,ナイシ,< 章なし >,0,38
甲賀三郎,名詞,固有名詞,人名,一般,*,*,甲賀三郎,コウガサブロウ,コーガサブロー,< 章なし >,0,38
説,名詞,接尾,一般,*,*,*,説,セツ,セツ,< 章なし >,0,38
と,助詞,格助詞,一般,*,*,*,と,ト,ト,< 章なし >,0,38
の,助詞,連体化,*,*,*,*,の,ノ,ノ,< 章なし >,0,38
相違,名詞,サ変接続,*,*,*,*,相違,ソウイ,ソーイ,< 章なし >,0,38
が,助詞,格助詞,一般,*,*,*,が,ガ,ガ,< 章なし >,0,38
ある,動詞,自立,*,*,五段・ラ行,基本形,ある,アル,アル,< 章なし >,0,38
。,記号,句点,*,*,*,*,。,。,。,< 章なし >,0,38
しかし,接続詞,*,*,*,*,*,しかし,シカシ,シカシ,< 章なし >,0,39
更,名詞,形容動詞語幹,*,*,*,*,更,サラ,サラ,< 章なし >,0,39
ら,名詞,接尾,一般,*,*,*,ら,ラ,ラ,< 章なし >,0,39
に,助詞,格助詞,一般,*,*,*,に,ニ,ニ,< 章なし >,0,39
その,連体詞,*,*,*,*,*,その,ソノ,ソノ,< 章なし >,0,39
限度,名詞,一般,*,*,*,*,限度,ゲンド,ゲンド,< 章なし >,0,39
を,助詞,格助詞,一般,*,*,*,を,ヲ,ヲ,< 章なし >,0,39
越し,動詞,自立,*,*,五段・サ行,連用形,越す,コシ,コシ,< 章なし >,0,39
て,助詞,接続助詞,*,*,*,*,て,テ,テ,< 章なし >,0,39
文學,名詞,一般,*,*,*,*,文學,ブンガク,ブンガク,< 章なし >,0,39
第一,名詞,固有名詞,一般,*,*,*,第一,ダイイチ,ダイイチ,< 章なし >,0,39
の,助詞,連体化,*,*,*,*,の,ノ,ノ,< 章なし >,0,39
木々,名詞,一般,*,*,*,*,木々,キギ,キギ,< 章なし >,0,39
説,名詞,接尾,一般,*,*,*,説,セツ,セツ,< 章なし >,0,39
まで,助詞,副助詞,*,*,*,*,まで,マデ,マデ,< 章なし >,0,39
に,助詞,格助詞,一般,*,*,*,に,ニ,ニ,< 章なし >,0,39
は,助詞,係助詞,*,*,*,*,は,ハ,ワ,< 章なし >,0,39
到,動詞,自立,*,*,五段・ラ行,体言接続特殊２,到る,イタ,イタ,< 章なし >,0,39
つ,助動詞,*,*,*,下二・タ行,基本形,つ,ツ,ツ,< 章なし >,0,39
て,助詞,接続助詞,*,*,*,*,て,テ,テ,< 章なし >,0,39
ゐ,動詞,自立,*,*,一段,未然形,ゐる,ヰ,イ,< 章なし >,0,39
ない,助動詞,*,*,*,特殊・ナイ,基本形,ない,ナイ,ナイ,< 章なし >,0,39
の,名詞,非自立,一般,*,*,*,の,ノ,ノ,< 章なし >,0,39
で,助動詞,*,*,*,特殊・ダ,連用形,だ,デ,デ,< 章なし >,0,39
ある,助動詞,*,*,*,五段・ラ行アル,基本形,ある,アル,アル,< 章なし >,0,39
。,記号,句点,*,*,*,*,。,。,。,< 章なし >,0,39
その,連体詞,*,*,*,*,*,その,ソノ,ソノ,< 章なし >,0,40
可能性,名詞,固有名詞,一般,*,*,*,可能性,カノウセイ,カノーセイ,< 章なし >,0,40
を,助詞,格助詞,一般,*,*,*,を,ヲ,ヲ,< 章なし >,0,40
全く,名詞,一般,*,*,*,*,全区,ゼンク,ゼンク,< 章なし >,0,40
否定,名詞,サ変接続,*,*,*,*,否定,ヒテイ,ヒテイ,< 章なし >,0,40
する,動詞,自立,*,*,サ変・スル,基本形,する,スル,スル,< 章なし >,0,40
もの,名詞,非自立,一般,*,*,*,もの,モノ,モノ,< 章なし >,0,40
で,助動詞,*,*,*,特殊・ダ,連用形,だ,デ,デ,< 章なし >,0,40
は,助詞,係助詞,*,*,*,*,は,ハ,ワ,< 章なし >,0,40
ない,助動詞,*,*,*,特殊・ナイ,基本形,ない,ナイ,ナイ,< 章なし >,0,40
。,記号,句点,*,*,*,*,。,。,。,< 章なし >,0,40
たゞ,副詞,一般,*,*,*,*,たゞ,タダ,タダ,< 章なし >,0,41
至難,名詞,一般,*,*,*,*,至難,シナン,シナン,< 章なし >,0,41
を,助詞,格助詞,一般,*,*,*,を,ヲ,ヲ,< 章なし >,0,41
感ずる,動詞,自立,*,*,サ変・−ズル,基本形,感ずる,カンズル,カンズル,< 章なし >,0,41
こと,名詞,非自立,一般,*,*,*,こと,コト,コト,< 章なし >,0,41
が,助詞,格助詞,一般,*,*,*,が,ガ,ガ,< 章なし >,0,41
より,副詞,一般,*,*,*,*,より,ヨリ,ヨリ,< 章なし >,0,41
深い,形容詞,自立,*,*,形容詞・アウオ段,基本形,深い,フカイ,フカイ,< 章なし >,0,41
の,名詞,非自立,一般,*,*,*,の,ノ,ノ,< 章なし >,0,41
で,助動詞,*,*,*,特殊・ダ,連用形,だ,デ,デ,< 章なし >,0,41
ある,助動詞,*,*,*,五段・ラ行アル,基本形,ある,アル,アル,< 章なし >,0,41
。,記号,句点,*,*,*,*,。,。,。,< 章なし >,0,41
私,名詞,代名詞,一般,*,*,*,私,ワタシ,ワタシ,< 章なし >,0,42
は,助詞,係助詞,*,*,*,*,は,ハ,ワ,< 章なし >,0,42
日本,名詞,固有名詞,地域,国,*,*,日本,ニッポン,ニッポン,< 章なし >,0,42
の,助詞,連体化,*,*,*,*,の,ノ,ノ,< 章なし >,0,42
探偵小説,名詞,固有名詞,一般,*,*,*,探偵小説,タンテイショウセツ,タンテイショーセツ,< 章なし >,0,42
は,助詞,係助詞,*,*,*,*,は,ハ,ワ,< 章なし >,0,42
全,接頭詞,名詞接続,*,*,*,*,全,ゼン,ゼン,< 章なし >,0,42
體,名詞,一般,*,*,*,*,*,*,*,< 章なし >,0,42
として,助詞,格助詞,連語,*,*,*,として,トシテ,トシテ,< 章なし >,0,42
探偵,名詞,サ変接続,*,*,*,*,探偵,タンテイ,タンテイ,< 章なし >,0,42
的,名詞,接尾,形容動詞語幹,*,*,*,的,テキ,テキ,< 章なし >,0,42
興味,名詞,一般,*,*,*,*,興味,キョウミ,キョーミ,< 章なし >,0,42
より,助詞,格助詞,一般,*,*,*,より,ヨリ,ヨリ,< 章なし >,0,42
も,助詞,係助詞,*,*,*,*,も,モ,モ,< 章なし >,0,42
文學,名詞,一般,*,*,*,*,文學,ブンガク,ブンガク,< 章なし >,0,42
味,名詞,接尾,一般,*,*,*,味,ミ,ミ,< 章なし >,0,42
に,助詞,格助詞,一般,*,*,*,に,ニ,ニ,< 章なし >,0,42
於,名詞,一般,*,*,*,*,*,*,*,< 章なし >,0,42
て,助詞,格助詞,連語,*,*,*,て,テ,テ,< 章なし >,0,42
勝つ,動詞,自立,*,*,五段・タ行,基本形,勝つ,カツ,カツ,< 章なし >,0,42
て,助詞,接続助詞,*,*,*,*,て,テ,テ,< 章なし >,0,42
ゐる,動詞,自立,*,*,一段,基本形,ゐる,ヰル,イル,< 章なし >,0,42
と,助詞,格助詞,引用,*,*,*,と,ト,ト,< 章なし >,0,42
考へる,動詞,自立,*,*,一段,基本形,考へる,カンガヘル,カンガエル,< 章なし >,0,42
。,記号,句点,*,*,*,*,。,。,。,< 章なし >,0,42
傑作,名詞,一般,*,*,*,*,傑作,ケッサク,ケッサク,< 章なし >,0,43
集,名詞,接尾,一般,*,*,*,集,シュウ,シュー,< 章なし >,0,43
など,助詞,副助詞,*,*,*,*,など,ナド,ナド,< 章なし >,0,43
を,助詞,格助詞,一般,*,*,*,を,ヲ,ヲ,< 章なし >,0,43
編纂,名詞,サ変接続,*,*,*,*,編纂,ヘンサン,ヘンサン,< 章なし >,0,43
し,動詞,自立,*,*,サ変・スル,連用形,する,シ,シ,< 章なし >,0,43
ながら,助詞,接続助詞,*,*,*,*,ながら,ナガラ,ナガラ,< 章なし >,0,43
、,記号,読点,*,*,*,*,、,、,、,< 章なし >,0,43
英米,名詞,固有名詞,一般,*,*,*,英米,エイベイ,エイベイ,< 章なし >,0,43
の,助詞,連体化,*,*,*,*,の,ノ,ノ,< 章なし >,0,43
短篇,名詞,一般,*,*,*,*,短篇,タンペン,タンペン,< 章なし >,0,43
探偵小説,名詞,固有名詞,一般,*,*,*,探偵小説,タンテイショウセツ,タンテイショーセツ,< 章なし >,0,43
集,名詞,接尾,一般,*,*,*,集,シュウ,シュー,< 章なし >,0,43
と,助詞,格助詞,引用,*,*,*,と,ト,ト,< 章なし >,0,43
比べ,動詞,自立,*,*,一段,連用形,比べる,クラベ,クラベ,< 章なし >,0,43
て,助詞,接続助詞,*,*,*,*,て,テ,テ,< 章なし >,0,43
、,記号,読点,*,*,*,*,、,、,、,< 章なし >,0,43
文學,名詞,一般,*,*,*,*,文學,ブンガク,ブンガク,< 章なし >,0,43
味,名詞,接尾,一般,*,*,*,味,ミ,ミ,< 章なし >,0,43
で,助詞,格助詞,一般,*,*,*,で,デ,デ,< 章なし >,0,43
は,助詞,係助詞,*,*,*,*,は,ハ,ワ,< 章なし >,0,43
こちら,名詞,代名詞,一般,*,*,*,こちら,コチラ,コチラ,< 章なし >,0,43
の,助詞,連体化,*,*,*,*,の,ノ,ノ,< 章なし >,0,43
方,名詞,非自立,一般,*,*,*,方,ホウ,ホー,< 章なし >,0,43
が,助詞,格助詞,一般,*,*,*,が,ガ,ガ,< 章なし >,0,43
稍,副詞,一般,*,*,*,*,稍,ヤヤ,ヤヤ,< 章なし >,0,43
々,記号,一般,*,*,*,*,々,々,々,< 章なし >,0,43
高い,形容詞,自立,*,*,形容詞・アウオ段,基本形,高い,タカイ,タカイ,< 章なし >,0,43
な,助詞,終助詞,*,*,*,*,な,ナ,ナ,< 章なし >,0,43
と,助詞,格助詞,引用,*,*,*,と,ト,ト,< 章なし >,0,43
感じる,動詞,自立,*,*,一段,基本形,感じる,カンジル,カンジル,< 章なし >,0,43
こと,名詞,非自立,一般,*,*,*,こと,コト,コト,< 章なし >,0,43
が,助詞,格助詞,一般,*,*,*,が,ガ,ガ,< 章なし >,0,43
屡々,副詞,一般,*,*,*,*,屡々,シバシバ,シバシバ,< 章なし >,0,43
で,助動詞,*,*,*,特殊・ダ,連用形,だ,デ,デ,< 章なし >,0,43
ある,助動詞,*,*,*,五段・ラ行アル,基本形,ある,アル,アル,< 章なし >,0,43
。,記号,句点,*,*,*,*,。,。,。,< 章なし >,0,43
無論,副詞,一般,*,*,*,*,無論,ムロン,ムロン,< 章なし >,0,44
その,連体詞,*,*,*,*,*,その,ソノ,ソノ,< 章なし >,0,44
文學,名詞,一般,*,*,*,*,文學,ブンガク,ブンガク,< 章なし >,0,44
は,助詞,係助詞,*,*,*,*,は,ハ,ワ,< 章なし >,0,44
第一流,名詞,一般,*,*,*,*,第一流,ダイイチリュウ,ダイイチリュー,< 章なし >,0,44
の,助詞,連体化,*,*,*,*,の,ノ,ノ,< 章なし >,0,44
もの,名詞,非自立,一般,*,*,*,もの,モノ,モノ,< 章なし >,0,44
で,助動詞,*,*,*,特殊・ダ,連用形,だ,デ,デ,< 章なし >,0,44
は,助詞,係助詞,*,*,*,*,は,ハ,ワ,< 章なし >,0,44
ない,助動詞,*,*,*,特殊・ナイ,基本形,ない,ナイ,ナイ,< 章なし >,0,44
。,記号,句点,*,*,*,*,。,。,。,< 章なし >,0,44
比較,名詞,サ変接続,*,*,*,*,比較,ヒカク,ヒカク,< 章なし >,0,45
上,名詞,接尾,副詞可能,*,*,*,上,ジョウ,ジョー,< 章なし >,0,45
の,助詞,連体化,*,*,*,*,の,ノ,ノ,< 章なし >,0,45
話,名詞,サ変接続,*,*,*,*,話,ハナシ,ハナシ,< 章なし >,0,45
で,助動詞,*,*,*,特殊・ダ,連用形,だ,デ,デ,< 章なし >,0,45
ある,助動詞,*,*,*,五段・ラ行アル,基本形,ある,アル,アル,< 章なし >,0,45
。,記号,句点,*,*,*,*,。,。,。,< 章なし >,0,45
これ,名詞,代名詞,一般,*,*,*,これ,コレ,コレ,< 章なし >,0,46
に,助詞,格助詞,一般,*,*,*,に,ニ,ニ,< 章なし >,0,46
反し,動詞,自立,*,*,五段・サ行,連用形,反す,ハンシ,ハンシ,< 章なし >,0,46
て,助詞,接続助詞,*,*,*,*,て,テ,テ,< 章なし >,0,46
日本,名詞,固有名詞,地域,国,*,*,日本,ニッポン,ニッポン,< 章なし >,0,46
の,助詞,連体化,*,*,*,*,の,ノ,ノ,< 章なし >,0,46
作品,名詞,一般,*,*,*,*,作品,サクヒン,サクヒン,< 章なし >,0,46
に,助詞,格助詞,一般,*,*,*,に,ニ,ニ,< 章なし >,0,46
は,助詞,係助詞,*,*,*,*,は,ハ,ワ,< 章なし >,0,46
探偵小説,名詞,固有名詞,一般,*,*,*,探偵小説,タンテイショウセツ,タンテイショーセツ,< 章なし >,0,46
本,接頭詞,名詞接続,*,*,*,*,本,ホン,ホン,< 章なし >,0,46
來,名詞,固有名詞,人名,姓,*,*,來,ライ,ライ,< 章なし >,0,46
の,助詞,連体化,*,*,*,*,の,ノ,ノ,< 章なし >,0,46
論理的,名詞,固有名詞,一般,*,*,*,論理的,ロンリテキ,ロンリテキ,< 章なし >,0,46
興味,名詞,一般,*,*,*,*,興味,キョウミ,キョーミ,< 章なし >,0,46
は,助詞,係助詞,*,*,*,*,は,ハ,ワ,< 章なし >,0,46
極めて,副詞,一般,*,*,*,*,極めて,キワメテ,キワメテ,< 章なし >,0,46
稀薄,名詞,形容動詞語幹,*,*,*,*,稀薄,キハク,キハク,< 章なし >,0,46
で,助動詞,*,*,*,特殊・ダ,連用形,だ,デ,デ,< 章なし >,0,46
ある,助動詞,*,*,*,五段・ラ行アル,基本形,ある,アル,アル,< 章なし >,0,46
。,記号,句点,*,*,*,*,。,。,。,< 章なし >,0,46
三,名詞,数,*,*,*,*,三,サン,サン,< 章なし >,0,47
、,記号,読点,*,*,*,*,、,、,、,< 章なし >,0,47
五,名詞,数,*,*,*,*,五,ゴ,ゴ,< 章なし >,0,47
十,名詞,数,*,*,*,*,十,ジュウ,ジュー,< 章なし >,0,47
枚,名詞,接尾,助数詞,*,*,*,枚,マイ,マイ,< 章なし >,0,47
の,助詞,連体化,*,*,*,*,の,ノ,ノ,< 章なし >,0,47
短篇,名詞,一般,*,*,*,*,短篇,タンペン,タンペン,< 章なし >,0,47
で,助詞,格助詞,一般,*,*,*,で,デ,デ,< 章なし >,0,47
は,助詞,係助詞,*,*,*,*,は,ハ,ワ,< 章なし >,0,47
これ,名詞,代名詞,一般,*,*,*,これ,コレ,コレ,< 章なし >,0,47
も,助詞,係助詞,*,*,*,*,も,モ,モ,< 章なし >,0,47
止む,動詞,自立,*,*,五段・マ行,基本形,止む,ヤム,ヤム,< 章なし >,0,47
を,助詞,格助詞,一般,*,*,*,を,ヲ,ヲ,< 章なし >,0,47
得,動詞,自立,*,*,一段,未然形,得る,エ,エ,< 章なし >,0,47
ない,助動詞,*,*,*,特殊・ナイ,基本形,ない,ナイ,ナイ,< 章なし >,0,47
と,助詞,格助詞,引用,*,*,*,と,ト,ト,< 章なし >,0,47
思ふ,動詞,自立,*,*,四段・ハ行,基本形,思ふ,オモフ,オモウ,< 章なし >,0,47
が,助詞,接続助詞,*,*,*,*,が,ガ,ガ,< 章なし >,0,47
、,記号,読点,*,*,*,*,、,、,、,< 章なし >,0,47
では,名詞,一般,*,*,*,*,出端,デハ,デハ,< 章なし >,0,47
長篇,名詞,一般,*,*,*,*,長篇,チョウヘン,チョーヘン,< 章なし >,0,47
に,助詞,格助詞,一般,*,*,*,に,ニ,ニ,< 章なし >,0,47
その,連体詞,*,*,*,*,*,その,ソノ,ソノ,< 章なし >,0,47
興味,名詞,一般,*,*,*,*,興味,キョウミ,キョーミ,< 章なし >,0,47
の,助詞,連体化,*,*,*,*,の,ノ,ノ,< 章なし >,0,47
濃厚,名詞,形容動詞語幹,*,*,*,*,濃厚,ノウコウ,ノーコー,< 章なし >,0,47
な,助動詞,*,*,*,特殊・ダ,体言接続,だ,ナ,ナ,< 章なし >,0,47
もの,名詞,非自立,一般,*,*,*,もの,モノ,モノ,< 章なし >,0,47
が,助詞,格助詞,一般,*,*,*,が,ガ,ガ,< 章なし >,0,47
ある,動詞,自立,*,*,五段・ラ行,基本形,ある,アル,アル,< 章なし >,0,47
か,助詞,副助詞／並立助詞／終助詞,*,*,*,*,か,カ,カ,< 章なし >,0,47
と,助詞,格助詞,引用,*,*,*,と,ト,ト,< 章なし >,0,47
いふ,動詞,自立,*,*,四段・ハ行,基本形,いふ,イフ,イウ,< 章なし >,0,47
と,助詞,接続助詞,*,*,*,*,と,ト,ト,< 章なし >,0,47
、,記号,読点,*,*,*,*,、,、,、,< 章なし >,0,47
それ,名詞,代名詞,一般,*,*,*,それ,ソレ,ソレ,< 章なし >,0,47
は,助詞,係助詞,*,*,*,*,は,ハ,ワ,< 章なし >,0,47
更,名詞,形容動詞語幹,*,*,*,*,更,サラ,サラ,< 章なし >,0,47
ら,名詞,接尾,一般,*,*,*,ら,ラ,ラ,< 章なし >,0,47
に,助詞,格助詞,一般,*,*,*,に,ニ,ニ,< 章なし >,0,47
甚し,形容詞,自立,*,*,形容詞・アウオ段,文語基本形,甚い,イタシ,イタシ,< 章なし >,0,47
く,形容詞,自立,*,*,形容詞・アウオ段,ガル接続,くい,ク,ク,< 章なし >,0,47
乏しい,形容詞,自立,*,*,形容詞・イ段,基本形,乏しい,トボシイ,トボシイ,< 章なし >,0,47
の,名詞,非自立,一般,*,*,*,の,ノ,ノ,< 章なし >,0,47
で,助動詞,*,*,*,特殊・ダ,連用形,だ,デ,デ,< 章なし >,0,47
ある,助動詞,*,*,*,五段・ラ行アル,基本形,ある,アル,アル,< 章なし >,0,47
。,記号,句点,*,*,*,*,。,。,。,< 章なし >,0,47
私,名詞,代名詞,一般,*,*,*,私,ワタシ,ワタシ,< 章なし >,0,48
は,助詞,係助詞,*,*,*,*,は,ハ,ワ,< 章なし >,0,48
戰爭,名詞,一般,*,*,*,*,*,*,*,< 章なし >,0,48
中,名詞,接尾,副詞可能,*,*,*,中,チュウ,チュー,< 章なし >,0,48
から,助詞,格助詞,一般,*,*,*,から,カラ,カラ,< 章なし >,0,48
戰後,名詞,固有名詞,組織,*,*,*,*,*,*,< 章なし >,0,48
にかけて,助詞,格助詞,連語,*,*,*,にかけて,ニカケテ,ニカケテ,< 章なし >,0,48
、,記号,読点,*,*,*,*,、,、,、,< 章なし >,0,48
英米,名詞,固有名詞,一般,*,*,*,英米,エイベイ,エイベイ,< 章なし >,0,48
の,助詞,連体化,*,*,*,*,の,ノ,ノ,< 章なし >,0,48
著名,名詞,形容動詞語幹,*,*,*,*,著名,チョメイ,チョメイ,< 章なし >,0,48
の,助詞,連体化,*,*,*,*,の,ノ,ノ,< 章なし >,0,48
長篇,名詞,一般,*,*,*,*,長篇,チョウヘン,チョーヘン,< 章なし >,0,48
を,助詞,格助詞,一般,*,*,*,を,ヲ,ヲ,< 章なし >,0,48
從來,名詞,一般,*,*,*,*,*,*,*,< 章なし >,0,48
に,助詞,格助詞,一般,*,*,*,に,ニ,ニ,< 章なし >,0,48
なく,形容詞,自立,*,*,形容詞・アウオ段,連用テ接続,ない,ナク,ナク,< 章なし >,0,48
多量,名詞,形容動詞語幹,*,*,*,*,多量,タリョウ,タリョー,< 章なし >,0,48
に,助詞,副詞化,*,*,*,*,に,ニ,ニ,< 章なし >,0,48
讀ん,動詞,自立,*,*,五段・マ行,連用タ接続,讀む,ヨン,ヨン,< 章なし >,0,48
だ,助動詞,*,*,*,特殊・タ,基本形,だ,ダ,ダ,< 章なし >,0,48
が,助詞,接続助詞,*,*,*,*,が,ガ,ガ,< 章なし >,0,48
、,記号,読点,*,*,*,*,、,、,、,< 章なし >,0,48
讀め,動詞,自立,*,*,五段・マ行,仮定形,讀む,ヨメ,ヨメ,< 章なし >,0,48
ば,助詞,接続助詞,*,*,*,*,ば,バ,バ,< 章なし >,0,48
讀む,動詞,自立,*,*,五段・マ行,基本形,讀む,ヨム,ヨム,< 章なし >,0,48
ほど,助詞,副助詞,*,*,*,*,ほど,ホド,ホド,< 章なし >,0,48
、,記号,読点,*,*,*,*,、,、,、,< 章なし >,0,48
日本,名詞,固有名詞,地域,国,*,*,日本,ニッポン,ニッポン,< 章なし >,0,48
の,助詞,連体化,*,*,*,*,の,ノ,ノ,< 章なし >,0,48
探偵小説,名詞,固有名詞,一般,*,*,*,探偵小説,タンテイショウセツ,タンテイショーセツ,< 章なし >,0,48
は,助詞,係助詞,*,*,*,*,は,ハ,ワ,< 章なし >,0,48
世界,名詞,一般,*,*,*,*,世界,セカイ,セカイ,< 章なし >,0,48
の,助詞,連体化,*,*,*,*,の,ノ,ノ,< 章なし >,0,48
主流,名詞,形容動詞語幹,*,*,*,*,主流,シュリュウ,シュリュー,< 章なし >,0,48
と,助詞,格助詞,引用,*,*,*,と,ト,ト,< 章なし >,0,48
は,助詞,係助詞,*,*,*,*,は,ハ,ワ,< 章なし >,0,48
ひどく,形容詞,自立,*,*,形容詞・アウオ段,連用テ接続,ひどい,ヒドク,ヒドク,< 章なし >,0,48
かけ離れ,動詞,自立,*,*,一段,連用形,かけ離れる,カケハナレ,カケハナレ,< 章なし >,0,48
て,助詞,接続助詞,*,*,*,*,て,テ,テ,< 章なし >,0,48
ゐる,動詞,自立,*,*,一段,基本形,ゐる,ヰル,イル,< 章なし >,0,48
こと,名詞,非自立,一般,*,*,*,こと,コト,コト,< 章なし >,0,48
を,助詞,格助詞,一般,*,*,*,を,ヲ,ヲ,< 章なし >,0,48
、,記号,読点,*,*,*,*,、,、,、,< 章なし >,0,48
段々,副詞,助詞類接続,*,*,*,*,段々,ダンダン,ダンダン,< 章なし >,0,48
強く,形容詞,自立,*,*,形容詞・アウオ段,連用テ接続,強い,ツヨク,ツヨク,< 章なし >,0,48
感じ,動詞,自立,*,*,一段,連用形,感じる,カンジ,カンジ,< 章なし >,0,48
て,助詞,接続助詞,*,*,*,*,て,テ,テ,< 章なし >,0,48
來,名詞,固有名詞,人名,姓,*,*,來,ライ,ライ,< 章なし >,0,48
た,助動詞,*,*,*,特殊・タ,基本形,た,タ,タ,< 章なし >,0,48
。,記号,句点,*,*,*,*,。,。,。,< 章なし >,0,48
我々,名詞,代名詞,一般,*,*,*,我々,ワレワレ,ワレワレ,< 章なし >,0,49
は,助詞,係助詞,*,*,*,*,は,ハ,ワ,< 章なし >,0,49
嘗つて,副詞,一般,*,*,*,*,嘗つて,カツテ,カツテ,< 章なし >,0,49
英米,名詞,固有名詞,一般,*,*,*,英米,エイベイ,エイベイ,< 章なし >,0,49
の,助詞,連体化,*,*,*,*,の,ノ,ノ,< 章なし >,0,49
探偵小説,名詞,固有名詞,一般,*,*,*,探偵小説,タンテイショウセツ,タンテイショーセツ,< 章なし >,0,49
に,助詞,格助詞,一般,*,*,*,に,ニ,ニ,< 章なし >,0,49
刺戟,名詞,サ変接続,*,*,*,*,刺戟,シゲキ,シゲキ,< 章なし >,0,49
を,助詞,格助詞,一般,*,*,*,を,ヲ,ヲ,< 章なし >,0,49
受け,動詞,自立,*,*,一段,連用形,受ける,ウケ,ウケ,< 章なし >,0,49
、,記号,読点,*,*,*,*,、,、,、,< 章なし >,0,49
當,名詞,固有名詞,人名,姓,*,*,當,アタリ,アタリ,< 章なし >,0,49
初,名詞,接尾,一般,*,*,*,初,ハツ,ハツ,< 章なし >,0,49
は,助詞,係助詞,*,*,*,*,は,ハ,ワ,< 章なし >,0,49
さう,副詞,一般,*,*,*,*,さう,ソー,ソー,< 章なし >,0,49
いふ,動詞,自立,*,*,四段・ハ行,基本形,いふ,イフ,イウ,< 章なし >,0,49
方向,名詞,一般,*,*,*,*,方向,ホウコウ,ホーコー,< 章なし >,0,49
を,助詞,格助詞,一般,*,*,*,を,ヲ,ヲ,< 章なし >,0,49
目ざし,動詞,自立,*,*,五段・サ行,連用形,目ざす,メザシ,メザシ,< 章なし >,0,49
て出,名詞,サ変接続,*,*,*,*,手出し,テダシ,テダシ,< 章なし >,0,49
發,名詞,固有名詞,人名,姓,*,*,發,ハツ,ハツ,< 章なし >,0,49
し,動詞,自立,*,*,サ変・スル,連用形,する,シ,シ,< 章なし >,0,49
た,助動詞,*,*,*,特殊・タ,基本形,た,タ,タ,< 章なし >,0,49
の,名詞,非自立,一般,*,*,*,の,ノ,ノ,< 章なし >,0,49
で,助動詞,*,*,*,特殊・ダ,連用形,だ,デ,デ,< 章なし >,0,49
ある,助動詞,*,*,*,五段・ラ行アル,基本形,ある,アル,アル,< 章なし >,0,49
が,助詞,接続助詞,*,*,*,*,が,ガ,ガ,< 章なし >,0,49
、,記号,読点,*,*,*,*,、,、,、,< 章なし >,0,49
まだ,副詞,助詞類接続,*,*,*,*,まだ,マダ,マダ,< 章なし >,0,49
本,接頭詞,名詞接続,*,*,*,*,本,ホン,ホン,< 章なし >,0,49
來,名詞,固有名詞,人名,姓,*,*,來,ライ,ライ,< 章なし >,0,49
の,助詞,連体化,*,*,*,*,の,ノ,ノ,< 章なし >,0,49
探偵小説,名詞,固有名詞,一般,*,*,*,探偵小説,タンテイショウセツ,タンテイショーセツ,< 章なし >,0,49
を,助詞,格助詞,一般,*,*,*,を,ヲ,ヲ,< 章なし >,0,49
卒業,名詞,サ変接続,*,*,*,*,卒業,ソツギョウ,ソツギョー,< 章なし >,0,49
し,動詞,自立,*,*,サ変・スル,未然形,する,シ,シ,< 章なし >,0,49
ない,助動詞,*,*,*,特殊・ナイ,基本形,ない,ナイ,ナイ,< 章なし >,0,49
前,名詞,副詞可能,*,*,*,*,前,マエ,マエ,< 章なし >,0,49
に,助詞,格助詞,一般,*,*,*,に,ニ,ニ,< 章なし >,0,49
、,記号,読点,*,*,*,*,、,、,、,< 章なし >,0,49
いつの間にか,副詞,一般,*,*,*,*,いつの間にか,イツノマニカ,イツノマニカ,< 章なし >,0,49
傍,名詞,一般,*,*,*,*,傍,ハタ,ハタ,< 章なし >,0,49
道,名詞,接尾,一般,*,*,*,道,ドウ,ドー,< 章なし >,0,49
に,助詞,格助詞,一般,*,*,*,に,ニ,ニ,< 章なし >,0,49
それ,動詞,自立,*,*,一段,連用形,それる,ソレ,ソレ,< 章なし >,0,49
て,助詞,接続助詞,*,*,*,*,て,テ,テ,< 章なし >,0,49
しま,名詞,一般,*,*,*,*,しま,シマ,シマ,< 章なし >,0,49
つて,名詞,一般,*,*,*,*,つて,ツテ,ツテ,< 章なし >,0,49
ゐ,動詞,自立,*,*,一段,連用形,ゐる,ヰ,イ,< 章なし >,0,49
た,助動詞,*,*,*,特殊・タ,基本形,た,タ,タ,< 章なし >,0,49
の,名詞,非自立,一般,*,*,*,の,ノ,ノ,< 章なし >,0,49
で,助動詞,*,*,*,特殊・ダ,連用形,だ,デ,デ,< 章なし >,0,49
は,助詞,係助詞,*,*,*,*,は,ハ,ワ,< 章なし >,0,49
ない,助動詞,*,*,*,特殊・ナイ,基本形,ない,ナイ,ナイ,< 章なし >,0,49
か,助詞,副助詞／並立助詞／終助詞,*,*,*,*,か,カ,カ,< 章なし >,0,49
。,記号,句点,*,*,*,*,。,。,。,< 章なし >,0,49
日本,名詞,固有名詞,地域,国,*,*,日本,ニッポン,ニッポン,< 章なし >,0,50
の,助詞,連体化,*,*,*,*,の,ノ,ノ,< 章なし >,0,50
探偵小説,名詞,固有名詞,一般,*,*,*,探偵小説,タンテイショウセツ,タンテイショーセツ,< 章なし >,0,50
に,助詞,格助詞,一般,*,*,*,に,ニ,ニ,< 章なし >,0,50
今,接頭詞,名詞接続,*,*,*,*,今,コン,コン,< 章なし >,0,50
必要,名詞,形容動詞語幹,*,*,*,*,必要,ヒツヨウ,ヒツヨー,< 章なし >,0,50
な,助動詞,*,*,*,特殊・ダ,体言接続,だ,ナ,ナ,< 章なし >,0,50
もの,名詞,非自立,一般,*,*,*,もの,モノ,モノ,< 章なし >,0,50
は,助詞,係助詞,*,*,*,*,は,ハ,ワ,< 章なし >,0,50
文學,名詞,一般,*,*,*,*,文學,ブンガク,ブンガク,< 章なし >,0,50
論,名詞,接尾,一般,*,*,*,論,ロン,ロン,< 章なし >,0,50
で,助詞,格助詞,一般,*,*,*,で,デ,デ,< 章なし >,0,50
は,助詞,係助詞,*,*,*,*,は,ハ,ワ,< 章なし >,0,50
なく,形容詞,自立,*,*,形容詞・アウオ段,連用テ接続,ない,ナク,ナク,< 章なし >,0,50
て,助詞,接続助詞,*,*,*,*,て,テ,テ,< 章なし >,0,50
（,記号,括弧開,*,*,*,*,（,（,（,< 章なし >,0,50
それ,名詞,代名詞,一般,*,*,*,それ,ソレ,ソレ,< 章なし >,0,50
は,助詞,係助詞,*,*,*,*,は,ハ,ワ,< 章なし >,0,50
ある程度,副詞,助詞類接続,*,*,*,*,ある程度,アルテイド,アルテイド,< 章なし >,0,50
持つ,動詞,自立,*,*,五段・タ行,基本形,持つ,モツ,モツ,< 章なし >,0,50
て,助詞,接続助詞,*,*,*,*,て,テ,テ,< 章なし >,0,50
ゐる,動詞,自立,*,*,一段,基本形,ゐる,ヰル,イル,< 章なし >,0,50
の,名詞,非自立,一般,*,*,*,の,ノ,ノ,< 章なし >,0,50
だ,助動詞,*,*,*,特殊・ダ,基本形,だ,ダ,ダ,< 章なし >,0,50
から,助詞,接続助詞,*,*,*,*,から,カラ,カラ,< 章なし >,0,50
）,記号,括弧閉,*,*,*,*,）,）,）,< 章なし >,0,50
却つて,副詞,一般,*,*,*,*,却つて,カエッテ,カエッテ,< 章なし >,0,50
探偵小説,名詞,固有名詞,一般,*,*,*,探偵小説,タンテイショウセツ,タンテイショーセツ,< 章なし >,0,50
論,名詞,接尾,一般,*,*,*,論,ロン,ロン,< 章なし >,0,50
で,助詞,格助詞,一般,*,*,*,で,デ,デ,< 章なし >,0,50
は,助詞,係助詞,*,*,*,*,は,ハ,ワ,< 章なし >,0,50
ない,助動詞,*,*,*,特殊・ナイ,基本形,ない,ナイ,ナイ,< 章なし >,0,50
か,助詞,副助詞／並立助詞／終助詞,*,*,*,*,か,カ,カ,< 章なし >,0,50
。,記号,句点,*,*,*,*,。,。,。,< 章なし >,0,50
そして,接続詞,*,*,*,*,*,そして,ソシテ,ソシテ,< 章なし >,0,51
、,記号,読点,*,*,*,*,、,、,、,< 章なし >,0,51
今,名詞,副詞可能,*,*,*,*,今,イマ,イマ,< 章なし >,0,51
一,名詞,数,*,*,*,*,一,イチ,イチ,< 章なし >,0,51
度,名詞,接尾,助数詞,*,*,*,度,ド,ド,< 章なし >,0,51
本,名詞,一般,*,*,*,*,本,ホン,ホン,< 章なし >,0,51
街道,名詞,一般,*,*,*,*,街道,カイドウ,カイドー,< 章なし >,0,51
に,助詞,格助詞,一般,*,*,*,に,ニ,ニ,< 章なし >,0,51
立,名詞,固有名詞,地域,一般,*,*,立,タツ,タツ,< 章なし >,0,51
戻り,動詞,自立,*,*,五段・ラ行,連用形,戻る,モドリ,モドリ,< 章なし >,0,51
、,記号,読点,*,*,*,*,、,、,、,< 章なし >,0,51
本,接頭詞,名詞接続,*,*,*,*,本,ホン,ホン,< 章なし >,0,51
來,名詞,固有名詞,人名,姓,*,*,來,ライ,ライ,< 章なし >,0,51
の,助詞,連体化,*,*,*,*,の,ノ,ノ,< 章なし >,0,51
探偵小説,名詞,固有名詞,一般,*,*,*,探偵小説,タンテイショウセツ,タンテイショーセツ,< 章なし >,0,51
、,記号,読点,*,*,*,*,、,、,、,< 章なし >,0,51
殊に,副詞,一般,*,*,*,*,殊に,コトニ,コトニ,< 章なし >,0,51
長篇,名詞,一般,*,*,*,*,長篇,チョウヘン,チョーヘン,< 章なし >,0,51
探偵小説,名詞,固有名詞,一般,*,*,*,探偵小説,タンテイショウセツ,タンテイショーセツ,< 章なし >,0,51
に,助詞,格助詞,一般,*,*,*,に,ニ,ニ,< 章なし >,0,51
於,名詞,一般,*,*,*,*,*,*,*,< 章なし >,0,51
て,助詞,格助詞,連語,*,*,*,て,テ,テ,< 章なし >,0,51
、,記号,読点,*,*,*,*,、,、,、,< 章なし >,0,51
英米,名詞,固有名詞,一般,*,*,*,英米,エイベイ,エイベイ,< 章なし >,0,51
の,助詞,連体化,*,*,*,*,の,ノ,ノ,< 章なし >,0,51
傑作,名詞,一般,*,*,*,*,傑作,ケッサク,ケッサク,< 章なし >,0,51
と,助詞,並立助詞,*,*,*,*,と,ト,ト,< 章なし >,0,51
肩,名詞,一般,*,*,*,*,肩,カタ,カタ,< 章なし >,0,51
を,助詞,格助詞,一般,*,*,*,を,ヲ,ヲ,< 章なし >,0,51
並べ,動詞,自立,*,*,一段,連用形,並べる,ナラベ,ナラベ,< 章なし >,0,51
、,記号,読点,*,*,*,*,、,、,、,< 章なし >,0,51
或は,接続詞,*,*,*,*,*,或は,アルイハ,アルイワ,< 章なし >,0,51
それ,名詞,代名詞,一般,*,*,*,それ,ソレ,ソレ,< 章なし >,0,51
を,助詞,格助詞,一般,*,*,*,を,ヲ,ヲ,< 章なし >,0,51
凌駕,名詞,サ変接続,*,*,*,*,凌駕,リョウガ,リョーガ,< 章なし >,0,51
する,動詞,自立,*,*,サ変・スル,基本形,する,スル,スル,< 章なし >,0,51
が,助詞,接続助詞,*,*,*,*,が,ガ,ガ,< 章なし >,0,51
如き,助動詞,*,*,*,文語・ゴトシ,体言接続,如し,ゴトキ,ゴトキ,< 章なし >,0,51
作品,名詞,一般,*,*,*,*,作品,サクヒン,サクヒン,< 章なし >,0,51
を,助詞,格助詞,一般,*,*,*,を,ヲ,ヲ,< 章なし >,0,51
生ま,動詞,自立,*,*,五段・マ行,未然形,生む,ウマ,ウマ,< 章なし >,0,51
なけれ,助動詞,*,*,*,特殊・ナイ,仮定形,ない,ナケレ,ナケレ,< 章なし >,0,51
ば,助詞,接続助詞,*,*,*,*,ば,バ,バ,< 章なし >,0,51
なら,動詞,非自立,*,*,五段・ラ行,未然形,なる,ナラ,ナラ,< 章なし >,0,51
ない,助動詞,*,*,*,特殊・ナイ,基本形,ない,ナイ,ナイ,< 章なし >,0,51
。,記号,句点,*,*,*,*,。,。,。,< 章なし >,0,51
私,名詞,代名詞,一般,*,*,*,私,ワタシ,ワタシ,< 章なし >,0,52
は,助詞,係助詞,*,*,*,*,は,ハ,ワ,< 章なし >,0,52
終,名詞,一般,*,*,*,*,終,オワリ,オワリ,< 章なし >,0,52
戰後,名詞,一般,*,*,*,*,*,*,*,< 章なし >,0,52
探偵小説,名詞,固有名詞,一般,*,*,*,探偵小説,タンテイショウセツ,タンテイショーセツ,< 章なし >,0,52
復興,名詞,サ変接続,*,*,*,*,復興,フッコウ,フッコー,< 章なし >,0,52
の,助詞,連体化,*,*,*,*,の,ノ,ノ,< 章なし >,0,52
機運,名詞,一般,*,*,*,*,機運,キウン,キウン,< 章なし >,0,52
を,助詞,格助詞,一般,*,*,*,を,ヲ,ヲ,< 章なし >,0,52
見,動詞,自立,*,*,一段,連用形,見る,ミ,ミ,< 章なし >,0,52
た,助動詞,*,*,*,特殊・タ,基本形,た,タ,タ,< 章なし >,0,52
時,名詞,非自立,副詞可能,*,*,*,時,トキ,トキ,< 章なし >,0,52
、,記号,読点,*,*,*,*,、,、,、,< 章なし >,0,52
この,連体詞,*,*,*,*,*,この,コノ,コノ,< 章なし >,0,52
事,名詞,非自立,一般,*,*,*,事,コト,コト,< 章なし >,0,52
を,助詞,格助詞,一般,*,*,*,を,ヲ,ヲ,< 章なし >,0,52
最も,副詞,一般,*,*,*,*,最も,モットモ,モットモ,< 章なし >,0,52
強く,形容詞,自立,*,*,形容詞・アウオ段,連用テ接続,強い,ツヨク,ツヨク,< 章なし >,0,52
感じ,動詞,自立,*,*,一段,連用形,感じる,カンジ,カンジ,< 章なし >,0,52
て,助詞,接続助詞,*,*,*,*,て,テ,テ,< 章なし >,0,52
ゐ,動詞,自立,*,*,一段,連用形,ゐる,ヰ,イ,< 章なし >,0,52
た,助動詞,*,*,*,特殊・タ,基本形,た,タ,タ,< 章なし >,0,52
の,名詞,非自立,一般,*,*,*,の,ノ,ノ,< 章なし >,0,52
で,助動詞,*,*,*,特殊・ダ,連用形,だ,デ,デ,< 章なし >,0,52
ある,助動詞,*,*,*,五段・ラ行アル,基本形,ある,アル,アル,< 章なし >,0,52
。,記号,句点,*,*,*,*,。,。,。,< 章なし >,0,52
英米,名詞,固有名詞,一般,*,*,*,英米,エイベイ,エイベイ,< 章なし >,0,53
探偵小説,名詞,固有名詞,一般,*,*,*,探偵小説,タンテイショウセツ,タンテイショーセツ,< 章なし >,0,53
の,助詞,連体化,*,*,*,*,の,ノ,ノ,< 章なし >,0,53
傑作,名詞,一般,*,*,*,*,傑作,ケッサク,ケッサク,< 章なし >,0,53
と,助詞,並立助詞,*,*,*,*,と,ト,ト,< 章なし >,0,53
雖,名詞,一般,*,*,*,*,*,*,*,< 章なし >,0,53
も,助詞,係助詞,*,*,*,*,も,モ,モ,< 章なし >,0,53
純,接頭詞,名詞接続,*,*,*,*,純,ジュン,ジュン,< 章なし >,0,53
粹,名詞,一般,*,*,*,*,*,*,*,< 章なし >,0,53
文學,名詞,一般,*,*,*,*,文學,ブンガク,ブンガク,< 章なし >,0,53
の,助詞,連体化,*,*,*,*,の,ノ,ノ,< 章なし >,0,53
觀點,名詞,一般,*,*,*,*,*,*,*,< 章なし >,0,53
より,助詞,格助詞,一般,*,*,*,より,ヨリ,ヨリ,< 章なし >,0,53
すれ,動詞,自立,*,*,サ変・スル,仮定形,する,スレ,スレ,< 章なし >,0,53
ば,助詞,接続助詞,*,*,*,*,ば,バ,バ,< 章なし >,0,53
決して,副詞,一般,*,*,*,*,決して,ケッシテ,ケッシテ,< 章なし >,0,53
第一流,名詞,一般,*,*,*,*,第一流,ダイイチリュウ,ダイイチリュー,< 章なし >,0,53
の,助詞,連体化,*,*,*,*,の,ノ,ノ,< 章なし >,0,53
もの,名詞,非自立,一般,*,*,*,もの,モノ,モノ,< 章なし >,0,53
で,助動詞,*,*,*,特殊・ダ,連用形,だ,デ,デ,< 章なし >,0,53
は,助詞,係助詞,*,*,*,*,は,ハ,ワ,< 章なし >,0,53
ない,助動詞,*,*,*,特殊・ナイ,基本形,ない,ナイ,ナイ,< 章なし >,0,53
。,記号,句点,*,*,*,*,。,。,。,< 章なし >,0,53
しかし,接続詞,*,*,*,*,*,しかし,シカシ,シカシ,< 章なし >,0,54
最高,名詞,一般,*,*,*,*,最高,サイコウ,サイコー,< 章なし >,0,54
の,助詞,連体化,*,*,*,*,の,ノ,ノ,< 章なし >,0,54
文學,名詞,一般,*,*,*,*,文學,ブンガク,ブンガク,< 章なし >,0,54
で,助動詞,*,*,*,特殊・ダ,連用形,だ,デ,デ,< 章なし >,0,54
ない,助動詞,*,*,*,特殊・ナイ,基本形,ない,ナイ,ナイ,< 章なし >,0,54
から,助詞,接続助詞,*,*,*,*,から,カラ,カラ,< 章なし >,0,54
と,助詞,格助詞,引用,*,*,*,と,ト,ト,< 章なし >,0,54
云,名詞,一般,*,*,*,*,云,ウン,ウン,< 章なし >,0,54
つて,名詞,一般,*,*,*,*,つて,ツテ,ツテ,< 章なし >,0,54
、,記号,読点,*,*,*,*,、,、,、,< 章なし >,0,54
私,名詞,代名詞,一般,*,*,*,私,ワタシ,ワタシ,< 章なし >,0,54
は,助詞,係助詞,*,*,*,*,は,ハ,ワ,< 章なし >,0,54
これ,名詞,代名詞,一般,*,*,*,これ,コレ,コレ,< 章なし >,0,54
を,助詞,格助詞,一般,*,*,*,を,ヲ,ヲ,< 章なし >,0,54
無視,名詞,サ変接続,*,*,*,*,無視,ムシ,ムシ,< 章なし >,0,54
し,動詞,自立,*,*,サ変・スル,未然形,する,シ,シ,< 章なし >,0,54
ない,助動詞,*,*,*,特殊・ナイ,基本形,ない,ナイ,ナイ,< 章なし >,0,54
の,名詞,非自立,一般,*,*,*,の,ノ,ノ,< 章なし >,0,54
で,助動詞,*,*,*,特殊・ダ,連用形,だ,デ,デ,< 章なし >,0,54
ある,助動詞,*,*,*,五段・ラ行アル,基本形,ある,アル,アル,< 章なし >,0,54
。,記号,句点,*,*,*,*,。,。,。,< 章なし >,0,54
無視,名詞,サ変接続,*,*,*,*,無視,ムシ,ムシ,< 章なし >,0,55
し,動詞,自立,*,*,サ変・スル,未然形,する,シ,シ,< 章なし >,0,55
ない,助動詞,*,*,*,特殊・ナイ,基本形,ない,ナイ,ナイ,< 章なし >,0,55
ばかり,助詞,副助詞,*,*,*,*,ばかり,バカリ,バカリ,< 章なし >,0,55
か,助詞,副助詞／並立助詞／終助詞,*,*,*,*,か,カ,カ,< 章なし >,0,55
、,記号,読点,*,*,*,*,、,、,、,< 章なし >,0,55
これ,名詞,代名詞,一般,*,*,*,これ,コレ,コレ,< 章なし >,0,55
を,助詞,格助詞,一般,*,*,*,を,ヲ,ヲ,< 章なし >,0,55
重要視,名詞,サ変接続,*,*,*,*,重要視,ジュウヨウシ,ジューヨーシ,< 章なし >,0,55
し,動詞,自立,*,*,サ変・スル,連用形,する,シ,シ,< 章なし >,0,55
、,記号,読点,*,*,*,*,、,、,、,< 章なし >,0,55
日本,名詞,固有名詞,地域,国,*,*,日本,ニッポン,ニッポン,< 章なし >,0,55
の,助詞,連体化,*,*,*,*,の,ノ,ノ,< 章なし >,0,55
探偵小説,名詞,固有名詞,一般,*,*,*,探偵小説,タンテイショウセツ,タンテイショーセツ,< 章なし >,0,55
が,助詞,格助詞,一般,*,*,*,が,ガ,ガ,< 章なし >,0,55
その,連体詞,*,*,*,*,*,その,ソノ,ソノ,< 章なし >,0,55
本,接頭詞,名詞接続,*,*,*,*,本,ホン,ホン,< 章なし >,0,55
來,名詞,固有名詞,人名,姓,*,*,來,ライ,ライ,< 章なし >,0,55
の,助詞,連体化,*,*,*,*,の,ノ,ノ,< 章なし >,0,55
興味,名詞,一般,*,*,*,*,興味,キョウミ,キョーミ,< 章なし >,0,55
に,助詞,格助詞,一般,*,*,*,に,ニ,ニ,< 章なし >,0,55
於,名詞,一般,*,*,*,*,*,*,*,< 章なし >,0,55
て,助詞,格助詞,連語,*,*,*,て,テ,テ,< 章なし >,0,55
英,名詞,固有名詞,地域,国,*,*,英,エイ,エイ,< 章なし >,0,55
米,名詞,固有名詞,地域,国,*,*,米,ベイ,ベイ,< 章なし >,0,55
傑作,名詞,一般,*,*,*,*,傑作,ケッサク,ケッサク,< 章なし >,0,55
の,助詞,連体化,*,*,*,*,の,ノ,ノ,< 章なし >,0,55
水準,名詞,一般,*,*,*,*,水準,スイジュン,スイジュン,< 章なし >,0,55
に,助詞,格助詞,一般,*,*,*,に,ニ,ニ,< 章なし >,0,55
達し,動詞,自立,*,*,五段・サ行,連用形,達す,タッシ,タッシ,< 章なし >,0,55
て,助詞,接続助詞,*,*,*,*,て,テ,テ,< 章なし >,0,55
ゐ,動詞,自立,*,*,一段,未然形,ゐる,ヰ,イ,< 章なし >,0,55
ない,助動詞,*,*,*,特殊・ナイ,基本形,ない,ナイ,ナイ,< 章なし >,0,55
こと,名詞,非自立,一般,*,*,*,こと,コト,コト,< 章なし >,0,55
を,助詞,格助詞,一般,*,*,*,を,ヲ,ヲ,< 章なし >,0,55
殘念,名詞,一般,*,*,*,*,*,*,*,< 章なし >,0,55
に,助詞,格助詞,一般,*,*,*,に,ニ,ニ,< 章なし >,0,55
思ふ,動詞,自立,*,*,四段・ハ行,基本形,思ふ,オモフ,オモウ,< 章なし >,0,55
の,名詞,非自立,一般,*,*,*,の,ノ,ノ,< 章なし >,0,55
で,助動詞,*,*,*,特殊・ダ,連用形,だ,デ,デ,< 章なし >,0,55
ある,助動詞,*,*,*,五段・ラ行アル,基本形,ある,アル,アル,< 章なし >,0,55
。,記号,句点,*,*,*,*,。,。,。,< 章なし >,0,55
今後,名詞,副詞可能,*,*,*,*,今後,コンゴ,コンゴ,< 章なし >,0,56
我々,名詞,代名詞,一般,*,*,*,我々,ワレワレ,ワレワレ,< 章なし >,0,56
は,助詞,係助詞,*,*,*,*,は,ハ,ワ,< 章なし >,0,56
好む,動詞,自立,*,*,五段・マ行,基本形,好む,コノム,コノム,< 章なし >,0,56
と,助詞,接続助詞,*,*,*,*,と,ト,ト,< 章なし >,0,56
好ま,動詞,自立,*,*,五段・マ行,未然形,好む,コノマ,コノマ,< 章なし >,0,56
ざる,助動詞,*,*,*,特殊・ヌ,体言接続,ぬ,ザル,ザル,< 章なし >,0,56
と,助詞,並立助詞,*,*,*,*,と,ト,ト,< 章なし >,0,56
に,助詞,格助詞,一般,*,*,*,に,ニ,ニ,< 章なし >,0,56
拘ら,動詞,自立,*,*,五段・ラ行,未然形,拘る,カカワラ,カカワラ,< 章なし >,0,56
ず,助動詞,*,*,*,特殊・ヌ,連用ニ接続,ぬ,ズ,ズ,< 章なし >,0,56
、,記号,読点,*,*,*,*,、,、,、,< 章なし >,0,56
從來,名詞,一般,*,*,*,*,*,*,*,< 章なし >,0,56
より,助詞,格助詞,一般,*,*,*,より,ヨリ,ヨリ,< 章なし >,0,56
も,助詞,係助詞,*,*,*,*,も,モ,モ,< 章なし >,0,56
一層,副詞,助詞類接続,*,*,*,*,一層,イッソウ,イッソー,< 章なし >,0,56
世界,名詞,一般,*,*,*,*,世界,セカイ,セカイ,< 章なし >,0,56
人,名詞,接尾,一般,*,*,*,人,ジン,ジン,< 章なし >,0,56
の,助詞,連体化,*,*,*,*,の,ノ,ノ,< 章なし >,0,56
立場,名詞,一般,*,*,*,*,立場,タチバ,タチバ,< 章なし >,0,56
に,助詞,格助詞,一般,*,*,*,に,ニ,ニ,< 章なし >,0,56
立た,動詞,自立,*,*,五段・タ行,未然形,立つ,タタ,タタ,< 章なし >,0,56
なけれ,助動詞,*,*,*,特殊・ナイ,仮定形,ない,ナケレ,ナケレ,< 章なし >,0,56
ば,助詞,接続助詞,*,*,*,*,ば,バ,バ,< 章なし >,0,56
なら,動詞,非自立,*,*,五段・ラ行,未然形,なる,ナラ,ナラ,< 章なし >,0,56
ない,助動詞,*,*,*,特殊・ナイ,基本形,ない,ナイ,ナイ,< 章なし >,0,56
。,記号,句点,*,*,*,*,。,。,。,< 章なし >,0,56
探偵小説,名詞,固有名詞,一般,*,*,*,探偵小説,タンテイショウセツ,タンテイショーセツ,< 章なし >,0,57
も,助詞,係助詞,*,*,*,*,も,モ,モ,< 章なし >,0,57
その,連体詞,*,*,*,*,*,その,ソノ,ソノ,< 章なし >,0,57
例外,名詞,一般,*,*,*,*,例外,レイガイ,レイガイ,< 章なし >,0,57
で,助詞,格助詞,一般,*,*,*,で,デ,デ,< 章なし >,0,57
は,助詞,係助詞,*,*,*,*,は,ハ,ワ,< 章なし >,0,57
ない,助動詞,*,*,*,特殊・ナイ,基本形,ない,ナイ,ナイ,< 章なし >,0,57
。,記号,句点,*,*,*,*,。,。,。,< 章なし >,0,57
これ,名詞,代名詞,一般,*,*,*,これ,コレ,コレ,< 章なし >,0,58
を,助詞,格助詞,一般,*,*,*,を,ヲ,ヲ,< 章なし >,0,58
世界的,名詞,固有名詞,一般,*,*,*,世界的,セカイテキ,セカイテキ,< 章なし >,0,58
觀點,名詞,一般,*,*,*,*,*,*,*,< 章なし >,0,58
から,助詞,格助詞,一般,*,*,*,から,カラ,カラ,< 章なし >,0,58
批判,名詞,サ変接続,*,*,*,*,批判,ヒハン,ヒハン,< 章なし >,0,58
し,動詞,自立,*,*,サ変・スル,連用形,する,シ,シ,< 章なし >,0,58
育成,名詞,サ変接続,*,*,*,*,育成,イクセイ,イクセイ,< 章なし >,0,58
し,動詞,自立,*,*,サ変・スル,未然形,する,シ,シ,< 章なし >,0,58
なけれ,助動詞,*,*,*,特殊・ナイ,仮定形,ない,ナケレ,ナケレ,< 章なし >,0,58
ば,助詞,接続助詞,*,*,*,*,ば,バ,バ,< 章なし >,0,58
なら,動詞,非自立,*,*,五段・ラ行,未然形,なる,ナラ,ナラ,< 章なし >,0,58
ない,助動詞,*,*,*,特殊・ナイ,基本形,ない,ナイ,ナイ,< 章なし >,0,58
。,記号,句点,*,*,*,*,。,。,。,< 章なし >,0,58
さう,副詞,一般,*,*,*,*,さう,ソー,ソー,< 章なし >,0,59
いふ,動詞,自立,*,*,四段・ハ行,基本形,いふ,イフ,イウ,< 章なし >,0,59
意味,名詞,サ変接続,*,*,*,*,意味,イミ,イミ,< 章なし >,0,59
から,助詞,格助詞,一般,*,*,*,から,カラ,カラ,< 章なし >,0,59
も,助詞,係助詞,*,*,*,*,も,モ,モ,< 章なし >,0,59
、,記号,読点,*,*,*,*,、,、,、,< 章なし >,0,59
日本,名詞,固有名詞,地域,国,*,*,日本,ニッポン,ニッポン,< 章なし >,0,59
の,助詞,連体化,*,*,*,*,の,ノ,ノ,< 章なし >,0,59
探偵小説,名詞,固有名詞,一般,*,*,*,探偵小説,タンテイショウセツ,タンテイショーセツ,< 章なし >,0,59
は,助詞,係助詞,*,*,*,*,は,ハ,ワ,< 章なし >,0,59
全,接頭詞,名詞接続,*,*,*,*,全,ゼン,ゼン,< 章なし >,0,59
體,名詞,一般,*,*,*,*,*,*,*,< 章なし >,0,59
として,助詞,格助詞,連語,*,*,*,として,トシテ,トシテ,< 章なし >,0,59
は,助詞,係助詞,*,*,*,*,は,ハ,ワ,< 章なし >,0,59
世界,名詞,一般,*,*,*,*,世界,セカイ,セカイ,< 章なし >,0,59
の,助詞,連体化,*,*,*,*,の,ノ,ノ,< 章なし >,0,59
本道,名詞,一般,*,*,*,*,本道,ホンドウ,ホンドー,< 章なし >,0,59
に,助詞,格助詞,一般,*,*,*,に,ニ,ニ,< 章なし >,0,59
立,名詞,固有名詞,地域,一般,*,*,立,タツ,タツ,< 章なし >,0,59
歸,名詞,一般,*,*,*,*,*,*,*,< 章なし >,0,59
る,助動詞,*,*,*,文語・ル,基本形,る,ル,ル,< 章なし >,0,59
こと,名詞,非自立,一般,*,*,*,こと,コト,コト,< 章なし >,0,59
が,助詞,格助詞,一般,*,*,*,が,ガ,ガ,< 章なし >,0,59
望ましい,形容詞,自立,*,*,形容詞・イ段,基本形,望ましい,ノゾマシイ,ノゾマシイ,< 章なし >,0,59
の,名詞,非自立,一般,*,*,*,の,ノ,ノ,< 章なし >,0,59
で,助動詞,*,*,*,特殊・ダ,連用形,だ,デ,デ,< 章なし >,0,59
ある,助動詞,*,*,*,五段・ラ行アル,基本形,ある,アル,アル,< 章なし >,0,59
。,記号,句点,*,*,*,*,。,。,。,< 章なし >,0,59
以上,名詞,非自立,副詞可能,*,*,*,以上,イジョウ,イジョー,< 章なし >,0,60
は,助詞,係助詞,*,*,*,*,は,ハ,ワ,< 章なし >,0,60
現,接頭詞,名詞接続,*,*,*,*,現,ゲン,ゲン,< 章なし >,0,60
實,名詞,固有名詞,人名,名,*,*,實,ミノル,ミノル,< 章なし >,0,60
當,名詞,固有名詞,人名,姓,*,*,當,アタリ,アタリ,< 章なし >,0,60
面,名詞,接尾,一般,*,*,*,面,メン,メン,< 章なし >,0,60
の,助詞,連体化,*,*,*,*,の,ノ,ノ,< 章なし >,0,60
問題,名詞,ナイ形容詞語幹,*,*,*,*,問題,モンダイ,モンダイ,< 章なし >,0,60
で,助動詞,*,*,*,特殊・ダ,連用形,だ,デ,デ,< 章なし >,0,60
ある,助動詞,*,*,*,五段・ラ行アル,基本形,ある,アル,アル,< 章なし >,0,60
が,助詞,接続助詞,*,*,*,*,が,ガ,ガ,< 章なし >,0,60
、,記号,読点,*,*,*,*,、,、,、,< 章なし >,0,60
目,名詞,一般,*,*,*,*,目,メ,メ,< 章なし >,0,60
を,助詞,格助詞,一般,*,*,*,を,ヲ,ヲ,< 章なし >,0,60
遙か,副詞,一般,*,*,*,*,遙か,ハルカ,ハルカ,< 章なし >,0,60
なる,動詞,自立,*,*,五段・ラ行,基本形,なる,ナル,ナル,< 章なし >,0,60
水平線,名詞,固有名詞,人名,一般,*,*,水平線,スイヘイセン,スイヘイセン,< 章なし >,0,60
の,助詞,連体化,*,*,*,*,の,ノ,ノ,< 章なし >,0,60
彼方,名詞,一般,*,*,*,*,彼方,カナタ,カナタ,< 章なし >,0,60
に,助詞,格助詞,一般,*,*,*,に,ニ,ニ,< 章なし >,0,60
馳せ,動詞,自立,*,*,一段,連用形,馳せる,ハセ,ハセ,< 章なし >,0,60
、,記号,読点,*,*,*,*,、,、,、,< 章なし >,0,60
遠き,形容詞,自立,*,*,形容詞・アウオ段,体言接続,遠い,トオキ,トーキ,< 章なし >,0,60
理想,名詞,一般,*,*,*,*,理想,リソウ,リソー,< 章なし >,0,60
を,助詞,格助詞,一般,*,*,*,を,ヲ,ヲ,< 章なし >,0,60
語る,動詞,自立,*,*,五段・ラ行,基本形,語る,カタル,カタル,< 章なし >,0,60
場合,名詞,副詞可能,*,*,*,*,場合,バアイ,バアイ,< 章なし >,0,60
に,助詞,格助詞,一般,*,*,*,に,ニ,ニ,< 章なし >,0,60
は,助詞,係助詞,*,*,*,*,は,ハ,ワ,< 章なし >,0,60
、,記号,読点,*,*,*,*,、,、,、,< 章なし >,0,60
又,接続詞,*,*,*,*,*,又,マタ,マタ,< 章なし >,0,60
おの,名詞,一般,*,*,*,*,おの,オノ,オノ,< 章なし >,0,60
づか,動詞,自立,*,*,五段・カ行イ音便,未然形,づく,ヅカ,ズカ,< 章なし >,0,60
ら,名詞,接尾,一般,*,*,*,ら,ラ,ラ,< 章なし >,0,60
別個,名詞,一般,*,*,*,*,別個,ベッコ,ベッコ,< 章なし >,0,60
の,助詞,連体化,*,*,*,*,の,ノ,ノ,< 章なし >,0,60
感想,名詞,一般,*,*,*,*,感想,カンソウ,カンソー,< 章なし >,0,60
が,助詞,格助詞,一般,*,*,*,が,ガ,ガ,< 章なし >,0,60
ある,動詞,自立,*,*,五段・ラ行,基本形,ある,アル,アル,< 章なし >,0,60
。,記号,句点,*,*,*,*,。,。,。,< 章なし >,0,60
私,名詞,代名詞,一般,*,*,*,私,ワタシ,ワタシ,< 章なし >,0,61
は,助詞,係助詞,*,*,*,*,は,ハ,ワ,< 章なし >,0,61
昭和,名詞,固有名詞,一般,*,*,*,昭和,ショウワ,ショーワ,< 章なし >,0,61
十,名詞,数,*,*,*,*,十,ジュウ,ジュー,< 章なし >,0,61
一,名詞,数,*,*,*,*,一,イチ,イチ,< 章なし >,0,61
年,名詞,接尾,助数詞,*,*,*,年,ネン,ネン,< 章なし >,0,61
頃,名詞,接尾,副詞可能,*,*,*,頃,ゴロ,ゴロ,< 章なし >,0,61
の,助詞,連体化,*,*,*,*,の,ノ,ノ,< 章なし >,0,61
隨筆,名詞,一般,*,*,*,*,*,*,*,< 章なし >,0,61
「,記号,括弧開,*,*,*,*,「,「,「,< 章なし >,0,61
探偵小説,名詞,固有名詞,一般,*,*,*,探偵小説,タンテイショウセツ,タンテイショーセツ,< 章なし >,0,61
の,助詞,連体化,*,*,*,*,の,ノ,ノ,< 章なし >,0,61
意欲,名詞,一般,*,*,*,*,意欲,イヨク,イヨク,< 章なし >,0,61
」,記号,括弧閉,*,*,*,*,」,」,」,< 章なし >,0,61
の,助詞,連体化,*,*,*,*,の,ノ,ノ,< 章なし >,0,61
中,名詞,非自立,副詞可能,*,*,*,中,ナカ,ナカ,< 章なし >,0,61
に,助詞,格助詞,一般,*,*,*,に,ニ,ニ,< 章なし >,0,61
、,記号,読点,*,*,*,*,、,、,、,< 章なし >,0,61
「,記号,括弧開,*,*,*,*,「,「,「,< 章なし >,0,61
一口,名詞,一般,*,*,*,*,一口,ヒトクチ,ヒトクチ,< 章なし >,0,61
に,助詞,格助詞,一般,*,*,*,に,ニ,ニ,< 章なし >,0,61
云,名詞,一般,*,*,*,*,云,ウン,ウン,< 章なし >,0,61
へ,助詞,格助詞,一般,*,*,*,へ,ヘ,エ,< 章なし >,0,61
ば,助詞,接続助詞,*,*,*,*,ば,バ,バ,< 章なし >,0,61
それ,名詞,代名詞,一般,*,*,*,それ,ソレ,ソレ,< 章なし >,0,61
は,助詞,係助詞,*,*,*,*,は,ハ,ワ,< 章なし >,0,61
割り切れる,動詞,自立,*,*,一段,基本形,割り切れる,ワリキレル,ワリキレル,< 章なし >,0,61
もの,名詞,非自立,一般,*,*,*,もの,モノ,モノ,< 章なし >,0,61
と,助詞,格助詞,引用,*,*,*,と,ト,ト,< 章なし >,0,61
割り切れ,動詞,自立,*,*,一段,未然形,割り切れる,ワリキレ,ワリキレ,< 章なし >,0,61
ない,助動詞,*,*,*,特殊・ナイ,基本形,ない,ナイ,ナイ,< 章なし >,0,61
もの,名詞,非自立,一般,*,*,*,もの,モノ,モノ,< 章なし >,0,61
、,記号,読点,*,*,*,*,、,、,、,< 章なし >,0,61
科,名詞,一般,*,*,*,*,科,カ,カ,< 章なし >,0,61
學,名詞,固有名詞,人名,名,*,*,學,マナブ,マナブ,< 章なし >,0,61
精神,名詞,一般,*,*,*,*,精神,セイシン,セイシン,< 章なし >,0,61
と,助詞,並立助詞,*,*,*,*,と,ト,ト,< 章なし >,0,61
藝,名詞,一般,*,*,*,*,藝,ゲイ,ゲイ,< 章なし >,0,61
術,名詞,接尾,一般,*,*,*,術,ジュツ,ジュツ,< 章なし >,0,61
精神,名詞,一般,*,*,*,*,精神,セイシン,セイシン,< 章なし >,0,61
と,助詞,並立助詞,*,*,*,*,と,ト,ト,< 章なし >,0,61
を,助詞,格助詞,一般,*,*,*,を,ヲ,ヲ,< 章なし >,0,61
如何,名詞,形容動詞語幹,*,*,*,*,如何,イカガ,イカガ,< 章なし >,0,61
に,助詞,格助詞,一般,*,*,*,に,ニ,ニ,< 章なし >,0,61
し,動詞,自立,*,*,サ変・スル,連用形,する,シ,シ,< 章なし >,0,61
て,助詞,接続助詞,*,*,*,*,て,テ,テ,< 章なし >,0,61
有機的,名詞,固有名詞,一般,*,*,*,有機的,ユウキテキ,ユーキテキ,< 章なし >,0,61
に,助詞,格助詞,一般,*,*,*,に,ニ,ニ,< 章なし >,0,61
化合,名詞,サ変接続,*,*,*,*,化合,カゴウ,カゴー,< 章なし >,0,61
せ,動詞,自立,*,*,サ変・スル,未然ヌ接続,する,セ,セ,< 章なし >,0,61
し,助動詞,*,*,*,文語・キ,体言接続,き,シ,シ,< 章なし >,0,61
めん,名詞,一般,*,*,*,*,めん,メン,メン,< 章なし >,0,61
か,助詞,副助詞／並立助詞／終助詞,*,*,*,*,か,カ,カ,< 章なし >,0,61
と,助詞,格助詞,引用,*,*,*,と,ト,ト,< 章なし >,0,61
の,助詞,連体化,*,*,*,*,の,ノ,ノ,< 章なし >,0,61
苦,名詞,一般,*,*,*,*,苦,ク,ク,< 章なし >,0,61
惱,名詞,一般,*,*,*,*,*,*,*,< 章なし >,0,61
で,助動詞,*,*,*,特殊・ダ,連用形,だ,デ,デ,< 章なし >,0,61
ある,助動詞,*,*,*,五段・ラ行アル,基本形,ある,アル,アル,< 章なし >,0,61
。,記号,句点,*,*,*,*,。,。,。,< 章なし >,0,61
探偵小説,名詞,固有名詞,一般,*,*,*,探偵小説,タンテイショウセツ,タンテイショーセツ,< 章なし >,0,62
は,助詞,係助詞,*,*,*,*,は,ハ,ワ,< 章なし >,0,62
割り切れる,動詞,自立,*,*,一段,基本形,割り切れる,ワリキレル,ワリキレル,< 章なし >,0,62
世界,名詞,一般,*,*,*,*,世界,セカイ,セカイ,< 章なし >,0,62
の,助詞,連体化,*,*,*,*,の,ノ,ノ,< 章なし >,0,62
もの,名詞,非自立,一般,*,*,*,もの,モノ,モノ,< 章なし >,0,62
で,助動詞,*,*,*,特殊・ダ,連用形,だ,デ,デ,< 章なし >,0,62
ある,助動詞,*,*,*,五段・ラ行アル,基本形,ある,アル,アル,< 章なし >,0,62
として,助詞,格助詞,連語,*,*,*,として,トシテ,トシテ,< 章なし >,0,62
英,名詞,固有名詞,地域,国,*,*,英,エイ,エイ,< 章なし >,0,62
米,名詞,固有名詞,地域,国,*,*,米,ベイ,ベイ,< 章なし >,0,62
探偵小説,名詞,固有名詞,一般,*,*,*,探偵小説,タンテイショウセツ,タンテイショーセツ,< 章なし >,0,62
の,助詞,連体化,*,*,*,*,の,ノ,ノ,< 章なし >,0,62
舊道,名詞,一般,*,*,*,*,*,*,*,< 章なし >,0,62
に,助詞,格助詞,一般,*,*,*,に,ニ,ニ,< 章なし >,0,62
安住,名詞,サ変接続,*,*,*,*,安住,アンジュウ,アンジュー,< 章なし >,0,62
する,動詞,自立,*,*,サ変・スル,基本形,する,スル,スル,< 章なし >,0,62
の,名詞,非自立,一般,*,*,*,の,ノ,ノ,< 章なし >,0,62
は,助詞,係助詞,*,*,*,*,は,ハ,ワ,< 章なし >,0,62
たやすい,形容詞,自立,*,*,形容詞・アウオ段,基本形,たやすい,タヤスイ,タヤスイ,< 章なし >,0,62
。,記号,句点,*,*,*,*,。,。,。,< 章なし >,0,62
又,接続詞,*,*,*,*,*,又,マタ,マタ,< 章なし >,0,63
その,連体詞,*,*,*,*,*,その,ソノ,ソノ,< 章なし >,0,63
常識,名詞,一般,*,*,*,*,常識,ジョウシキ,ジョーシキ,< 章なし >,0,63
論理,名詞,一般,*,*,*,*,論理,ロンリ,ロンリ,< 章なし >,0,63
の,助詞,連体化,*,*,*,*,の,ノ,ノ,< 章なし >,0,63
マンネリズム,名詞,一般,*,*,*,*,マンネリズム,マンネリズム,マンネリズム,< 章なし >,0,63
にあ,名詞,形容動詞語幹,*,*,*,*,ニア,ニア,ニア,< 章なし >,0,63
きたら,動詞,自立,*,*,五段・ラ行,未然形,きたる,キタラ,キタラ,< 章なし >,0,63
ず,助動詞,*,*,*,特殊・ヌ,連用ニ接続,ぬ,ズ,ズ,< 章なし >,0,63
し,動詞,自立,*,*,サ変・スル,連用形,する,シ,シ,< 章なし >,0,63
て,助詞,接続助詞,*,*,*,*,て,テ,テ,< 章なし >,0,63
、,記号,読点,*,*,*,*,、,、,、,< 章なし >,0,63
探偵小説,名詞,固有名詞,一般,*,*,*,探偵小説,タンテイショウセツ,タンテイショーセツ,< 章なし >,0,63
そのもの,名詞,一般,*,*,*,*,そのもの,ソノモノ,ソノモノ,< 章なし >,0,63
を,助詞,格助詞,一般,*,*,*,を,ヲ,ヲ,< 章なし >,0,63
捨て去り,動詞,自立,*,*,五段・ラ行,連用形,捨て去る,ステサリ,ステサリ,< 章なし >,0,63
、,記号,読点,*,*,*,*,、,、,、,< 章なし >,0,63
別,名詞,一般,*,*,*,*,別,ベツ,ベツ,< 章なし >,0,63
の,助詞,格助詞,一般,*,*,*,の,ノ,ノ,< 章なし >,0,63
割り切れ,動詞,自立,*,*,一段,未然形,割り切れる,ワリキレ,ワリキレ,< 章なし >,0,63
ぬ,助動詞,*,*,*,特殊・ヌ,基本形,ぬ,ヌ,ヌ,< 章なし >,0,63
もの,名詞,非自立,一般,*,*,*,もの,モノ,モノ,< 章なし >,0,63
の,助詞,連体化,*,*,*,*,の,ノ,ノ,< 章なし >,0,63
世界,名詞,一般,*,*,*,*,世界,セカイ,セカイ,< 章なし >,0,63
へ,助詞,格助詞,一般,*,*,*,へ,ヘ,エ,< 章なし >,0,63
踏み込ん,動詞,自立,*,*,五段・マ行,連用タ接続,踏み込む,フミコン,フミコン,< 章なし >,0,63
で,助詞,接続助詞,*,*,*,*,で,デ,デ,< 章なし >,0,63
行く,動詞,非自立,*,*,五段・カ行促音便,基本形,行く,イク,イク,< 章なし >,0,63
の,名詞,非自立,一般,*,*,*,の,ノ,ノ,< 章なし >,0,63
も,助詞,係助詞,*,*,*,*,も,モ,モ,< 章なし >,0,63
難しい,形容詞,自立,*,*,形容詞・イ段,基本形,難しい,ムズカシイ,ムズカシイ,< 章なし >,0,63
こと,名詞,非自立,一般,*,*,*,こと,コト,コト,< 章なし >,0,63
で,助動詞,*,*,*,特殊・ダ,連用形,だ,デ,デ,< 章なし >,0,63
は,助詞,係助詞,*,*,*,*,は,ハ,ワ,< 章なし >,0,63
ない,助動詞,*,*,*,特殊・ナイ,基本形,ない,ナイ,ナイ,< 章なし >,0,63
。,記号,句点,*,*,*,*,。,。,。,< 章なし >,0,63
だが,接続詞,*,*,*,*,*,だが,ダガ,ダガ,< 章なし >,0,64
、,記号,読点,*,*,*,*,、,、,、,< 章なし >,0,64
その,連体詞,*,*,*,*,*,その,ソノ,ソノ,< 章なし >,0,64
いづれ,動詞,自立,*,*,下二・ダ行,仮定形,いづ,イヅレ,イズレ,< 章なし >,0,64
にも,名詞,固有名詞,人名,一般,*,*,にも,ニモ,ニモ,< 章なし >,0,64
滿,名詞,固有名詞,人名,名,*,*,滿,ミツル,ミツル,< 章なし >,0,64
足,名詞,一般,*,*,*,*,足,アシ,アシ,< 章なし >,0,64
しない,名詞,一般,*,*,*,*,しない,シナイ,シナイ,< 章なし >,0,64
心,名詞,接尾,一般,*,*,*,心,シン,シン,< 章なし >,0,64
、,記号,読点,*,*,*,*,、,、,、,< 章なし >,0,64
そして,接続詞,*,*,*,*,*,そして,ソシテ,ソシテ,< 章なし >,0,64
兩者,名詞,一般,*,*,*,*,*,*,*,< 章なし >,0,64
融合,名詞,サ変接続,*,*,*,*,融合,ユウゴウ,ユーゴー,< 章なし >,0,64
の,助詞,連体化,*,*,*,*,の,ノ,ノ,< 章なし >,0,64
新世界,名詞,固有名詞,一般,*,*,*,新世界,シンセカイ,シンセカイ,< 章なし >,0,64
に,助詞,格助詞,一般,*,*,*,に,ニ,ニ,< 章なし >,0,64
憧れる,動詞,自立,*,*,一段,基本形,憧れる,アコガレル,アコガレル,< 章なし >,0,64
貪慾,名詞,形容動詞語幹,*,*,*,*,貪慾,ドンヨク,ドンヨク,< 章なし >,0,64
、,記号,読点,*,*,*,*,、,、,、,< 章なし >,0,64
こ,名詞,一般,*,*,*,*,こ,コ,コ,< 章なし >,0,64
ゝ,記号,一般,*,*,*,*,ゝ,ゝ,ゝ,< 章なし >,0,64
に,助詞,格助詞,一般,*,*,*,に,ニ,ニ,< 章なし >,0,64
探偵小説,名詞,固有名詞,一般,*,*,*,探偵小説,タンテイショウセツ,タンテイショーセツ,< 章なし >,0,64
の,助詞,連体化,*,*,*,*,の,ノ,ノ,< 章なし >,0,64
根本,名詞,一般,*,*,*,*,根本,コンポン,コンポン,< 章なし >,0,64
的,名詞,接尾,形容動詞語幹,*,*,*,的,テキ,テキ,< 章なし >,0,64
な,助動詞,*,*,*,特殊・ダ,体言接続,だ,ナ,ナ,< 章なし >,0,64
苦,名詞,一般,*,*,*,*,苦,ク,ク,< 章なし >,0,64
惱,名詞,一般,*,*,*,*,*,*,*,< 章なし >,0,64
が,助詞,格助詞,一般,*,*,*,が,ガ,ガ,< 章なし >,0,64
ある,動詞,自立,*,*,五段・ラ行,基本形,ある,アル,アル,< 章なし >,0,64
」,記号,括弧閉,*,*,*,*,」,」,」,< 章なし >,0,64
と,助詞,格助詞,引用,*,*,*,と,ト,ト,< 章なし >,0,64
書い,動詞,自立,*,*,五段・カ行イ音便,連用タ接続,書く,カイ,カイ,< 章なし >,0,64
て,助詞,接続助詞,*,*,*,*,て,テ,テ,< 章なし >,0,64
ゐる,動詞,自立,*,*,一段,基本形,ゐる,ヰル,イル,< 章なし >,0,64
。,記号,句点,*,*,*,*,。,。,。,< 章なし >,0,64
これ,名詞,代名詞,一般,*,*,*,これ,コレ,コレ,< 章なし >,0,65
は,助詞,係助詞,*,*,*,*,は,ハ,ワ,< 章なし >,0,65
永遠の夢,名詞,固有名詞,一般,*,*,*,永遠の夢,エイエンノユメ,エイエンノユメ,< 章なし >,0,65
で,助動詞,*,*,*,特殊・ダ,連用形,だ,デ,デ,< 章なし >,0,65
ある,助動詞,*,*,*,五段・ラ行アル,基本形,ある,アル,アル,< 章なし >,0,65
かも,助詞,副助詞,*,*,*,*,かも,カモ,カモ,< 章なし >,0,65
知れ,動詞,自立,*,*,一段,未然形,知れる,シレ,シレ,< 章なし >,0,65
ない,助動詞,*,*,*,特殊・ナイ,基本形,ない,ナイ,ナイ,< 章なし >,0,65
。,記号,句点,*,*,*,*,。,。,。,< 章なし >,0,65
夢,名詞,一般,*,*,*,*,夢,ユメ,ユメ,< 章なし >,0,66
は,助詞,係助詞,*,*,*,*,は,ハ,ワ,< 章なし >,0,66
夢,名詞,一般,*,*,*,*,夢,ユメ,ユメ,< 章なし >,0,66
なる,動詞,自立,*,*,五段・ラ行,基本形,なる,ナル,ナル,< 章なし >,0,66
が,助詞,接続助詞,*,*,*,*,が,ガ,ガ,< 章なし >,0,66
故に,接続詞,*,*,*,*,*,故に,ユエニ,ユエニ,< 章なし >,0,66
尊い,形容詞,自立,*,*,形容詞・アウオ段,基本形,尊い,トウトイ,トートイ,< 章なし >,0,66
の,名詞,非自立,一般,*,*,*,の,ノ,ノ,< 章なし >,0,66
かも,助詞,副助詞,*,*,*,*,かも,カモ,カモ,< 章なし >,0,66
知れ,動詞,自立,*,*,一段,未然形,知れる,シレ,シレ,< 章なし >,0,66
ない,助動詞,*,*,*,特殊・ナイ,基本形,ない,ナイ,ナイ,< 章なし >,0,66
。,記号,句点,*,*,*,*,。,。,。,< 章なし >,0,66
流石,名詞,一般,*,*,*,*,流石,サスガ,サスガ,< 章なし >,0,67
の,助詞,連体化,*,*,*,*,の,ノ,ノ,< 章なし >,0,67
文學,名詞,一般,*,*,*,*,文學,ブンガク,ブンガク,< 章なし >,0,67
論,名詞,接尾,一般,*,*,*,論,ロン,ロン,< 章なし >,0,67
者,名詞,接尾,一般,*,*,*,者,シャ,シャ,< 章なし >,0,67
木々高太郎,名詞,固有名詞,人名,一般,*,*,木々高太郎,キギタカタロウ,キギタカタロー,< 章なし >,0,67
君,名詞,接尾,人名,*,*,*,君,クン,クン,< 章なし >,0,67
も,助詞,係助詞,*,*,*,*,も,モ,モ,< 章なし >,0,67
過去,名詞,副詞可能,*,*,*,*,過去,カコ,カコ,< 章なし >,0,67
の,助詞,連体化,*,*,*,*,の,ノ,ノ,< 章なし >,0,67
業績,名詞,一般,*,*,*,*,業績,ギョウセキ,ギョーセキ,< 章なし >,0,67
に,助詞,格助詞,一般,*,*,*,に,ニ,ニ,< 章なし >,0,67
於,名詞,一般,*,*,*,*,*,*,*,< 章なし >,0,67
て,助詞,格助詞,連語,*,*,*,て,テ,テ,< 章なし >,0,67
は,助詞,係助詞,*,*,*,*,は,ハ,ワ,< 章なし >,0,67
、,記号,読点,*,*,*,*,、,、,、,< 章なし >,0,67
まだ,副詞,助詞類接続,*,*,*,*,まだ,マダ,マダ,< 章なし >,0,67
この,連体詞,*,*,*,*,*,この,コノ,コノ,< 章なし >,0,67
夢,名詞,一般,*,*,*,*,夢,ユメ,ユメ,< 章なし >,0,67
を,助詞,格助詞,一般,*,*,*,を,ヲ,ヲ,< 章なし >,0,67
實,名詞,固有名詞,人名,名,*,*,實,ミノル,ミノル,< 章なし >,0,67
現し,動詞,自立,*,*,五段・サ行,連用形,現す,アラワシ,アラワシ,< 章なし >,0,67
て,助詞,接続助詞,*,*,*,*,て,テ,テ,< 章なし >,0,67
は,助詞,係助詞,*,*,*,*,は,ハ,ワ,< 章なし >,0,67
ゐ,動詞,自立,*,*,一段,未然形,ゐる,ヰ,イ,< 章なし >,0,67
ない,助動詞,*,*,*,特殊・ナイ,基本形,ない,ナイ,ナイ,< 章なし >,0,67
。,記号,句点,*,*,*,*,。,。,。,< 章なし >,0,67
第一流,名詞,一般,*,*,*,*,第一流,ダイイチリュウ,ダイイチリュー,< 章なし >,0,68
の,助詞,連体化,*,*,*,*,の,ノ,ノ,< 章なし >,0,68
文學,名詞,一般,*,*,*,*,文學,ブンガク,ブンガク,< 章なし >,0,68
で,助詞,格助詞,一般,*,*,*,で,デ,デ,< 章なし >,0,68
あつ,形容詞,自立,*,*,形容詞・アウオ段,ガル接続,あつい,アツ,アツ,< 章なし >,0,68
て,助詞,接続助詞,*,*,*,*,て,テ,テ,< 章なし >,0,68
しかも,接続詞,*,*,*,*,*,しかも,シカモ,シカモ,< 章なし >,0,68
探偵小説,名詞,固有名詞,一般,*,*,*,探偵小説,タンテイショウセツ,タンテイショーセツ,< 章なし >,0,68
獨自,名詞,一般,*,*,*,*,*,*,*,< 章なし >,0,68
の,助詞,連体化,*,*,*,*,の,ノ,ノ,< 章なし >,0,68
興味,名詞,一般,*,*,*,*,興味,キョウミ,キョーミ,< 章なし >,0,68
を,助詞,格助詞,一般,*,*,*,を,ヲ,ヲ,< 章なし >,0,68
も,助詞,係助詞,*,*,*,*,も,モ,モ,< 章なし >,0,68
失望,名詞,サ変接続,*,*,*,*,失望,シツボウ,シツボー,< 章なし >,0,68
さ,動詞,自立,*,*,サ変・スル,未然レル接続,する,サ,サ,< 章なし >,0,68
せ,動詞,接尾,*,*,一段,未然形,せる,セ,セ,< 章なし >,0,68
ない,助動詞,*,*,*,特殊・ナイ,基本形,ない,ナイ,ナイ,< 章なし >,0,68
もの,名詞,非自立,一般,*,*,*,もの,モノ,モノ,< 章なし >,0,68
。,記号,句点,*,*,*,*,。,。,。,< 章なし >,0,68
實,名詞,固有名詞,人名,名,*,*,實,ミノル,ミノル,< 章なし >,0,69
に,助詞,格助詞,一般,*,*,*,に,ニ,ニ,< 章なし >,0,69
實,名詞,固有名詞,人名,名,*,*,實,ミノル,ミノル,< 章なし >,0,69
に,助詞,格助詞,一般,*,*,*,に,ニ,ニ,< 章なし >,0,69
至難,名詞,一般,*,*,*,*,至難,シナン,シナン,< 章なし >,0,69
の,助詞,連体化,*,*,*,*,の,ノ,ノ,< 章なし >,0,69
道,名詞,一般,*,*,*,*,道,ミチ,ミチ,< 章なし >,0,69
で,助動詞,*,*,*,特殊・ダ,連用形,だ,デ,デ,< 章なし >,0,69
ある,助動詞,*,*,*,五段・ラ行アル,基本形,ある,アル,アル,< 章なし >,0,69
。,記号,句点,*,*,*,*,。,。,。,< 章なし >,0,69
しかしながら,接続詞,*,*,*,*,*,しかしながら,シカシナガラ,シカシナガラ,< 章なし >,0,70
私,名詞,代名詞,一般,*,*,*,私,ワタシ,ワタシ,< 章なし >,0,70
は,助詞,係助詞,*,*,*,*,は,ハ,ワ,< 章なし >,0,70
それ,名詞,代名詞,一般,*,*,*,それ,ソレ,ソレ,< 章なし >,0,70
の,助詞,連体化,*,*,*,*,の,ノ,ノ,< 章なし >,0,70
可能性,名詞,固有名詞,一般,*,*,*,可能性,カノウセイ,カノーセイ,< 章なし >,0,70
を,助詞,格助詞,一般,*,*,*,を,ヲ,ヲ,< 章なし >,0,70
全く,名詞,一般,*,*,*,*,全区,ゼンク,ゼンク,< 章なし >,0,70
否定,名詞,サ変接続,*,*,*,*,否定,ヒテイ,ヒテイ,< 章なし >,0,70
する,動詞,自立,*,*,サ変・スル,基本形,する,スル,スル,< 章なし >,0,70
もの,名詞,非自立,一般,*,*,*,もの,モノ,モノ,< 章なし >,0,70
で,助動詞,*,*,*,特殊・ダ,連用形,だ,デ,デ,< 章なし >,0,70
は,助詞,係助詞,*,*,*,*,は,ハ,ワ,< 章なし >,0,70
ない,助動詞,*,*,*,特殊・ナイ,基本形,ない,ナイ,ナイ,< 章なし >,0,70
。,記号,句点,*,*,*,*,。,。,。,< 章なし >,0,70
革命,名詞,一般,*,*,*,*,革命,カクメイ,カクメイ,< 章なし >,0,71
的,名詞,接尾,形容動詞語幹,*,*,*,的,テキ,テキ,< 章なし >,0,71
天才,名詞,一般,*,*,*,*,天才,テンサイ,テンサイ,< 章なし >,0,71
兒,名詞,一般,*,*,*,*,*,*,*,< 章なし >,0,71
の,助詞,連体化,*,*,*,*,の,ノ,ノ,< 章なし >,0,71
出現,名詞,サ変接続,*,*,*,*,出現,シュツゲン,シュツゲン,< 章なし >,0,71
を,助詞,格助詞,一般,*,*,*,を,ヲ,ヲ,< 章なし >,0,71
絶望,名詞,サ変接続,*,*,*,*,絶望,ゼツボウ,ゼツボー,< 章なし >,0,71
する,動詞,自立,*,*,サ変・スル,基本形,する,スル,スル,< 章なし >,0,71
もの,名詞,非自立,一般,*,*,*,もの,モノ,モノ,< 章なし >,0,71
で,助動詞,*,*,*,特殊・ダ,連用形,だ,デ,デ,< 章なし >,0,71
は,助詞,係助詞,*,*,*,*,は,ハ,ワ,< 章なし >,0,71
ない,助動詞,*,*,*,特殊・ナイ,基本形,ない,ナイ,ナイ,< 章なし >,0,71
。,記号,句点,*,*,*,*,。,。,。,< 章なし >,0,71
若し,副詞,一般,*,*,*,*,若し,モシ,モシ,< 章なし >,0,72
探偵小説,名詞,固有名詞,一般,*,*,*,探偵小説,タンテイショウセツ,タンテイショーセツ,< 章なし >,0,72
界,名詞,接尾,一般,*,*,*,界,カイ,カイ,< 章なし >,0,72
に,助詞,格助詞,一般,*,*,*,に,ニ,ニ,< 章なし >,0,72
一人,名詞,一般,*,*,*,*,一人,ヒトリ,ヒトリ,< 章なし >,0,72
の,助詞,連体化,*,*,*,*,の,ノ,ノ,< 章なし >,0,72
芭蕉,名詞,一般,*,*,*,*,芭蕉,バショウ,バショー,< 章なし >,0,72
の,助詞,連体化,*,*,*,*,の,ノ,ノ,< 章なし >,0,72
出,名詞,一般,*,*,*,*,出,シュツ,シュツ,< 章なし >,0,72
づる,名詞,一般,*,*,*,*,ヅル,ヅル,ズル,< 章なし >,0,72
あら,動詞,自立,*,*,五段・ラ行,未然形,ある,アラ,アラ,< 章なし >,0,72
ん,助動詞,*,*,*,不変化型,基本形,ん,ン,ン,< 章なし >,0,72
か,助詞,副助詞／並立助詞／終助詞,*,*,*,*,か,カ,カ,< 章なし >,0,72
、,記号,読点,*,*,*,*,、,、,、,< 章なし >,0,72
あらゆる,連体詞,*,*,*,*,*,あらゆる,アラユル,アラユル,< 章なし >,0,72
文學,名詞,一般,*,*,*,*,文學,ブンガク,ブンガク,< 章なし >,0,72
を,助詞,格助詞,一般,*,*,*,を,ヲ,ヲ,< 章なし >,0,72
しり,名詞,一般,*,*,*,*,しり,シリ,シリ,< 章なし >,0,72
へ,助詞,格助詞,一般,*,*,*,へ,ヘ,エ,< 章なし >,0,72
に,助詞,格助詞,一般,*,*,*,に,ニ,ニ,< 章なし >,0,72
、,記号,読点,*,*,*,*,、,、,、,< 章なし >,0,72
探偵小説,名詞,固有名詞,一般,*,*,*,探偵小説,タンテイショウセツ,タンテイショーセツ,< 章なし >,0,72
が,助詞,格助詞,一般,*,*,*,が,ガ,ガ,< 章なし >,0,72
最高,名詞,一般,*,*,*,*,最高,サイコウ,サイコー,< 章なし >,0,72
至上,名詞,一般,*,*,*,*,至上,シジョウ,シジョー,< 章なし >,0,72
の,助詞,連体化,*,*,*,*,の,ノ,ノ,< 章なし >,0,72
王座,名詞,一般,*,*,*,*,王座,オウザ,オーザ,< 章なし >,0,72
に,助詞,格助詞,一般,*,*,*,に,ニ,ニ,< 章なし >,0,72
つく,動詞,自立,*,*,五段・カ行イ音便,基本形,つく,ツク,ツク,< 章なし >,0,72
こと,名詞,非自立,一般,*,*,*,こと,コト,コト,< 章なし >,0,72
、,記号,読点,*,*,*,*,、,、,、,< 章なし >,0,72
必ずしも,副詞,一般,*,*,*,*,必ずしも,カナラズシモ,カナラズシモ,< 章なし >,0,72
不可能,名詞,形容動詞語幹,*,*,*,*,不可能,フカノウ,フカノー,< 章なし >,0,72
で,助動詞,*,*,*,特殊・ダ,連用形,だ,デ,デ,< 章なし >,0,72
は,助詞,係助詞,*,*,*,*,は,ハ,ワ,< 章なし >,0,72
ない,形容詞,自立,*,*,形容詞・アウオ段,基本形,ない,ナイ,ナイ,< 章なし >,0,72
から,助詞,接続助詞,*,*,*,*,から,カラ,カラ,< 章なし >,0,72
で,助動詞,*,*,*,特殊・ダ,連用形,だ,デ,デ,< 章なし >,0,72
ある,助動詞,*,*,*,五段・ラ行アル,基本形,ある,アル,アル,< 章なし >,0,72
。,記号,句点,*,*,*,*,。,。,。,< 章なし >,0,72
和歌,名詞,一般,*,*,*,*,和歌,ワカ,ワカ,< 章なし >,0,73
の,助詞,連体化,*,*,*,*,の,ノ,ノ,< 章なし >,0,73
卑俗,名詞,形容動詞語幹,*,*,*,*,卑俗,ヒゾク,ヒゾク,< 章なし >,0,73
滑稽,名詞,形容動詞語幹,*,*,*,*,滑稽,コッケイ,コッケイ,< 章なし >,0,73
なる,助動詞,*,*,*,文語・ナリ,体言接続,なり,ナル,ナル,< 章なし >,0,73
もの,名詞,非自立,一般,*,*,*,もの,モノ,モノ,< 章なし >,0,73
から,助詞,格助詞,一般,*,*,*,から,カラ,カラ,< 章なし >,0,73
分脈,名詞,一般,*,*,*,*,分脈,ブンミャク,ブンミャク,< 章なし >,0,73
發,名詞,固有名詞,人名,姓,*,*,發,ハツ,ハツ,< 章なし >,0,73
生し,動詞,自立,*,*,五段・サ行,連用形,生す,ナシ,ナシ,< 章なし >,0,73
た,助動詞,*,*,*,特殊・タ,基本形,た,タ,タ,< 章なし >,0,73
俳諧,名詞,一般,*,*,*,*,俳諧,ハイカイ,ハイカイ,< 章なし >,0,73
は,助詞,係助詞,*,*,*,*,は,ハ,ワ,< 章なし >,0,73
、,記号,読点,*,*,*,*,、,、,、,< 章なし >,0,73
もともと,副詞,助詞類接続,*,*,*,*,もともと,モトモト,モトモト,< 章なし >,0,73
市井,名詞,一般,*,*,*,*,市井,シセイ,シセイ,< 章なし >,0,73
俗人,名詞,一般,*,*,*,*,俗人,ゾクジン,ゾクジン,< 章なし >,0,73
の,助詞,連体化,*,*,*,*,の,ノ,ノ,< 章なし >,0,73
弄び,動詞,自立,*,*,五段・バ行,連用形,弄ぶ,モテアソビ,モテアソビ,< 章なし >,0,73
に,助詞,格助詞,一般,*,*,*,に,ニ,ニ,< 章なし >,0,73
すぎ,動詞,自立,*,*,一段,未然形,すぎる,スギ,スギ,< 章なし >,0,73
なかつ,助動詞,*,*,*,特殊・ナイ,連用タ接続,ない,ナカツ,ナカッ,< 章なし >,0,73
た,助動詞,*,*,*,特殊・タ,基本形,た,タ,タ,< 章なし >,0,73
。,記号,句点,*,*,*,*,。,。,。,< 章なし >,0,73
貞徳,名詞,固有名詞,人名,名,*,*,貞徳,サダノリ,サダノリ,< 章なし >,0,74
、,記号,読点,*,*,*,*,、,、,、,< 章なし >,0,74
宗因,名詞,固有名詞,人名,名,*,*,宗因,ソウイン,ソーイン,< 章なし >,0,74
の,助詞,連体化,*,*,*,*,の,ノ,ノ,< 章なし >,0,74
先輩,名詞,一般,*,*,*,*,先輩,センパイ,センパイ,< 章なし >,0,74
は,助詞,係助詞,*,*,*,*,は,ハ,ワ,< 章なし >,0,74
概ね,副詞,一般,*,*,*,*,概ね,オオムネ,オームネ,< 章なし >,0,74
平俗,名詞,形容動詞語幹,*,*,*,*,平俗,ヘイゾク,ヘイゾク,< 章なし >,0,74
なる,助動詞,*,*,*,文語・ナリ,体言接続,なり,ナル,ナル,< 章なし >,0,74
洒落,名詞,一般,*,*,*,*,洒落,シャレ,シャレ,< 章なし >,0,74
と,助詞,並立助詞,*,*,*,*,と,ト,ト,< 章なし >,0,74
滑稽,名詞,形容動詞語幹,*,*,*,*,滑稽,コッケイ,コッケイ,< 章なし >,0,74
に,助詞,副詞化,*,*,*,*,に,ニ,ニ,< 章なし >,0,74
終始,副詞,一般,*,*,*,*,終始,シュウシ,シューシ,< 章なし >,0,74
し,動詞,自立,*,*,サ変・スル,連用形,する,シ,シ,< 章なし >,0,74
て,助詞,接続助詞,*,*,*,*,て,テ,テ,< 章なし >,0,74
ゐ,動詞,自立,*,*,一段,連用形,ゐる,ヰ,イ,< 章なし >,0,74
た,助動詞,*,*,*,特殊・タ,基本形,た,タ,タ,< 章なし >,0,74
。,記号,句点,*,*,*,*,。,。,。,< 章なし >,0,74
古,接頭詞,名詞接続,*,*,*,*,古,コ,コ,< 章なし >,0,75
俳諧,名詞,一般,*,*,*,*,俳諧,ハイカイ,ハイカイ,< 章なし >,0,75
に,助詞,格助詞,一般,*,*,*,に,ニ,ニ,< 章なし >,0,75
は,助詞,係助詞,*,*,*,*,は,ハ,ワ,< 章なし >,0,75
謎々,名詞,一般,*,*,*,*,謎々,ナゾナゾ,ナゾナゾ,< 章なし >,0,75
、,記号,読点,*,*,*,*,、,、,、,< 章なし >,0,75
語呂合せ,名詞,一般,*,*,*,*,語呂合せ,ゴロアワセ,ゴロアワセ,< 章なし >,0,75
の,助詞,連体化,*,*,*,*,の,ノ,ノ,< 章なし >,0,75
分子,名詞,一般,*,*,*,*,分子,ブンシ,ブンシ,< 章なし >,0,75
すら,助詞,係助詞,*,*,*,*,すら,スラ,スラ,< 章なし >,0,75
多分,名詞,一般,*,*,*,*,多分,タブン,タブン,< 章なし >,0,75
に,助詞,格助詞,一般,*,*,*,に,ニ,ニ,< 章なし >,0,75
含ま,動詞,自立,*,*,五段・マ行,未然形,含む,フクマ,フクマ,< 章なし >,0,75
れ,動詞,接尾,*,*,一段,連用形,れる,レ,レ,< 章なし >,0,75
て,助詞,接続助詞,*,*,*,*,て,テ,テ,< 章なし >,0,75
ゐ,動詞,自立,*,*,一段,連用形,ゐる,ヰ,イ,< 章なし >,0,75
た,助動詞,*,*,*,特殊・タ,基本形,た,タ,タ,< 章なし >,0,75
。,記号,句点,*,*,*,*,。,。,。,< 章なし >,0,75
しかし,接続詞,*,*,*,*,*,しかし,シカシ,シカシ,< 章なし >,0,76
芭蕉,名詞,固有名詞,人名,一般,*,*,芭蕉,バショウ,バショー,< 章なし >,0,76
の,助詞,連体化,*,*,*,*,の,ノ,ノ,< 章なし >,0,76
個人,名詞,一般,*,*,*,*,個人,コジン,コジン,< 章なし >,0,76
力,名詞,接尾,一般,*,*,*,力,リョク,リョク,< 章なし >,0,76
は,助詞,係助詞,*,*,*,*,は,ハ,ワ,< 章なし >,0,76
、,記号,読点,*,*,*,*,、,、,、,< 章なし >,0,76
貴族,名詞,一般,*,*,*,*,貴族,キゾク,キゾク,< 章なし >,0,76
歌人,名詞,一般,*,*,*,*,歌人,カジン,カジン,< 章なし >,0,76
嘲笑,名詞,サ変接続,*,*,*,*,嘲笑,チョウショウ,チョーショー,< 章なし >,0,76
の,助詞,連体化,*,*,*,*,の,ノ,ノ,< 章なし >,0,76
もと,名詞,非自立,一般,*,*,*,もと,モト,モト,< 章なし >,0,76
に,助詞,格助詞,一般,*,*,*,に,ニ,ニ,< 章なし >,0,76
あつ,形容詞,自立,*,*,形容詞・アウオ段,ガル接続,あつい,アツ,アツ,< 章なし >,0,76
た,助動詞,*,*,*,特殊・タ,基本形,た,タ,タ,< 章なし >,0,76
この,連体詞,*,*,*,*,*,この,コノ,コノ,< 章なし >,0,76
俗談平語,名詞,固有名詞,一般,*,*,*,俗談平語,ゾクダンヘイゴ,ゾクダンヘイゴ,< 章なし >,0,76
の,助詞,連体化,*,*,*,*,の,ノ,ノ,< 章なし >,0,76
俳諧,名詞,一般,*,*,*,*,俳諧,ハイカイ,ハイカイ,< 章なし >,0,76
を,助詞,格助詞,一般,*,*,*,を,ヲ,ヲ,< 章なし >,0,76
、,記号,読点,*,*,*,*,、,、,、,< 章なし >,0,76
悲壯,名詞,一般,*,*,*,*,*,*,*,< 章なし >,0,76
なる,助動詞,*,*,*,文語・ナリ,体言接続,なり,ナル,ナル,< 章なし >,0,76
氣魄,名詞,一般,*,*,*,*,*,*,*,< 章なし >,0,76
と,助詞,並立助詞,*,*,*,*,と,ト,ト,< 章なし >,0,76
全身,名詞,一般,*,*,*,*,全身,ゼンシン,ゼンシン,< 章なし >,0,76
全,接頭詞,名詞接続,*,*,*,*,全,ゼン,ゼン,< 章なし >,0,76
靈,名詞,一般,*,*,*,*,*,*,*,< 章なし >,0,76
を,助詞,格助詞,一般,*,*,*,を,ヲ,ヲ,< 章なし >,0,76
かけて,副詞,一般,*,*,*,*,かけて,カケテ,カケテ,< 章なし >,0,76
の,助詞,連体化,*,*,*,*,の,ノ,ノ,< 章なし >,0,76
苦,名詞,一般,*,*,*,*,苦,ク,ク,< 章なし >,0,76
鬪,名詞,一般,*,*,*,*,*,*,*,< 章なし >,0,76
に,助詞,格助詞,一般,*,*,*,に,ニ,ニ,< 章なし >,0,76
よ,助詞,終助詞,*,*,*,*,よ,ヨ,ヨ,< 章なし >,0,76
つて,名詞,一般,*,*,*,*,つて,ツテ,ツテ,< 章なし >,0,76
、,記号,読点,*,*,*,*,、,、,、,< 章なし >,0,76
遂に,副詞,一般,*,*,*,*,遂に,ツイニ,ツイニ,< 章なし >,0,76
最高,名詞,一般,*,*,*,*,最高,サイコウ,サイコー,< 章なし >,0,76
至上,名詞,一般,*,*,*,*,至上,シジョウ,シジョー,< 章なし >,0,76
の,助詞,連体化,*,*,*,*,の,ノ,ノ,< 章なし >,0,76
藝,名詞,一般,*,*,*,*,藝,ゲイ,ゲイ,< 章なし >,0,76
術,名詞,接尾,一般,*,*,*,術,ジュツ,ジュツ,< 章なし >,0,76
と,助詞,格助詞,一般,*,*,*,と,ト,ト,< 章なし >,0,76
し,動詞,自立,*,*,サ変・スル,連用形,する,シ,シ,< 章なし >,0,76
、,記号,読点,*,*,*,*,、,、,、,< 章なし >,0,76
哲,名詞,固有名詞,人名,名,*,*,哲,アキラ,アキラ,< 章なし >,0,76
學,名詞,固有名詞,人名,名,*,*,學,マナブ,マナブ,< 章なし >,0,76
と,助詞,格助詞,一般,*,*,*,と,ト,ト,< 章なし >,0,76
し,動詞,自立,*,*,サ変・スル,連用形,する,シ,シ,< 章なし >,0,76
た,助動詞,*,*,*,特殊・タ,基本形,た,タ,タ,< 章なし >,0,76
の,名詞,非自立,一般,*,*,*,の,ノ,ノ,< 章なし >,0,76
で,助動詞,*,*,*,特殊・ダ,連用形,だ,デ,デ,< 章なし >,0,76
ある,助動詞,*,*,*,五段・ラ行アル,基本形,ある,アル,アル,< 章なし >,0,76
。,記号,句点,*,*,*,*,。,。,。,< 章なし >,0,76
こ,名詞,一般,*,*,*,*,こ,コ,コ,< 章なし >,0,77
ゝ,記号,一般,*,*,*,*,ゝ,ゝ,ゝ,< 章なし >,0,77
に,助詞,格助詞,一般,*,*,*,に,ニ,ニ,< 章なし >,0,77
歴史,名詞,一般,*,*,*,*,歴史,レキシ,レキシ,< 章なし >,0,77
上の,名詞,固有名詞,地域,一般,*,*,上の,ウエノ,ウエノ,< 章なし >,0,77
事,名詞,接尾,一般,*,*,*,事,ゴト,ゴト,< 章なし >,0,77
實,名詞,固有名詞,人名,名,*,*,實,ミノル,ミノル,< 章なし >,0,77
が,助詞,格助詞,一般,*,*,*,が,ガ,ガ,< 章なし >,0,77
ある,動詞,自立,*,*,五段・ラ行,基本形,ある,アル,アル,< 章なし >,0,77
。,記号,句点,*,*,*,*,。,。,。,< 章なし >,0,77
革命,名詞,一般,*,*,*,*,革命,カクメイ,カクメイ,< 章なし >,0,78
の,助詞,連体化,*,*,*,*,の,ノ,ノ,< 章なし >,0,78
先例,名詞,一般,*,*,*,*,先例,センレイ,センレイ,< 章なし >,0,78
が,助詞,格助詞,一般,*,*,*,が,ガ,ガ,< 章なし >,0,78
ある,動詞,自立,*,*,五段・ラ行,基本形,ある,アル,アル,< 章なし >,0,78
。,記号,句点,*,*,*,*,。,。,。,< 章なし >,0,78
探偵小説,名詞,固有名詞,一般,*,*,*,探偵小説,タンテイショウセツ,タンテイショーセツ,< 章なし >,0,79
を,助詞,格助詞,一般,*,*,*,を,ヲ,ヲ,< 章なし >,0,79
至上,名詞,一般,*,*,*,*,至上,シジョウ,シジョー,< 章なし >,0,79
の,助詞,連体化,*,*,*,*,の,ノ,ノ,< 章なし >,0,79
藝,名詞,一般,*,*,*,*,藝,ゲイ,ゲイ,< 章なし >,0,79
術,名詞,接尾,一般,*,*,*,術,ジュツ,ジュツ,< 章なし >,0,79
たら,助動詞,*,*,*,文語・ナリ,未然形,たり,タラ,タラ,< 章なし >,0,79
しめる,動詞,接尾,*,*,一段,基本形,しめる,シメル,シメル,< 章なし >,0,79
道,名詞,一般,*,*,*,*,道,ミチ,ミチ,< 章なし >,0,79
は,助詞,係助詞,*,*,*,*,は,ハ,ワ,< 章なし >,0,79
恰かも,副詞,一般,*,*,*,*,恰かも,アタカモ,アタカモ,< 章なし >,0,79
この,連体詞,*,*,*,*,*,この,コノ,コノ,< 章なし >,0,79
芭蕉,名詞,一般,*,*,*,*,芭蕉,バショウ,バショー,< 章なし >,0,79
の,助詞,連体化,*,*,*,*,の,ノ,ノ,< 章なし >,0,79
道,名詞,一般,*,*,*,*,道,ミチ,ミチ,< 章なし >,0,79
の,助詞,連体化,*,*,*,*,の,ノ,ノ,< 章なし >,0,79
ほか,名詞,副詞可能,*,*,*,*,ほか,ホカ,ホカ,< 章なし >,0,79
の,助詞,連体化,*,*,*,*,の,ノ,ノ,< 章なし >,0,79
もの,名詞,非自立,一般,*,*,*,もの,モノ,モノ,< 章なし >,0,79
で,助動詞,*,*,*,特殊・ダ,連用形,だ,デ,デ,< 章なし >,0,79
は,助詞,係助詞,*,*,*,*,は,ハ,ワ,< 章なし >,0,79
ない,助動詞,*,*,*,特殊・ナイ,基本形,ない,ナイ,ナイ,< 章なし >,0,79
。,記号,句点,*,*,*,*,。,。,。,< 章なし >,0,79
常識,名詞,一般,*,*,*,*,常識,ジョウシキ,ジョーシキ,< 章なし >,0,80
の,助詞,連体化,*,*,*,*,の,ノ,ノ,< 章なし >,0,80
豫想,名詞,一般,*,*,*,*,*,*,*,< 章なし >,0,80
し,動詞,自立,*,*,サ変・スル,連用形,する,シ,シ,< 章なし >,0,80
得,動詞,非自立,*,*,一段,未然形,得る,エ,エ,< 章なし >,0,80
ざる,助動詞,*,*,*,特殊・ヌ,体言接続,ぬ,ザル,ザル,< 章なし >,0,80
もの,名詞,一般,*,*,*,*,もの,モノ,モノ,< 章なし >,0,80
。,記号,句点,*,*,*,*,。,。,。,< 章なし >,0,80
百,名詞,数,*,*,*,*,百,ヒャク,ヒャク,< 章なし >,0,81
年,名詞,接尾,助数詞,*,*,*,年,ネン,ネン,< 章なし >,0,81
に,助詞,格助詞,一般,*,*,*,に,ニ,ニ,< 章なし >,0,81
一人,名詞,一般,*,*,*,*,一人,ヒトリ,ヒトリ,< 章なし >,0,81
の,助詞,連体化,*,*,*,*,の,ノ,ノ,< 章なし >,0,81
天才,名詞,一般,*,*,*,*,天才,テンサイ,テンサイ,< 章なし >,0,81
兒,名詞,一般,*,*,*,*,*,*,*,< 章なし >,0,81
が,助詞,格助詞,一般,*,*,*,が,ガ,ガ,< 章なし >,0,81
生涯,名詞,副詞可能,*,*,*,*,生涯,ショウガイ,ショーガイ,< 章なし >,0,81
の,助詞,連体化,*,*,*,*,の,ノ,ノ,< 章なし >,0,81
血,名詞,一般,*,*,*,*,血,チ,チ,< 章なし >,0,81
と,助詞,並立助詞,*,*,*,*,と,ト,ト,< 章なし >,0,81
涙,名詞,固有名詞,一般,*,*,*,涙。,ナミダ,ナミダ,< 章なし >,0,81
を以て,助詞,格助詞,連語,*,*,*,を以て,ヲモッテ,ヲモッテ,< 章なし >,0,81
切り開く,動詞,自立,*,*,五段・カ行イ音便,基本形,切り開く,キリヒラク,キリヒラク,< 章なし >,0,81
人跡,名詞,一般,*,*,*,*,人跡,ジンセキ,ジンセキ,< 章なし >,0,81
未到,名詞,一般,*,*,*,*,未到,ミトウ,ミトー,< 章なし >,0,81
の,助詞,連体化,*,*,*,*,の,ノ,ノ,< 章なし >,0,81
國,名詞,一般,*,*,*,*,國,クニ,クニ,< 章なし >,0,81
。,記号,句点,*,*,*,*,。,。,。,< 章なし >,0,81
あゝ,感動詞,*,*,*,*,*,あゝ,アア,アー,< 章なし >,0,82
、,記号,読点,*,*,*,*,、,、,、,< 章なし >,0,82
探偵小説,名詞,固有名詞,一般,*,*,*,探偵小説,タンテイショウセツ,タンテイショーセツ,< 章なし >,0,82
の,助詞,連体化,*,*,*,*,の,ノ,ノ,< 章なし >,0,82
芭蕉,名詞,一般,*,*,*,*,芭蕉,バショウ,バショー,< 章なし >,0,82
たる,助動詞,*,*,*,文語・ナリ,体言接続,たり,タル,タル,< 章なし >,0,82
もの,名詞,非自立,一般,*,*,*,もの,モノ,モノ,< 章なし >,0,82
は,助詞,係助詞,*,*,*,*,は,ハ,ワ,< 章なし >,0,82
誰,名詞,代名詞,一般,*,*,*,誰,ダレ,ダレ,< 章なし >,0,82
ぞ,助詞,終助詞,*,*,*,*,ぞ,ゾ,ゾ,< 章なし >,0,82
。,記号,句点,*,*,*,*,。,。,。,< 章なし >,0,82
好漢,名詞,一般,*,*,*,*,好漢,コウカン,コーカン,< 章なし >,0,83
木々高太郎,名詞,固有名詞,人名,一般,*,*,木々高太郎,キギタカタロウ,キギタカタロー,< 章なし >,0,83
果して,副詞,一般,*,*,*,*,果して,ハタシテ,ハタシテ,< 章なし >,0,83
芭蕉,名詞,一般,*,*,*,*,芭蕉,バショウ,バショー,< 章なし >,0,83
の,助詞,連体化,*,*,*,*,の,ノ,ノ,< 章なし >,0,83
慘苦,名詞,一般,*,*,*,*,*,*,*,< 章なし >,0,83
を,助詞,格助詞,一般,*,*,*,を,ヲ,ヲ,< 章なし >,0,83
惱,名詞,一般,*,*,*,*,*,*,*,< 章なし >,0,83
む,名詞,一般,*,*,*,*,*,*,*,< 章なし >,0,83
の,助詞,連体化,*,*,*,*,の,ノ,ノ,< 章なし >,0,83
氣魄,名詞,一般,*,*,*,*,*,*,*,< 章なし >,0,83
あり,動詞,自立,*,*,五段・ラ行,連用形,ある,アリ,アリ,< 章なし >,0,83
や,助詞,並立助詞,*,*,*,*,や,ヤ,ヤ,< 章なし >,0,83
否や,名詞,一般,*,*,*,*,否や,イナヤ,イナヤ,< 章なし >,0,83
。,記号,句点,*,*,*,*,。,。,。,< 章なし >,0,83
（,記号,括弧開,*,*,*,*,（,（,（,< 章なし >,0,84
「,記号,括弧開,*,*,*,*,「,「,「,< 章なし >,0,84
ロツク,名詞,固有名詞,一般,*,*,*,*,*,*,< 章なし >,0,84
」,記号,括弧閉,*,*,*,*,」,」,」,< 章なし >,0,84
昭和,名詞,固有名詞,一般,*,*,*,昭和,ショウワ,ショーワ,< 章なし >,0,84
二,名詞,数,*,*,*,*,二,ニ,ニ,< 章なし >,0,84
十,名詞,数,*,*,*,*,十,ジュウ,ジュー,< 章なし >,0,84
二,名詞,数,*,*,*,*,二,ニ,ニ,< 章なし >,0,84
年,名詞,接尾,助数詞,*,*,*,年,ネン,ネン,< 章なし >,0,84
二月,名詞,副詞可能,*,*,*,*,二月,ニガツ,ニガツ,< 章なし >,0,84
號,名詞,一般,*,*,*,*,*,*,*,< 章なし >,0,84
）,記号,括弧閉,*,*,*,*,）,）,）,< 章なし >,0,84
。,記号,句点,*,*,*,*,。,。,。,< 章なし >,0,84
