表層形,品詞,品詞細分類(1),品詞細分類(2),品詞細分類(3),活用型,活用形,原形,読み,発音,カテゴリー
し,動詞,自立,*,*,サ変・スル,連用形,する,シ,シ,１
ょうねんたんていだんのなかで,名詞,一般,*,*,*,*,*,*,*,１
、,記号,読点,*,*,*,*,、,、,、,１
いちばん,名詞,副詞可能,*,*,*,*,いちばん,イチバン,イチバン,１
から,助詞,格助詞,一般,*,*,*,から,カラ,カラ,１
だ,助動詞,*,*,*,特殊・ダ,基本形,だ,ダ,ダ,１
が,助詞,接続助詞,*,*,*,*,が,ガ,ガ,１
大きく,形容詞,自立,*,*,形容詞・イ段,連用テ接続,大きい,オオキク,オーキク,１
て,助詞,接続助詞,*,*,*,*,て,テ,テ,１
力,名詞,一般,*,*,*,*,力,チカラ,チカラ,１
の,助詞,格助詞,一般,*,*,*,の,ノ,ノ,１
強い,形容詞,自立,*,*,形容詞・アウオ段,基本形,強い,ツヨイ,ツヨイ,１
井上一郎,名詞,固有名詞,人名,一般,*,*,井上一郎,イノウエイチロウ,イノーエイチロー,１
くん,名詞,接尾,人名,*,*,*,くん,クン,クン,１
に,助詞,格助詞,一般,*,*,*,に,ニ,ニ,１
、,記号,読点,*,*,*,*,、,、,、,１
小学校,名詞,一般,*,*,*,*,小学校,ショウガッコウ,ショーガッコー,１
三,名詞,数,*,*,*,*,三,サン,サン,１
年生,名詞,接尾,助数詞,*,*,*,年生,ネンセイ,ネンセイ,１
の,助詞,連体化,*,*,*,*,の,ノ,ノ,１
ルミ,名詞,固有名詞,人名,名,*,*,ルミ,ルミ,ルミ,１
ちゃん,名詞,接尾,人名,*,*,*,ちゃん,チャン,チャン,１
という,助詞,格助詞,連語,*,*,*,という,トイウ,トユウ,１
、,記号,読点,*,*,*,*,、,、,、,１
かわいい,形容詞,自立,*,*,形容詞・イ段,基本形,かわいい,カワイイ,カワイイ,１
妹,名詞,一般,*,*,*,*,妹,イモウト,イモート,１
が,助詞,格助詞,一般,*,*,*,が,ガ,ガ,１
あり,動詞,自立,*,*,五段・ラ行,連用形,ある,アリ,アリ,１
まし,助動詞,*,*,*,特殊・マス,連用形,ます,マシ,マシ,１
た,助動詞,*,*,*,特殊・タ,基本形,た,タ,タ,１
。,記号,句点,*,*,*,*,。,。,。,１
その,連体詞,*,*,*,*,*,その,ソノ,ソノ,１
ルミ,名詞,固有名詞,人名,名,*,*,ルミ,ルミ,ルミ,１
ちゃん,名詞,接尾,人名,*,*,*,ちゃん,チャン,チャン,１
が,助詞,格助詞,一般,*,*,*,が,ガ,ガ,１
、,記号,読点,*,*,*,*,、,、,、,１
ある,連体詞,*,*,*,*,*,ある,アル,アル,１
夕,名詞,副詞可能,*,*,*,*,夕,ユウ,ユー,１
がた,名詞,一般,*,*,*,*,がた,ガタ,ガタ,１
、,記号,読点,*,*,*,*,、,、,、,１
ちんどん屋,名詞,一般,*,*,*,*,ちんどん屋,チンドンヤ,チンドンヤ,１
の,助詞,連体化,*,*,*,*,の,ノ,ノ,１
あと,名詞,一般,*,*,*,*,あと,アト,アト,１
について,助詞,格助詞,連語,*,*,*,について,ニツイテ,ニツイテ,１
、,記号,読点,*,*,*,*,、,、,、,１
町はずれ,名詞,一般,*,*,*,*,町はずれ,マチハズレ,マチハズレ,１
の,助詞,連体化,*,*,*,*,の,ノ,ノ,１
さびしい,形容詞,自立,*,*,形容詞・イ段,基本形,さびしい,サビシイ,サビシイ,１
森,名詞,一般,*,*,*,*,森,モリ,モリ,１
の,助詞,連体化,*,*,*,*,の,ノ,ノ,１
近く,名詞,副詞可能,*,*,*,*,近く,チカク,チカク,１
まで,助詞,副助詞,*,*,*,*,まで,マデ,マデ,１
行っ,動詞,自立,*,*,五段・カ行促音便,連用タ接続,行く,イッ,イッ,１
て,助詞,接続助詞,*,*,*,*,て,テ,テ,１
しまっ,動詞,非自立,*,*,五段・ワ行促音便,連用タ接続,しまう,シマッ,シマッ,１
た,助動詞,*,*,*,特殊・タ,基本形,た,タ,タ,１
の,名詞,非自立,一般,*,*,*,の,ノ,ノ,１
です,助動詞,*,*,*,特殊・デス,基本形,です,デス,デス,１
。,記号,句点,*,*,*,*,。,。,。,１
井上,名詞,固有名詞,人名,姓,*,*,井上,イノウエ,イノウエ,１
くん,名詞,接尾,人名,*,*,*,くん,クン,クン,１
は,助詞,係助詞,*,*,*,*,は,ハ,ワ,１
、,記号,読点,*,*,*,*,、,、,、,１
おかあさん,名詞,一般,*,*,*,*,おかあさん,オカアサン,オカーサン,１
に,助詞,格助詞,一般,*,*,*,に,ニ,ニ,１
たのま,動詞,自立,*,*,五段・マ行,未然形,たのむ,タノマ,タノマ,１
れ,動詞,接尾,*,*,一段,連用形,れる,レ,レ,１
て,助詞,接続助詞,*,*,*,*,て,テ,テ,１
、,記号,読点,*,*,*,*,、,、,、,１
ちょうど,副詞,一般,*,*,*,*,ちょうど,チョウド,チョード,１
その,連体詞,*,*,*,*,*,その,ソノ,ソノ,１
とき,名詞,非自立,副詞可能,*,*,*,とき,トキ,トキ,１
、,記号,読点,*,*,*,*,、,、,、,１
遊び,名詞,一般,*,*,*,*,遊び,アソビ,アソビ,１
に,助詞,格助詞,一般,*,*,*,に,ニ,ニ,１
来,動詞,自立,*,*,カ変・来ル,連用形,来る,キ,キ,１
て,助詞,接続助詞,*,*,*,*,て,テ,テ,１
い,動詞,非自立,*,*,一段,連用形,いる,イ,イ,１
た,助動詞,*,*,*,特殊・タ,基本形,た,タ,タ,１
同じ,連体詞,*,*,*,*,*,同じ,オナジ,オナジ,１
だんいん,名詞,一般,*,*,*,*,団員,ダンイン,ダンイン,１
の,助詞,連体化,*,*,*,*,の,ノ,ノ,１
ノロ,名詞,一般,*,*,*,*,ノロ,ノロ,ノロ,１
ちゃん,名詞,接尾,人名,*,*,*,ちゃん,チャン,チャン,１
（,記号,括弧開,*,*,*,*,（,（,（,１
野呂,名詞,固有名詞,人名,姓,*,*,野呂,ノロ,ノロ,１
一平,名詞,固有名詞,人名,名,*,*,一平,イッペイ,イッペイ,１
くん,名詞,接尾,人名,*,*,*,くん,クン,クン,１
の,助詞,連体化,*,*,*,*,の,ノ,ノ,１
あだ名,名詞,一般,*,*,*,*,あだ名,アダナ,アダナ,１
）,記号,括弧閉,*,*,*,*,）,）,）,１
とふ,名詞,サ変接続,*,*,*,*,塗布,トフ,トフ,１
たり,助詞,並立助詞,*,*,*,*,たり,タリ,タリ,１
で,助動詞,*,*,*,特殊・ダ,連用形,だ,デ,デ,１
、,記号,読点,*,*,*,*,、,、,、,１
方々,名詞,一般,*,*,*,*,方々,カタガタ,カタガタ,１
さがしまわっ,動詞,自立,*,*,五段・ラ行,連用タ接続,さがしまわる,サガシマワッ,サガシマワッ,１
て,助詞,接続助詞,*,*,*,*,て,テ,テ,１
、,記号,読点,*,*,*,*,、,、,、,１
やっと,副詞,一般,*,*,*,*,やっと,ヤット,ヤット,１
ルミ,名詞,固有名詞,人名,名,*,*,ルミ,ルミ,ルミ,１
ちゃん,名詞,接尾,人名,*,*,*,ちゃん,チャン,チャン,１
を,助詞,格助詞,一般,*,*,*,を,ヲ,ヲ,１
見つけ,動詞,自立,*,*,一段,連用形,見つける,ミツケ,ミツケ,１
まし,助動詞,*,*,*,特殊・マス,連用形,ます,マシ,マシ,１
た,助動詞,*,*,*,特殊・タ,基本形,た,タ,タ,１
が,助詞,接続助詞,*,*,*,*,が,ガ,ガ,１
、,記号,読点,*,*,*,*,、,、,、,１
ルミ,名詞,固有名詞,人名,名,*,*,ルミ,ルミ,ルミ,１
ちゃん,名詞,接尾,人名,*,*,*,ちゃん,チャン,チャン,１
は,助詞,係助詞,*,*,*,*,は,ハ,ワ,１
、,記号,読点,*,*,*,*,、,、,、,１
ちんどん屋,名詞,一般,*,*,*,*,ちんどん屋,チンドンヤ,チンドンヤ,１
の,助詞,連体化,*,*,*,*,の,ノ,ノ,１
おじさん,名詞,一般,*,*,*,*,おじさん,オジサン,オジサン,１
が,助詞,格助詞,一般,*,*,*,が,ガ,ガ,１
おもしろい,形容詞,自立,*,*,形容詞・アウオ段,基本形,おもしろい,オモシロイ,オモシロイ,１
もの,名詞,非自立,一般,*,*,*,もの,モノ,モノ,１
を,助詞,格助詞,一般,*,*,*,を,ヲ,ヲ,１
見せ,動詞,自立,*,*,一段,連用形,見せる,ミセ,ミセ,１
て,助詞,接続助詞,*,*,*,*,て,テ,テ,１
やる,動詞,非自立,*,*,五段・ラ行,基本形,やる,ヤル,ヤル,１
と,助詞,格助詞,引用,*,*,*,と,ト,ト,１
いう,動詞,自立,*,*,五段・ワ行促音便,基本形,いう,イウ,イウ,１
から,助詞,接続助詞,*,*,*,*,から,カラ,カラ,１
、,記号,読点,*,*,*,*,、,、,、,１
いっしょ,名詞,一般,*,*,*,*,いっしょ,イッショ,イッショ,１
に,助詞,格助詞,一般,*,*,*,に,ニ,ニ,１
行く,動詞,自立,*,*,五段・カ行促音便,基本形,行く,イク,イク,１
の,名詞,非自立,一般,*,*,*,の,ノ,ノ,１
だ,助動詞,*,*,*,特殊・ダ,基本形,だ,ダ,ダ,１
と,助詞,格助詞,引用,*,*,*,と,ト,ト,１
いっ,動詞,自立,*,*,五段・ワ行促音便,連用タ接続,いう,イッ,イッ,１
て,助詞,接続助詞,*,*,*,*,て,テ,テ,１
、,記号,読点,*,*,*,*,、,、,、,１
どうしても,副詞,一般,*,*,*,*,どうしても,ドウシテモ,ドーシテモ,１
帰り,動詞,自立,*,*,五段・ラ行,連用形,帰る,カエリ,カエリ,１
ませ,助動詞,*,*,*,特殊・マス,未然形,ます,マセ,マセ,１
ん,助動詞,*,*,*,不変化型,基本形,ん,ン,ン,１
。,記号,句点,*,*,*,*,。,。,。,１
「,記号,括弧開,*,*,*,*,「,「,「,１
きみ,名詞,代名詞,一般,*,*,*,きみ,キミ,キミ,１
たち,名詞,接尾,一般,*,*,*,たち,タチ,タチ,１
に,助詞,格助詞,一般,*,*,*,に,ニ,ニ,１
も,助詞,係助詞,*,*,*,*,も,モ,モ,１
見せ,動詞,自立,*,*,一段,連用形,見せる,ミセ,ミセ,１
て,助詞,接続助詞,*,*,*,*,て,テ,テ,１
あげる,動詞,非自立,*,*,一段,基本形,あげる,アゲル,アゲル,１
から,助詞,接続助詞,*,*,*,*,から,カラ,カラ,１
、,記号,読点,*,*,*,*,、,、,、,１
いっしょ,名詞,一般,*,*,*,*,いっしょ,イッショ,イッショ,１
に,助詞,格助詞,一般,*,*,*,に,ニ,ニ,１
おいで,名詞,一般,*,*,*,*,おいで,オイデ,オイデ,１
。,記号,句点,*,*,*,*,。,。,。,１
それ,名詞,代名詞,一般,*,*,*,それ,ソレ,ソレ,１
は,助詞,係助詞,*,*,*,*,は,ハ,ワ,１
ふしぎ,名詞,形容動詞語幹,*,*,*,*,ふしぎ,フシギ,フシギ,１
な,助動詞,*,*,*,特殊・ダ,体言接続,だ,ナ,ナ,１
おもしろい,形容詞,自立,*,*,形容詞・アウオ段,基本形,おもしろい,オモシロイ,オモシロイ,１
もの,名詞,非自立,一般,*,*,*,もの,モノ,モノ,１
だ,助動詞,*,*,*,特殊・ダ,基本形,だ,ダ,ダ,１
よ,助詞,終助詞,*,*,*,*,よ,ヨ,ヨ,１
」,記号,括弧閉,*,*,*,*,」,」,」,１
とんがり,動詞,自立,*,*,五段・ラ行,連用形,とんがる,トンガリ,トンガリ,１
ぼうし,名詞,一般,*,*,*,*,ぼうし,ボウシ,ボウシ,１
を,助詞,格助詞,一般,*,*,*,を,ヲ,ヲ,１
かぶり,動詞,自立,*,*,五段・ラ行,連用形,かぶる,カブリ,カブリ,１
、,記号,読点,*,*,*,*,、,、,、,１
だぶだぶ,副詞,一般,*,*,*,*,だぶだぶ,ダブダブ,ダブダブ,１
の,助詞,連体化,*,*,*,*,の,ノ,ノ,１
どうけ,動詞,自立,*,*,一段,連用形,どうける,ドウケ,ドーケ,１
ふく,名詞,一般,*,*,*,*,ふく,フク,フク,１
を,助詞,格助詞,一般,*,*,*,を,ヲ,ヲ,１
着,動詞,自立,*,*,一段,連用形,着る,キ,キ,１
て,助詞,接続助詞,*,*,*,*,て,テ,テ,１
、,記号,読点,*,*,*,*,、,、,、,１
かお,名詞,一般,*,*,*,*,かお,カオ,カオ,１
に,助詞,格助詞,一般,*,*,*,に,ニ,ニ,１
は,助詞,係助詞,*,*,*,*,は,ハ,ワ,１
まっ白,名詞,形容動詞語幹,*,*,*,*,まっ白,マッシロ,マッシロ,１
な,助動詞,*,*,*,特殊・ダ,体言接続,だ,ナ,ナ,１
おしろい,名詞,一般,*,*,*,*,おしろい,オシロイ,オシロイ,１
を,助詞,格助詞,一般,*,*,*,を,ヲ,ヲ,１
ぬっ,動詞,自立,*,*,五段・ラ行,連用タ接続,ぬる,ヌッ,ヌッ,１
た,助動詞,*,*,*,特殊・タ,基本形,た,タ,タ,１
ちんどん屋,名詞,一般,*,*,*,*,ちんどん屋,チンドンヤ,チンドンヤ,１
が,助詞,格助詞,一般,*,*,*,が,ガ,ガ,１
、,記号,読点,*,*,*,*,、,、,、,１
やさしく,形容詞,自立,*,*,形容詞・イ段,連用テ接続,やさしい,ヤサシク,ヤサシク,１
いい,動詞,自立,*,*,五段・ワ行促音便,連用形,いう,イイ,イイ,１
まし,助動詞,*,*,*,特殊・マス,連用形,ます,マシ,マシ,１
た,助動詞,*,*,*,特殊・タ,基本形,た,タ,タ,１
。,記号,句点,*,*,*,*,。,。,。,１
そして,接続詞,*,*,*,*,*,そして,ソシテ,ソシテ,１
、,記号,読点,*,*,*,*,、,、,、,１
三,名詞,数,*,*,*,*,三,サン,サン,１
人,名詞,接尾,助数詞,*,*,*,人,ニン,ニン,１
は,助詞,係助詞,*,*,*,*,は,ハ,ワ,１
、,記号,読点,*,*,*,*,、,、,、,１
町はずれ,名詞,一般,*,*,*,*,町はずれ,マチハズレ,マチハズレ,１
の,助詞,連体化,*,*,*,*,の,ノ,ノ,１
森,名詞,一般,*,*,*,*,森,モリ,モリ,１
の,助詞,連体化,*,*,*,*,の,ノ,ノ,１
中,名詞,非自立,副詞可能,*,*,*,中,ナカ,ナカ,１
の,助詞,連体化,*,*,*,*,の,ノ,ノ,１
古い,形容詞,自立,*,*,形容詞・アウオ段,基本形,古い,フルイ,フルイ,１
赤れんが,名詞,一般,*,*,*,*,赤レンガ,アカレンガ,アカレンガ,１
の,助詞,連体化,*,*,*,*,の,ノ,ノ,１
せい,名詞,非自立,一般,*,*,*,せい,セイ,セイ,１
ようかん,名詞,固有名詞,一般,*,*,*,ようかん,ヨウカン,ヨーカン,１
へ,助詞,格助詞,一般,*,*,*,へ,ヘ,エ,１
つれこま,動詞,自立,*,*,五段・マ行,未然形,つれこむ,ツレコマ,ツレコマ,１
れ,動詞,接尾,*,*,一段,連用形,れる,レ,レ,１
た,助動詞,*,*,*,特殊・タ,基本形,た,タ,タ,１
の,名詞,非自立,一般,*,*,*,の,ノ,ノ,１
です,助動詞,*,*,*,特殊・デス,基本形,です,デス,デス,１
。,記号,句点,*,*,*,*,。,。,。,１
みんな,名詞,代名詞,一般,*,*,*,みんな,ミンナ,ミンナ,１
が,助詞,格助詞,一般,*,*,*,が,ガ,ガ,１
、,記号,読点,*,*,*,*,、,、,、,１
入口,名詞,一般,*,*,*,*,入口,イリグチ,イリグチ,１
を,助詞,格助詞,一般,*,*,*,を,ヲ,ヲ,１
はいっ,動詞,自立,*,*,五段・ラ行,連用タ接続,はいる,ハイッ,ハイッ,１
て,助詞,接続助詞,*,*,*,*,て,テ,テ,１
ドア,名詞,一般,*,*,*,*,ドア,ドア,ドア,１
を,助詞,格助詞,一般,*,*,*,を,ヲ,ヲ,１
しめる,動詞,自立,*,*,一段,基本形,しめる,シメル,シメル,１
と,助詞,接続助詞,*,*,*,*,と,ト,ト,１
、,記号,読点,*,*,*,*,、,、,、,１
中,名詞,一般,*,*,*,*,中,ナカ,ナカ,１
は,助詞,係助詞,*,*,*,*,は,ハ,ワ,１
まっ暗,名詞,一般,*,*,*,*,まっ暗,マックラ,マックラ,１
でし,助動詞,*,*,*,特殊・デス,連用形,です,デシ,デシ,１
た,助動詞,*,*,*,特殊・タ,基本形,た,タ,タ,１
。,記号,句点,*,*,*,*,。,。,。,１
「,記号,括弧開,*,*,*,*,「,「,「,１
あら,感動詞,*,*,*,*,*,あら,アラ,アラ,１
、,記号,読点,*,*,*,*,、,、,、,１
ちんどん屋,名詞,一般,*,*,*,*,ちんどん屋,チンドンヤ,チンドンヤ,１
さん,名詞,接尾,人名,*,*,*,さん,サン,サン,１
、,記号,読点,*,*,*,*,、,、,、,１
どこ,名詞,代名詞,一般,*,*,*,どこ,ドコ,ドコ,１
へ,助詞,格助詞,一般,*,*,*,へ,ヘ,エ,１
行っ,動詞,自立,*,*,五段・カ行促音便,連用タ接続,行く,イッ,イッ,１
た,助動詞,*,*,*,特殊・タ,基本形,た,タ,タ,１
の,助詞,終助詞,*,*,*,*,の,ノ,ノ,１
」,記号,括弧閉,*,*,*,*,」,」,」,１
ルミ,名詞,固有名詞,人名,名,*,*,ルミ,ルミ,ルミ,１
ちゃん,名詞,接尾,人名,*,*,*,ちゃん,チャン,チャン,１
が,助詞,格助詞,一般,*,*,*,が,ガ,ガ,１
さけび,動詞,自立,*,*,五段・バ行,連用形,さけぶ,サケビ,サケビ,１
まし,助動詞,*,*,*,特殊・マス,連用形,ます,マシ,マシ,１
た,助動詞,*,*,*,特殊・タ,基本形,た,タ,タ,１
。,記号,句点,*,*,*,*,。,。,。,１
しかし,接続詞,*,*,*,*,*,しかし,シカシ,シカシ,１
、,記号,読点,*,*,*,*,、,、,、,１
なんの,名詞,固有名詞,一般,*,*,*,なんの,ナンノ,ナンノ,１
答,名詞,一般,*,*,*,*,答,コタエ,コタエ,１
も,助詞,係助詞,*,*,*,*,も,モ,モ,１
あり,動詞,自立,*,*,五段・ラ行,連用形,ある,アリ,アリ,１
ませ,助動詞,*,*,*,特殊・マス,未然形,ます,マセ,マセ,１
ん,助動詞,*,*,*,不変化型,基本形,ん,ン,ン,１
。,記号,句点,*,*,*,*,。,。,。,１
井上,名詞,固有名詞,人名,姓,*,*,井上,イノウエ,イノウエ,１
くん,名詞,接尾,人名,*,*,*,くん,クン,クン,１
は,助詞,係助詞,*,*,*,*,は,ハ,ワ,１
、,記号,読点,*,*,*,*,、,、,、,１
手さぐり,名詞,一般,*,*,*,*,手さぐり,テサグリ,テサグリ,１
で,助詞,格助詞,一般,*,*,*,で,デ,デ,１
ルミ,名詞,固有名詞,人名,名,*,*,ルミ,ルミ,ルミ,１
ちゃん,名詞,接尾,人名,*,*,*,ちゃん,チャン,チャン,１
を,助詞,格助詞,一般,*,*,*,を,ヲ,ヲ,１
さがし,動詞,自立,*,*,五段・サ行,連用形,さがす,サガシ,サガシ,１
、,記号,読点,*,*,*,*,、,、,、,１
その,連体詞,*,*,*,*,*,その,ソノ,ソノ,１
手,名詞,一般,*,*,*,*,手,テ,テ,１
を,助詞,格助詞,一般,*,*,*,を,ヲ,ヲ,１
とり,動詞,自立,*,*,五段・ラ行,連用形,とる,トリ,トリ,１
まし,助動詞,*,*,*,特殊・マス,連用形,ます,マシ,マシ,１
た,助動詞,*,*,*,特殊・タ,基本形,た,タ,タ,１
。,記号,句点,*,*,*,*,。,。,。,１
おくびょうもの,名詞,一般,*,*,*,*,臆病者,オクビョウモノ,オクビョーモノ,１
の,助詞,連体化,*,*,*,*,の,ノ,ノ,１
ノロ,名詞,一般,*,*,*,*,ノロ,ノロ,ノロ,１
ちゃん,名詞,接尾,人名,*,*,*,ちゃん,チャン,チャン,１
は,助詞,係助詞,*,*,*,*,は,ハ,ワ,１
、,記号,読点,*,*,*,*,、,、,、,１
井上,名詞,固有名詞,人名,姓,*,*,井上,イノウエ,イノウエ,１
くん,名詞,接尾,人名,*,*,*,くん,クン,クン,１
の,助詞,連体化,*,*,*,*,の,ノ,ノ,１
からだ,名詞,一般,*,*,*,*,からだ,カラダ,カラダ,１
に,助詞,格助詞,一般,*,*,*,に,ニ,ニ,１
しがみつい,動詞,自立,*,*,五段・カ行イ音便,連用タ接続,しがみつく,シガミツイ,シガミツイ,１
て,助詞,接続助詞,*,*,*,*,て,テ,テ,１
い,動詞,非自立,*,*,一段,連用形,いる,イ,イ,１
ます,助動詞,*,*,*,特殊・マス,基本形,ます,マス,マス,１
。,記号,句点,*,*,*,*,。,。,。,１
する,動詞,自立,*,*,サ変・スル,基本形,する,スル,スル,１
と,助詞,接続助詞,*,*,*,*,と,ト,ト,１
、,記号,読点,*,*,*,*,、,、,、,１
その,連体詞,*,*,*,*,*,その,ソノ,ソノ,１
とき,名詞,非自立,副詞可能,*,*,*,とき,トキ,トキ,１
、,記号,読点,*,*,*,*,、,、,、,１
むこう,名詞,形容動詞語幹,*,*,*,*,無効,ムコウ,ムコー,１
の,助詞,連体化,*,*,*,*,の,ノ,ノ,１
方,名詞,非自立,一般,*,*,*,方,ホウ,ホー,１
が,助詞,格助詞,一般,*,*,*,が,ガ,ガ,１
ぼうっと,副詞,一般,*,*,*,*,ぼうっと,ボウット,ボーット,１
明るく,形容詞,自立,*,*,形容詞・アウオ段,連用テ接続,明るい,アカルク,アカルク,１
なっ,動詞,自立,*,*,五段・ラ行,連用タ接続,なる,ナッ,ナッ,１
て,助詞,接続助詞,*,*,*,*,て,テ,テ,１
、,記号,読点,*,*,*,*,、,、,、,１
ちんどん屋,名詞,一般,*,*,*,*,ちんどん屋,チンドンヤ,チンドンヤ,１
の,助詞,連体化,*,*,*,*,の,ノ,ノ,１
す,接頭詞,名詞接続,*,*,*,*,す,ス,ス,１
がた,名詞,一般,*,*,*,*,がた,ガタ,ガタ,１
が,助詞,格助詞,一般,*,*,*,が,ガ,ガ,１
あらわれ,動詞,自立,*,*,一段,連用形,あらわれる,アラワレ,アラワレ,１
まし,助動詞,*,*,*,特殊・マス,連用形,ます,マシ,マシ,１
た,助動詞,*,*,*,特殊・タ,基本形,た,タ,タ,１
。,記号,句点,*,*,*,*,。,。,。,１
大きな,連体詞,*,*,*,*,*,大きな,オオキナ,オーキナ,１
まっ,接頭詞,名詞接続,*,*,*,*,まっ,マッ,マッ,１
かな,名詞,一般,*,*,*,*,かな,カナ,カナ,１
口,名詞,接尾,一般,*,*,*,口,グチ,グチ,１
で,助詞,格助詞,一般,*,*,*,で,デ,デ,１
、,記号,読点,*,*,*,*,、,、,、,１
にやにや,副詞,一般,*,*,*,*,にやにや,ニヤニヤ,ニヤニヤ,１
わらっ,動詞,自立,*,*,五段・ワ行促音便,連用タ接続,わらう,ワラッ,ワラッ,１
て,助詞,接続助詞,*,*,*,*,て,テ,テ,１
い,動詞,非自立,*,*,一段,連用形,いる,イ,イ,１
ます,助動詞,*,*,*,特殊・マス,基本形,ます,マス,マス,１
。,記号,句点,*,*,*,*,。,。,。,１
「,記号,括弧開,*,*,*,*,「,「,「,１
さあ,感動詞,*,*,*,*,*,さあ,サア,サー,１
、,記号,読点,*,*,*,*,、,、,、,１
これから,副詞,助詞類接続,*,*,*,*,これから,コレカラ,コレカラ,１
、,記号,読点,*,*,*,*,、,、,、,１
おもしろい,形容詞,自立,*,*,形容詞・アウオ段,基本形,おもしろい,オモシロイ,オモシロイ,１
もの,名詞,非自立,一般,*,*,*,もの,モノ,モノ,１
を,助詞,格助詞,一般,*,*,*,を,ヲ,ヲ,１
見せ,動詞,自立,*,*,一段,連用形,見せる,ミセ,ミセ,１
て,助詞,接続助詞,*,*,*,*,て,テ,テ,１
やる,動詞,非自立,*,*,五段・ラ行,基本形,やる,ヤル,ヤル,１
よ,助詞,終助詞,*,*,*,*,よ,ヨ,ヨ,１
、,記号,読点,*,*,*,*,、,、,、,１
え,感動詞,*,*,*,*,*,え,エ,エ,１
へ,助詞,格助詞,一般,*,*,*,へ,ヘ,エ,１
へ,助詞,格助詞,一般,*,*,*,へ,ヘ,エ,１
」,記号,括弧閉,*,*,*,*,」,」,」,１
そういった,連体詞,*,*,*,*,*,そういった,ソウイッタ,ソウイッタ,１
か,助詞,副助詞／並立助詞／終助詞,*,*,*,*,か,カ,カ,１
と,助詞,格助詞,引用,*,*,*,と,ト,ト,１
思う,動詞,自立,*,*,五段・ワ行促音便,基本形,思う,オモウ,オモウ,１
と,助詞,接続助詞,*,*,*,*,と,ト,ト,１
、,記号,読点,*,*,*,*,、,、,、,１
ちんどん屋,名詞,一般,*,*,*,*,ちんどん屋,チンドンヤ,チンドンヤ,１
の,助詞,連体化,*,*,*,*,の,ノ,ノ,１
す,接頭詞,名詞接続,*,*,*,*,す,ス,ス,１
がた,名詞,一般,*,*,*,*,がた,ガタ,ガタ,１
が,助詞,格助詞,一般,*,*,*,が,ガ,ガ,１
、,記号,読点,*,*,*,*,、,、,、,１
水,名詞,一般,*,*,*,*,水,ミズ,ミズ,１
の,助詞,格助詞,一般,*,*,*,の,ノ,ノ,１
ゆれる,動詞,自立,*,*,一段,基本形,ゆれる,ユレル,ユレル,１
よう,名詞,非自立,助動詞語幹,*,*,*,よう,ヨウ,ヨー,１
に,助詞,副詞化,*,*,*,*,に,ニ,ニ,１
ぼうっと,副詞,一般,*,*,*,*,ぼうっと,ボウット,ボーット,１
かすん,動詞,自立,*,*,五段・マ行,連用タ接続,かすむ,カスン,カスン,１
で,助詞,接続助詞,*,*,*,*,で,デ,デ,１
、,記号,読点,*,*,*,*,、,、,、,１
まるで,副詞,一般,*,*,*,*,まるで,マルデ,マルデ,１
、,記号,読点,*,*,*,*,、,、,、,１
えい,名詞,固有名詞,人名,名,*,*,えい,エイ,エイ,１
が,助詞,格助詞,一般,*,*,*,が,ガ,ガ,１
の,助詞,連体化,*,*,*,*,の,ノ,ノ,１
二,名詞,数,*,*,*,*,二,ニ,ニ,１
じゅう,名詞,接尾,一般,*,*,*,じゅう,ジュウ,ジュー,１
写し,名詞,一般,*,*,*,*,写し,ウツシ,ウツシ,１
の,助詞,連体化,*,*,*,*,の,ノ,ノ,１
よう,名詞,非自立,助動詞語幹,*,*,*,よう,ヨウ,ヨー,１
に,助詞,副詞化,*,*,*,*,に,ニ,ニ,１
、,記号,読点,*,*,*,*,、,、,、,１
べつ,名詞,一般,*,*,*,*,べつ,ベツ,ベツ,１
の,助詞,連体化,*,*,*,*,の,ノ,ノ,１
もの,名詞,非自立,一般,*,*,*,もの,モノ,モノ,１
に,助詞,格助詞,一般,*,*,*,に,ニ,ニ,１
かわっ,動詞,自立,*,*,五段・ラ行,連用タ接続,かわる,カワッ,カワッ,１
て,助詞,接続助詞,*,*,*,*,て,テ,テ,１
き,動詞,非自立,*,*,カ変・クル,連用形,くる,キ,キ,１
まし,助動詞,*,*,*,特殊・マス,連用形,ます,マシ,マシ,１
た,助動詞,*,*,*,特殊・タ,基本形,た,タ,タ,１
。,記号,句点,*,*,*,*,。,。,。,１
そして,接続詞,*,*,*,*,*,そして,ソシテ,ソシテ,１
、,記号,読点,*,*,*,*,、,、,、,１
そこ,名詞,代名詞,一般,*,*,*,そこ,ソコ,ソコ,１
に,助詞,格助詞,一般,*,*,*,に,ニ,ニ,１
あらわれ,動詞,自立,*,*,一段,連用形,あらわれる,アラワレ,アラワレ,１
た,助動詞,*,*,*,特殊・タ,基本形,た,タ,タ,１
の,名詞,非自立,一般,*,*,*,の,ノ,ノ,１
は,助詞,係助詞,*,*,*,*,は,ハ,ワ,１
、,記号,読点,*,*,*,*,、,、,、,１
黒い,形容詞,自立,*,*,形容詞・アウオ段,基本形,黒い,クロイ,クロイ,１
シャツ,名詞,一般,*,*,*,*,シャツ,シャツ,シャツ,１
を,助詞,格助詞,一般,*,*,*,を,ヲ,ヲ,１
着,動詞,自立,*,*,一段,連用形,着る,キ,キ,１
た,助動詞,*,*,*,特殊・タ,基本形,た,タ,タ,１
、,記号,読点,*,*,*,*,、,、,、,１
せい,名詞,一般,*,*,*,*,せい,セイ,セイ,１
よう,名詞,接尾,一般,*,*,*,よう,ヨウ,ヨー,１
あくま,名詞,一般,*,*,*,*,あくま,アクマ,アクマ,１
の,助詞,連体化,*,*,*,*,の,ノ,ノ,１
おそろしい,形容詞,自立,*,*,形容詞・イ段,基本形,おそろしい,オソロシイ,オソロシイ,１
す,接頭詞,名詞接続,*,*,*,*,す,ス,ス,１
がた,名詞,一般,*,*,*,*,がた,ガタ,ガタ,１
でし,助動詞,*,*,*,特殊・デス,連用形,です,デシ,デシ,１
た,助動詞,*,*,*,特殊・タ,基本形,た,タ,タ,１
。,記号,句点,*,*,*,*,。,。,。,１
「,記号,括弧開,*,*,*,*,「,「,「,１
きゃ,動詞,非自立,*,*,五段・カ行促音便,仮定縮約１,く,キャ,キャ,１
あっ,感動詞,*,*,*,*,*,あっ,アッ,アッ,１
」,記号,括弧閉,*,*,*,*,」,」,」,１
と,助詞,格助詞,引用,*,*,*,と,ト,ト,１
、,記号,読点,*,*,*,*,、,、,、,１
ひめ,動詞,自立,*,*,一段,連用形,ひめる,ヒメ,ヒメ,１
い,動詞,非自立,*,*,一段,連用形,いる,イ,イ,１
を,助詞,格助詞,一般,*,*,*,を,ヲ,ヲ,１
上げ,動詞,自立,*,*,一段,連用形,上げる,アゲ,アゲ,１
て,助詞,接続助詞,*,*,*,*,て,テ,テ,１
、,記号,読点,*,*,*,*,、,、,、,１
さい,名詞,一般,*,*,*,*,さい,サイ,サイ,１
しょ,名詞,一般,*,*,*,*,しょ,ショ,ショ,１
に,助詞,格助詞,一般,*,*,*,に,ニ,ニ,１
にげ,動詞,自立,*,*,一段,連用形,にげる,ニゲ,ニゲ,１
出し,動詞,非自立,*,*,五段・サ行,連用形,出す,ダシ,ダシ,１
た,助動詞,*,*,*,特殊・タ,基本形,た,タ,タ,１
の,名詞,非自立,一般,*,*,*,の,ノ,ノ,１
は,助詞,係助詞,*,*,*,*,は,ハ,ワ,１
、,記号,読点,*,*,*,*,、,、,、,１
ノロ,名詞,一般,*,*,*,*,ノロ,ノロ,ノロ,１
ちゃん,名詞,接尾,人名,*,*,*,ちゃん,チャン,チャン,１
でし,助動詞,*,*,*,特殊・デス,連用形,です,デシ,デシ,１
た,助動詞,*,*,*,特殊・タ,基本形,た,タ,タ,１
。,記号,句点,*,*,*,*,。,。,。,１
井上,名詞,固有名詞,人名,姓,*,*,井上,イノウエ,イノウエ,１
くん,名詞,接尾,人名,*,*,*,くん,クン,クン,１
も,助詞,係助詞,*,*,*,*,も,モ,モ,１
ルミ,名詞,固有名詞,人名,名,*,*,ルミ,ルミ,ルミ,１
ちゃん,名詞,接尾,人名,*,*,*,ちゃん,チャン,チャン,１
の,助詞,連体化,*,*,*,*,の,ノ,ノ,１
手,名詞,一般,*,*,*,*,手,テ,テ,１
を,助詞,格助詞,一般,*,*,*,を,ヲ,ヲ,１
引い,動詞,自立,*,*,五段・カ行イ音便,連用タ接続,引く,ヒイ,ヒイ,１
て,助詞,接続助詞,*,*,*,*,て,テ,テ,１
、,記号,読点,*,*,*,*,、,、,、,１
入口,名詞,一般,*,*,*,*,入口,イリグチ,イリグチ,１
へ,助詞,格助詞,一般,*,*,*,へ,ヘ,エ,１
ひきかえし,動詞,自立,*,*,五段・サ行,連用形,ひきかえす,ヒキカエシ,ヒキカエシ,１
まし,助動詞,*,*,*,特殊・マス,連用形,ます,マシ,マシ,１
た,助動詞,*,*,*,特殊・タ,基本形,た,タ,タ,１
。,記号,句点,*,*,*,*,。,。,。,１
しかし,接続詞,*,*,*,*,*,しかし,シカシ,シカシ,１
、,記号,読点,*,*,*,*,、,、,、,１
入口,名詞,一般,*,*,*,*,入口,イリグチ,イリグチ,１
の,助詞,連体化,*,*,*,*,の,ノ,ノ,１
ドア,名詞,一般,*,*,*,*,ドア,ドア,ドア,１
は,助詞,係助詞,*,*,*,*,は,ハ,ワ,１
、,記号,読点,*,*,*,*,、,、,、,１
おして,副詞,一般,*,*,*,*,おして,オシテ,オシテ,１
も,助詞,係助詞,*,*,*,*,も,モ,モ,１
引い,動詞,自立,*,*,五段・カ行イ音便,連用タ接続,引く,ヒイ,ヒイ,１
て,助詞,接続助詞,*,*,*,*,て,テ,テ,１
も,助詞,係助詞,*,*,*,*,も,モ,モ,１
、,記号,読点,*,*,*,*,、,、,、,１
あか,名詞,一般,*,*,*,*,あか,アカ,アカ,１
ない,形容詞,自立,*,*,形容詞・アウオ段,基本形,ない,ナイ,ナイ,１
の,名詞,非自立,一般,*,*,*,の,ノ,ノ,１
です,助動詞,*,*,*,特殊・デス,基本形,です,デス,デス,１
。,記号,句点,*,*,*,*,。,。,。,１
いつのまにか,副詞,一般,*,*,*,*,いつのまにか,イツノマニカ,イツノマニカ,１
、,記号,読点,*,*,*,*,、,、,、,１
かぎ,名詞,一般,*,*,*,*,かぎ,カギ,カギ,１
が,助詞,格助詞,一般,*,*,*,が,ガ,ガ,１
かかっ,動詞,自立,*,*,五段・ラ行,連用タ接続,かかる,カカッ,カカッ,１
て,助詞,接続助詞,*,*,*,*,て,テ,テ,１
しまっ,動詞,非自立,*,*,五段・ワ行促音便,連用タ接続,しまう,シマッ,シマッ,１
た,助動詞,*,*,*,特殊・タ,基本形,た,タ,タ,１
の,名詞,非自立,一般,*,*,*,の,ノ,ノ,１
です,助動詞,*,*,*,特殊・デス,基本形,です,デス,デス,１
。,記号,句点,*,*,*,*,。,。,。,１
ふりかえる,動詞,自立,*,*,一段,基本形,ふりかえる,フリカエル,フリカエル,１
と,助詞,接続助詞,*,*,*,*,と,ト,ト,１
、,記号,読点,*,*,*,*,、,、,、,１
せい,名詞,一般,*,*,*,*,せい,セイ,セイ,１
よう,名詞,接尾,一般,*,*,*,よう,ヨウ,ヨー,１
あくま,名詞,一般,*,*,*,*,あくま,アクマ,アクマ,１
の,助詞,連体化,*,*,*,*,の,ノ,ノ,１
からだ,名詞,一般,*,*,*,*,からだ,カラダ,カラダ,１
に,助詞,格助詞,一般,*,*,*,に,ニ,ニ,１
、,記号,読点,*,*,*,*,、,、,、,１
また,副詞,助詞類接続,*,*,*,*,また,マタ,マタ,１
し,動詞,自立,*,*,サ変・スル,連用形,する,シ,シ,１
て,助詞,接続助詞,*,*,*,*,て,テ,テ,１
も,助詞,係助詞,*,*,*,*,も,モ,モ,１
ふしぎ,名詞,形容動詞語幹,*,*,*,*,ふしぎ,フシギ,フシギ,１
な,助動詞,*,*,*,特殊・ダ,体言接続,だ,ナ,ナ,１
こと,名詞,非自立,一般,*,*,*,こと,コト,コト,１
が,助詞,格助詞,一般,*,*,*,が,ガ,ガ,１
起っ,動詞,自立,*,*,五段・ラ行,連用タ接続,起る,オコッ,オコッ,１
て,助詞,接続助詞,*,*,*,*,て,テ,テ,１
い,動詞,非自立,*,*,一段,連用形,いる,イ,イ,１
まし,助動詞,*,*,*,特殊・マス,連用形,ます,マシ,マシ,１
た,助動詞,*,*,*,特殊・タ,基本形,た,タ,タ,１
。,記号,句点,*,*,*,*,。,。,。,１
あくま,名詞,一般,*,*,*,*,あくま,アクマ,アクマ,１
の,助詞,連体化,*,*,*,*,の,ノ,ノ,１
からだ,名詞,一般,*,*,*,*,からだ,カラダ,カラダ,１
が,助詞,格助詞,一般,*,*,*,が,ガ,ガ,１
、,記号,読点,*,*,*,*,、,、,、,１
足,名詞,一般,*,*,*,*,足,アシ,アシ,１
の,助詞,連体化,*,*,*,*,の,ノ,ノ,１
方,名詞,非自立,一般,*,*,*,方,ホウ,ホー,１
から,助詞,格助詞,一般,*,*,*,から,カラ,カラ,１
とける,動詞,自立,*,*,一段,基本形,とける,トケル,トケル,１
よう,名詞,非自立,助動詞語幹,*,*,*,よう,ヨウ,ヨー,１
に,助詞,副詞化,*,*,*,*,に,ニ,ニ,１
すうっ,副詞,助詞類接続,*,*,*,*,すうっ,スウッ,スーッ,１
と,助詞,副詞化,*,*,*,*,と,ト,ト,１
きえ,動詞,自立,*,*,一段,連用形,きえる,キエ,キエ,１
て,助詞,接続助詞,*,*,*,*,て,テ,テ,１
いく,動詞,非自立,*,*,五段・カ行促音便,基本形,いく,イク,イク,１
で,助動詞,*,*,*,特殊・ダ,連用形,だ,デ,デ,１
は,助詞,係助詞,*,*,*,*,は,ハ,ワ,１
あり,動詞,自立,*,*,五段・ラ行,連用形,ある,アリ,アリ,１
ませ,助動詞,*,*,*,特殊・マス,未然形,ます,マセ,マセ,１
ん,助動詞,*,*,*,不変化型,基本形,ん,ン,ン,１
か,助詞,副助詞／並立助詞／終助詞,*,*,*,*,か,カ,カ,１
。,記号,句点,*,*,*,*,。,。,。,１
そして,接続詞,*,*,*,*,*,そして,ソシテ,ソシテ,１
、,記号,読点,*,*,*,*,、,、,、,１
く,形容詞,自立,*,*,形容詞・アウオ段,ガル接続,くい,ク,ク,１
びだけがのこって,名詞,固有名詞,一般,*,*,*,*,*,*,１
、,記号,読点,*,*,*,*,、,、,、,１
ふらふら,副詞,一般,*,*,*,*,ふらふら,フラフラ,フラフラ,１
と,助詞,副詞化,*,*,*,*,と,ト,ト,１
くうちゅう,名詞,一般,*,*,*,*,空中,クウチュウ,クウチュー,１
に,助詞,格助詞,一般,*,*,*,に,ニ,ニ,１
ただよっ,動詞,自立,*,*,五段・ワ行促音便,連用タ接続,ただよう,タダヨッ,タダヨッ,１
て,助詞,接続助詞,*,*,*,*,て,テ,テ,１
いる,動詞,非自立,*,*,一段,基本形,いる,イル,イル,１
の,名詞,非自立,一般,*,*,*,の,ノ,ノ,１
です,助動詞,*,*,*,特殊・デス,基本形,です,デス,デス,１
。,記号,句点,*,*,*,*,。,。,。,１
しかも,接続詞,*,*,*,*,*,しかも,シカモ,シカモ,１
、,記号,読点,*,*,*,*,、,、,、,１
その,連体詞,*,*,*,*,*,その,ソノ,ソノ,１
く,形容詞,自立,*,*,形容詞・アウオ段,ガル接続,くい,ク,ク,１
びが,名詞,固有名詞,一般,*,*,*,*,*,*,１
、,記号,読点,*,*,*,*,、,、,、,１
口,名詞,一般,*,*,*,*,口,クチ,クチ,１
を,助詞,格助詞,一般,*,*,*,を,ヲ,ヲ,１
あけ,動詞,自立,*,*,一段,連用形,あける,アケ,アケ,１
て,助詞,接続助詞,*,*,*,*,て,テ,テ,１
、,記号,読点,*,*,*,*,、,、,、,１
けらけら,副詞,一般,*,*,*,*,けらけら,ケラケラ,ケラケラ,１
と,助詞,格助詞,一般,*,*,*,と,ト,ト,１
わらい,動詞,自立,*,*,五段・ワ行促音便,連用形,わらう,ワライ,ワライ,１
だし,動詞,非自立,*,*,五段・サ行,連用形,だす,ダシ,ダシ,１
た,助動詞,*,*,*,特殊・タ,基本形,た,タ,タ,１
では,名詞,一般,*,*,*,*,出端,デハ,デハ,１
あり,動詞,自立,*,*,五段・ラ行,連用形,ある,アリ,アリ,１
ませ,助動詞,*,*,*,特殊・マス,未然形,ます,マセ,マセ,１
ん,助動詞,*,*,*,不変化型,基本形,ん,ン,ン,１
か,助詞,副助詞／並立助詞／終助詞,*,*,*,*,か,カ,カ,１
。,記号,句点,*,*,*,*,。,。,。,１
三,名詞,数,*,*,*,*,三,サン,サン,１
人,名詞,接尾,助数詞,*,*,*,人,ニン,ニン,１
は,助詞,係助詞,*,*,*,*,は,ハ,ワ,１
、,記号,読点,*,*,*,*,、,、,、,１
おそろし,形容詞,自立,*,*,形容詞・イ段,ガル接続,おそろしい,オソロシ,オソロシ,１
さ,名詞,接尾,特殊,*,*,*,さ,サ,サ,１
に,助詞,格助詞,一般,*,*,*,に,ニ,ニ,１
声,名詞,一般,*,*,*,*,声,コエ,コエ,１
も,助詞,係助詞,*,*,*,*,も,モ,モ,１
出,動詞,自立,*,*,一段,未然形,出る,デ,デ,１
ず,助動詞,*,*,*,特殊・ヌ,連用ニ接続,ぬ,ズ,ズ,１
、,記号,読点,*,*,*,*,、,、,、,１
み動き,名詞,サ変接続,*,*,*,*,身動き,ミウゴキ,ミウゴキ,１
も,助詞,係助詞,*,*,*,*,も,モ,モ,１
でき,動詞,自立,*,*,一段,未然形,できる,デキ,デキ,１
なく,助動詞,*,*,*,特殊・ナイ,連用テ接続,ない,ナク,ナク,１
なっ,動詞,自立,*,*,五段・ラ行,連用タ接続,なる,ナッ,ナッ,１
て,助詞,接続助詞,*,*,*,*,て,テ,テ,１
たちすくん,動詞,自立,*,*,五段・マ行,連用タ接続,たちすくむ,タチスクン,タチスクン,１
で,助詞,接続助詞,*,*,*,*,で,デ,デ,１
い,動詞,非自立,*,*,一段,連用形,いる,イ,イ,１
ます,助動詞,*,*,*,特殊・マス,基本形,ます,マス,マス,１
と,助詞,接続助詞,*,*,*,*,と,ト,ト,１
、,記号,読点,*,*,*,*,、,、,、,１
この,連体詞,*,*,*,*,*,この,コノ,コノ,１
とき,名詞,非自立,副詞可能,*,*,*,とき,トキ,トキ,１
とつぜん,副詞,一般,*,*,*,*,とつぜん,トツゼン,トツゼン,１
、,記号,読点,*,*,*,*,、,、,、,１
ぱっと,副詞,一般,*,*,*,*,ぱっと,パット,パット,１
でん,副詞,助詞類接続,*,*,*,*,でん,デン,デン,１
とう,副詞,助詞類接続,*,*,*,*,とう,トウ,トウ,１
が,助詞,格助詞,一般,*,*,*,が,ガ,ガ,１
つい,動詞,自立,*,*,五段・カ行イ音便,連用タ接続,つく,ツイ,ツイ,１
て,助詞,接続助詞,*,*,*,*,て,テ,テ,１
、,記号,読点,*,*,*,*,、,、,、,１
あたり,名詞,一般,*,*,*,*,あたり,アタリ,アタリ,１
が,助詞,格助詞,一般,*,*,*,が,ガ,ガ,１
、,記号,読点,*,*,*,*,、,、,、,１
ひる,動詞,自立,*,*,一段,基本形,ひる,ヒル,ヒル,１
の,助詞,連体化,*,*,*,*,の,ノ,ノ,１
よう,名詞,非自立,助動詞語幹,*,*,*,よう,ヨウ,ヨー,１
に,助詞,副詞化,*,*,*,*,に,ニ,ニ,１
明るく,形容詞,自立,*,*,形容詞・アウオ段,連用テ接続,明るい,アカルク,アカルク,１
なり,動詞,自立,*,*,五段・ラ行,連用形,なる,ナリ,ナリ,１
まし,助動詞,*,*,*,特殊・マス,連用形,ます,マシ,マシ,１
た,助動詞,*,*,*,特殊・タ,基本形,た,タ,タ,１
。,記号,句点,*,*,*,*,。,。,。,１
あくま,名詞,一般,*,*,*,*,あくま,アクマ,アクマ,１
のく,動詞,自立,*,*,五段・カ行イ音便,基本形,のく,ノク,ノク,１
び,名詞,一般,*,*,*,*,*,*,*,１
は,助詞,係助詞,*,*,*,*,は,ハ,ワ,１
、,記号,読点,*,*,*,*,、,、,、,１
もう,副詞,一般,*,*,*,*,もう,モウ,モー,１
、,記号,読点,*,*,*,*,、,、,、,１
どこ,名詞,代名詞,一般,*,*,*,どこ,ドコ,ドコ,１
に,助詞,格助詞,一般,*,*,*,に,ニ,ニ,１
も,助詞,係助詞,*,*,*,*,も,モ,モ,１
見え,動詞,自立,*,*,一段,未然形,見える,ミエ,ミエ,１
ない,助動詞,*,*,*,特殊・ナイ,基本形,ない,ナイ,ナイ,１
の,名詞,非自立,一般,*,*,*,の,ノ,ノ,１
です,助動詞,*,*,*,特殊・デス,基本形,です,デス,デス,１
。,記号,句点,*,*,*,*,。,。,。,１
そこ,名詞,代名詞,一般,*,*,*,そこ,ソコ,ソコ,１
に,助詞,格助詞,一般,*,*,*,に,ニ,ニ,１
は,助詞,係助詞,*,*,*,*,は,ハ,ワ,１
、,記号,読点,*,*,*,*,、,、,、,１
一,名詞,数,*,*,*,*,一,イチ,イチ,１
まいの,名詞,固有名詞,地域,一般,*,*,まいの,マイノ,マイノ,１
ガラス,名詞,一般,*,*,*,*,ガラス,ガラス,ガラス,１
の,助詞,連体化,*,*,*,*,の,ノ,ノ,１
大きな,連体詞,*,*,*,*,*,大きな,オオキナ,オーキナ,１
ドア,名詞,一般,*,*,*,*,ドア,ドア,ドア,１
が,助詞,格助詞,一般,*,*,*,が,ガ,ガ,１
しまっ,動詞,自立,*,*,五段・ワ行促音便,連用タ接続,しまう,シマッ,シマッ,１
て,助詞,接続助詞,*,*,*,*,て,テ,テ,１
い,動詞,非自立,*,*,一段,連用形,いる,イ,イ,１
て,助詞,接続助詞,*,*,*,*,て,テ,テ,１
、,記号,読点,*,*,*,*,、,、,、,１
その,連体詞,*,*,*,*,*,その,ソノ,ソノ,１
むこう,名詞,形容動詞語幹,*,*,*,*,無効,ムコウ,ムコー,１
は,助詞,係助詞,*,*,*,*,は,ハ,ワ,１
、,記号,読点,*,*,*,*,、,、,、,１
一目,名詞,サ変接続,*,*,*,*,一目,イチモク,イチモク,１
で,助詞,格助詞,一般,*,*,*,で,デ,デ,１
見える,動詞,自立,*,*,一段,基本形,見える,ミエル,ミエル,１
ろう,名詞,一般,*,*,*,*,ろう,ロウ,ロー,１
か,助詞,副助詞／並立助詞／終助詞,*,*,*,*,か,カ,カ,１
です,助動詞,*,*,*,特殊・デス,基本形,です,デス,デス,１
。,記号,句点,*,*,*,*,。,。,。,１
じつに,副詞,一般,*,*,*,*,じつに,ジツニ,ジツニ,１
ふしぎ,名詞,形容動詞語幹,*,*,*,*,ふしぎ,フシギ,フシギ,１
です,助動詞,*,*,*,特殊・デス,基本形,です,デス,デス,１
。,記号,句点,*,*,*,*,。,。,。,１
どうけもの,名詞,一般,*,*,*,*,道化者,ドウケモノ,ドーケモノ,１
と,助詞,並立助詞,*,*,*,*,と,ト,ト,１
あくま,名詞,一般,*,*,*,*,あくま,アクマ,アクマ,１
が,助詞,格助詞,一般,*,*,*,が,ガ,ガ,１
、,記号,読点,*,*,*,*,、,、,、,１
けむり,動詞,自立,*,*,五段・ラ行,連用形,けむる,ケムリ,ケムリ,１
の,助詞,連体化,*,*,*,*,の,ノ,ノ,１
よう,名詞,非自立,助動詞語幹,*,*,*,よう,ヨウ,ヨー,１
に,助詞,副詞化,*,*,*,*,に,ニ,ニ,１
きえ,動詞,自立,*,*,一段,連用形,きえる,キエ,キエ,１
て,助詞,接続助詞,*,*,*,*,て,テ,テ,１
しまっ,動詞,非自立,*,*,五段・ワ行促音便,連用タ接続,しまう,シマッ,シマッ,１
た,助動詞,*,*,*,特殊・タ,基本形,た,タ,タ,１
の,名詞,非自立,一般,*,*,*,の,ノ,ノ,１
です,助動詞,*,*,*,特殊・デス,基本形,です,デス,デス,１
。,記号,句点,*,*,*,*,。,。,。,１
しばらく,副詞,助詞類接続,*,*,*,*,しばらく,シバラク,シバラク,１
し,動詞,自立,*,*,サ変・スル,連用形,する,シ,シ,１
て,助詞,接続助詞,*,*,*,*,て,テ,テ,１
も,助詞,係助詞,*,*,*,*,も,モ,モ,１
、,記号,読点,*,*,*,*,、,、,、,１
なに事,名詞,一般,*,*,*,*,何事,ナニゴト,ナニゴト,１
も,助詞,係助詞,*,*,*,*,も,モ,モ,１
起り,動詞,自立,*,*,五段・ラ行,連用形,起る,オコリ,オコリ,１
ませ,助動詞,*,*,*,特殊・マス,未然形,ます,マセ,マセ,１
ん,助動詞,*,*,*,不変化型,基本形,ん,ン,ン,１
。,記号,句点,*,*,*,*,。,。,。,１
三,名詞,数,*,*,*,*,三,サン,サン,１
人,名詞,接尾,助数詞,*,*,*,人,ニン,ニン,１
は,助詞,係助詞,*,*,*,*,は,ハ,ワ,１
、,記号,読点,*,*,*,*,、,、,、,１
入口,名詞,一般,*,*,*,*,入口,イリグチ,イリグチ,１
を,助詞,格助詞,一般,*,*,*,を,ヲ,ヲ,１
ふさが,動詞,自立,*,*,五段・ガ行,未然形,ふさぐ,フサガ,フサガ,１
れ,動詞,接尾,*,*,一段,連用形,れる,レ,レ,１
て,助詞,接続助詞,*,*,*,*,て,テ,テ,１
しまっ,動詞,非自立,*,*,五段・ワ行促音便,連用タ接続,しまう,シマッ,シマッ,１
た,助動詞,*,*,*,特殊・タ,基本形,た,タ,タ,１
の,名詞,非自立,一般,*,*,*,の,ノ,ノ,１
です,助動詞,*,*,*,特殊・デス,基本形,です,デス,デス,１
から,助詞,接続助詞,*,*,*,*,から,カラ,カラ,１
、,記号,読点,*,*,*,*,、,、,、,１
どこか,名詞,一般,*,*,*,*,どこか,ドコカ,ドコカ,１
に,助詞,格助詞,一般,*,*,*,に,ニ,ニ,１
出口,名詞,一般,*,*,*,*,出口,デグチ,デグチ,１
を,助詞,格助詞,一般,*,*,*,を,ヲ,ヲ,１
さがさ,動詞,自立,*,*,五段・サ行,未然形,さがす,サガサ,サガサ,１
なけれ,助動詞,*,*,*,特殊・ナイ,仮定形,ない,ナケレ,ナケレ,１
ば,助詞,接続助詞,*,*,*,*,ば,バ,バ,１
なり,動詞,非自立,*,*,五段・ラ行,連用形,なる,ナリ,ナリ,１
ませ,助動詞,*,*,*,特殊・マス,未然形,ます,マセ,マセ,１
ん,助動詞,*,*,*,不変化型,基本形,ん,ン,ン,１
。,記号,句点,*,*,*,*,。,。,。,１
そこで,接続詞,*,*,*,*,*,そこで,ソコデ,ソコデ,１
井上,名詞,固有名詞,人名,姓,*,*,井上,イノウエ,イノウエ,１
くん,名詞,接尾,人名,*,*,*,くん,クン,クン,１
は,助詞,係助詞,*,*,*,*,は,ハ,ワ,１
、,記号,読点,*,*,*,*,、,、,、,１
思い切っ,動詞,自立,*,*,五段・ラ行,連用タ接続,思い切る,オモイキッ,オモイキッ,１
て,助詞,接続助詞,*,*,*,*,て,テ,テ,１
、,記号,読点,*,*,*,*,、,、,、,１
しょう,名詞,一般,*,*,*,*,しょう,ショウ,ショー,１
めん,名詞,一般,*,*,*,*,めん,メン,メン,１
の,助詞,連体化,*,*,*,*,の,ノ,ノ,１
一,名詞,数,*,*,*,*,一,イチ,イチ,１
まい,助動詞,*,*,*,不変化型,基本形,まい,マイ,マイ,１
ガラス,名詞,一般,*,*,*,*,ガラス,ガラス,ガラス,１
の,助詞,連体化,*,*,*,*,の,ノ,ノ,１
ドア,名詞,一般,*,*,*,*,ドア,ドア,ドア,１
を,助詞,格助詞,一般,*,*,*,を,ヲ,ヲ,１
おし,動詞,自立,*,*,五段・サ行,連用形,おす,オシ,オシ,１
て,助詞,接続助詞,*,*,*,*,て,テ,テ,１
み,動詞,非自立,*,*,一段,連用形,みる,ミ,ミ,１
まし,助動詞,*,*,*,特殊・マス,連用形,ます,マシ,マシ,１
た,助動詞,*,*,*,特殊・タ,基本形,た,タ,タ,１
。,記号,句点,*,*,*,*,。,。,。,１
する,動詞,自立,*,*,サ変・スル,基本形,する,スル,スル,１
と,助詞,接続助詞,*,*,*,*,と,ト,ト,１
、,記号,読点,*,*,*,*,、,、,、,１
音,名詞,一般,*,*,*,*,音,オト,オト,１
も,助詞,係助詞,*,*,*,*,も,モ,モ,１
なく,形容詞,自立,*,*,形容詞・アウオ段,連用テ接続,ない,ナク,ナク,１
すうっと,副詞,一般,*,*,*,*,すうっと,スウット,スウット,１
あく,動詞,自立,*,*,五段・カ行イ音便,基本形,あく,アク,アク,１
の,名詞,非自立,一般,*,*,*,の,ノ,ノ,１
です,助動詞,*,*,*,特殊・デス,基本形,です,デス,デス,１
。,記号,句点,*,*,*,*,。,。,。,１
三,名詞,数,*,*,*,*,三,サン,サン,１
人,名詞,接尾,助数詞,*,*,*,人,ニン,ニン,１
は,助詞,係助詞,*,*,*,*,は,ハ,ワ,１
、,記号,読点,*,*,*,*,、,、,、,１
その,連体詞,*,*,*,*,*,その,ソノ,ソノ,１
ドア,名詞,一般,*,*,*,*,ドア,ドア,ドア,１
の,助詞,連体化,*,*,*,*,の,ノ,ノ,１
外,名詞,一般,*,*,*,*,外,ソト,ソト,１
の,助詞,連体化,*,*,*,*,の,ノ,ノ,１
ろう,名詞,一般,*,*,*,*,ろう,ロウ,ロー,１
か,助詞,副助詞／並立助詞／終助詞,*,*,*,*,か,カ,カ,１
に,助詞,格助詞,一般,*,*,*,に,ニ,ニ,１
出,動詞,自立,*,*,一段,連用形,出る,デ,デ,１
まし,助動詞,*,*,*,特殊・マス,連用形,ます,マシ,マシ,１
た,助動詞,*,*,*,特殊・タ,基本形,た,タ,タ,１
。,記号,句点,*,*,*,*,。,。,。,１
見る,動詞,自立,*,*,一段,基本形,見る,ミル,ミル,１
と,助詞,接続助詞,*,*,*,*,と,ト,ト,１
、,記号,読点,*,*,*,*,、,、,、,１
むこう,名詞,形容動詞語幹,*,*,*,*,無効,ムコウ,ムコー,１
に,助詞,副詞化,*,*,*,*,に,ニ,ニ,１
小さな,連体詞,*,*,*,*,*,小さな,チイサナ,チーサナ,１
木,名詞,一般,*,*,*,*,木,キ,キ,１
の,助詞,連体化,*,*,*,*,の,ノ,ノ,１
ドア,名詞,一般,*,*,*,*,ドア,ドア,ドア,１
が,助詞,格助詞,一般,*,*,*,が,ガ,ガ,１
あい,動詞,自立,*,*,五段・カ行イ音便,連用タ接続,あく,アイ,アイ,１
た,助動詞,*,*,*,特殊・タ,基本形,た,タ,タ,１
まま,名詞,非自立,副詞可能,*,*,*,まま,ママ,ママ,１
に,助詞,格助詞,一般,*,*,*,に,ニ,ニ,１
なっ,動詞,自立,*,*,五段・ラ行,連用タ接続,なる,ナッ,ナッ,１
て,助詞,接続助詞,*,*,*,*,て,テ,テ,１
い,動詞,非自立,*,*,一段,連用形,いる,イ,イ,１
ます,助動詞,*,*,*,特殊・マス,基本形,ます,マス,マス,１
。,記号,句点,*,*,*,*,。,。,。,１
井上,名詞,固有名詞,人名,姓,*,*,井上,イノウエ,イノウエ,１
くん,名詞,接尾,人名,*,*,*,くん,クン,クン,１
たち,名詞,接尾,一般,*,*,*,たち,タチ,タチ,１
は,助詞,係助詞,*,*,*,*,は,ハ,ワ,１
、,記号,読点,*,*,*,*,、,、,、,１
そこ,名詞,代名詞,一般,*,*,*,そこ,ソコ,ソコ,１
に,助詞,格助詞,一般,*,*,*,に,ニ,ニ,１
近づい,動詞,自立,*,*,五段・カ行イ音便,連用タ接続,近づく,チカヅイ,チカズイ,１
て,助詞,接続助詞,*,*,*,*,て,テ,テ,１
、,記号,読点,*,*,*,*,、,、,、,１
おずおず,副詞,一般,*,*,*,*,おずおず,オズオズ,オズオズ,１
中,名詞,一般,*,*,*,*,中,ナカ,ナカ,１
を,助詞,格助詞,一般,*,*,*,を,ヲ,ヲ,１
のぞい,動詞,自立,*,*,五段・カ行イ音便,連用タ接続,のぞく,ノゾイ,ノゾイ,１
て,助詞,接続助詞,*,*,*,*,て,テ,テ,１
み,動詞,非自立,*,*,一段,連用形,みる,ミ,ミ,１
まし,助動詞,*,*,*,特殊・マス,連用形,ます,マシ,マシ,１
た,助動詞,*,*,*,特殊・タ,基本形,た,タ,タ,１
。,記号,句点,*,*,*,*,。,。,。,１
ドア,名詞,一般,*,*,*,*,ドア,ドア,ドア,１
の,助詞,連体化,*,*,*,*,の,ノ,ノ,１
中,名詞,非自立,副詞可能,*,*,*,中,ナカ,ナカ,１
に,助詞,格助詞,一般,*,*,*,に,ニ,ニ,１
、,記号,読点,*,*,*,*,、,、,、,１
もう,副詞,一般,*,*,*,*,もう,モウ,モー,１
一つ,名詞,一般,*,*,*,*,一つ,ヒトツ,ヒトツ,１
の,助詞,連体化,*,*,*,*,の,ノ,ノ,１
ドア,名詞,一般,*,*,*,*,ドア,ドア,ドア,１
が,助詞,格助詞,一般,*,*,*,が,ガ,ガ,１
あっ,動詞,自立,*,*,五段・ラ行,連用タ接続,ある,アッ,アッ,１
て,助詞,接続助詞,*,*,*,*,て,テ,テ,１
、,記号,読点,*,*,*,*,、,、,、,１
それ,名詞,代名詞,一般,*,*,*,それ,ソレ,ソレ,１
も,助詞,係助詞,*,*,*,*,も,モ,モ,１
あい,動詞,自立,*,*,五段・カ行イ音便,連用タ接続,あく,アイ,アイ,１
て,助詞,接続助詞,*,*,*,*,て,テ,テ,１
い,動詞,非自立,*,*,一段,連用形,いる,イ,イ,１
ます,助動詞,*,*,*,特殊・マス,基本形,ます,マス,マス,１
。,記号,句点,*,*,*,*,。,。,。,１
そして,接続詞,*,*,*,*,*,そして,ソシテ,ソシテ,１
、,記号,読点,*,*,*,*,、,、,、,１
その,連体詞,*,*,*,*,*,その,ソノ,ソノ,１
むこう,名詞,形容動詞語幹,*,*,*,*,無効,ムコウ,ムコー,１
に,助詞,副詞化,*,*,*,*,に,ニ,ニ,１
、,記号,読点,*,*,*,*,、,、,、,１
でん,副詞,助詞類接続,*,*,*,*,でん,デン,デン,１
と,助詞,副詞化,*,*,*,*,と,ト,ト,１
うの,名詞,固有名詞,人名,名,*,*,うの,ウノ,ウノ,１
つい,動詞,自立,*,*,五段・カ行イ音便,連用タ接続,つく,ツイ,ツイ,１
た,助動詞,*,*,*,特殊・タ,基本形,た,タ,タ,１
小さな,連体詞,*,*,*,*,*,小さな,チイサナ,チーサナ,１
へや,名詞,一般,*,*,*,*,へや,ヘヤ,ヘヤ,１
が,助詞,格助詞,一般,*,*,*,が,ガ,ガ,１
ある,動詞,自立,*,*,五段・ラ行,基本形,ある,アル,アル,１
の,名詞,非自立,一般,*,*,*,の,ノ,ノ,１
です,助動詞,*,*,*,特殊・デス,基本形,です,デス,デス,１
。,記号,句点,*,*,*,*,。,。,。,１
井上,名詞,固有名詞,人名,姓,*,*,井上,イノウエ,イノウエ,１
くん,名詞,接尾,人名,*,*,*,くん,クン,クン,１
は,助詞,係助詞,*,*,*,*,は,ハ,ワ,１
、,記号,読点,*,*,*,*,、,、,、,１
ルミ,名詞,固有名詞,人名,名,*,*,ルミ,ルミ,ルミ,１
ちゃん,名詞,接尾,人名,*,*,*,ちゃん,チャン,チャン,１
と,助詞,格助詞,一般,*,*,*,と,ト,ト,１
ノロ,名詞,一般,*,*,*,*,ノロ,ノロ,ノロ,１
ちゃん,名詞,接尾,人名,*,*,*,ちゃん,チャン,チャン,１
の,助詞,連体化,*,*,*,*,の,ノ,ノ,１
手,名詞,一般,*,*,*,*,手,テ,テ,１
を,助詞,格助詞,一般,*,*,*,を,ヲ,ヲ,１
引い,動詞,自立,*,*,五段・カ行イ音便,連用タ接続,引く,ヒイ,ヒイ,１
て,助詞,接続助詞,*,*,*,*,て,テ,テ,１
、,記号,読点,*,*,*,*,、,、,、,１
その,連体詞,*,*,*,*,*,その,ソノ,ソノ,１
小,名詞,一般,*,*,*,*,小,ショウ,ショー,１
べ,助詞,終助詞,*,*,*,*,べ,ベ,ベ,１
や,助詞,並立助詞,*,*,*,*,や,ヤ,ヤ,１
に,助詞,格助詞,一般,*,*,*,に,ニ,ニ,１
は,助詞,係助詞,*,*,*,*,は,ハ,ワ,１
いっ,動詞,自立,*,*,五段・ワ行促音便,連用タ接続,いう,イッ,イッ,１
て,助詞,接続助詞,*,*,*,*,て,テ,テ,１
み,動詞,非自立,*,*,一段,連用形,みる,ミ,ミ,１
まし,助動詞,*,*,*,特殊・マス,連用形,ます,マシ,マシ,１
た,助動詞,*,*,*,特殊・タ,基本形,た,タ,タ,１
。,記号,句点,*,*,*,*,。,。,。,１
三,名詞,数,*,*,*,*,三,サン,サン,１
人,名詞,接尾,助数詞,*,*,*,人,ニン,ニン,１
が,助詞,格助詞,一般,*,*,*,が,ガ,ガ,１
はいる,動詞,自立,*,*,五段・ラ行,基本形,はいる,ハイル,ハイル,１
と,助詞,接続助詞,*,*,*,*,と,ト,ト,１
、,記号,読点,*,*,*,*,、,、,、,１
二,名詞,数,*,*,*,*,二,ニ,ニ,１
じゅう,名詞,接尾,副詞可能,*,*,*,じゅう,ジュウ,ジュー,１
の,助詞,連体化,*,*,*,*,の,ノ,ノ,１
ドア,名詞,一般,*,*,*,*,ドア,ドア,ドア,１
が,助詞,格助詞,一般,*,*,*,が,ガ,ガ,１
ぴったり,副詞,一般,*,*,*,*,ぴったり,ピッタリ,ピッタリ,１
と,助詞,副詞化,*,*,*,*,と,ト,ト,１
しまっ,動詞,自立,*,*,五段・ワ行促音便,連用タ接続,しまう,シマッ,シマッ,１
て,助詞,接続助詞,*,*,*,*,て,テ,テ,１
しまい,動詞,非自立,*,*,五段・ワ行促音便,連用形,しまう,シマイ,シマイ,１
まし,助動詞,*,*,*,特殊・マス,連用形,ます,マシ,マシ,１
た,助動詞,*,*,*,特殊・タ,基本形,た,タ,タ,１
。,記号,句点,*,*,*,*,。,。,。,１
「,記号,括弧開,*,*,*,*,「,「,「,１
あっ,感動詞,*,*,*,*,*,あっ,アッ,アッ,１
」,記号,括弧閉,*,*,*,*,」,」,」,１
と,助詞,格助詞,引用,*,*,*,と,ト,ト,１
いっ,動詞,自立,*,*,五段・ワ行促音便,連用タ接続,いう,イッ,イッ,１
て,助詞,接続助詞,*,*,*,*,て,テ,テ,１
、,記号,読点,*,*,*,*,、,、,、,１
ドア,名詞,一般,*,*,*,*,ドア,ドア,ドア,１
に,助詞,格助詞,一般,*,*,*,に,ニ,ニ,１
とびつき,動詞,自立,*,*,五段・カ行イ音便,連用形,とびつく,トビツキ,トビツキ,１
まし,助動詞,*,*,*,特殊・マス,連用形,ます,マシ,マシ,１
た,助動詞,*,*,*,特殊・タ,基本形,た,タ,タ,１
が,助詞,接続助詞,*,*,*,*,が,ガ,ガ,１
、,記号,読点,*,*,*,*,、,、,、,１
もう,副詞,一般,*,*,*,*,もう,モウ,モー,１
おそかっ,形容詞,自立,*,*,形容詞・アウオ段,連用タ接続,おそい,オソカッ,オソカッ,１
た,助動詞,*,*,*,特殊・タ,基本形,た,タ,タ,１
の,名詞,非自立,一般,*,*,*,の,ノ,ノ,１
です,助動詞,*,*,*,特殊・デス,基本形,です,デス,デス,１
。,記号,句点,*,*,*,*,。,。,。,１
にわかに,副詞,一般,*,*,*,*,にわかに,ニワカニ,ニワカニ,１
へや,名詞,一般,*,*,*,*,へや,ヘヤ,ヘヤ,１
が,助詞,格助詞,一般,*,*,*,が,ガ,ガ,１
、,記号,読点,*,*,*,*,、,、,、,１
大,接頭詞,名詞接続,*,*,*,*,大,ダイ,ダイ,１
じしん,名詞,固有名詞,一般,*,*,*,じしん,ジシン,ジシン,１
の,助詞,連体化,*,*,*,*,の,ノ,ノ,１
よう,名詞,非自立,助動詞語幹,*,*,*,よう,ヨウ,ヨー,１
に,助詞,副詞化,*,*,*,*,に,ニ,ニ,１
ゆれ,動詞,自立,*,*,一段,連用形,ゆれる,ユレ,ユレ,１
始め,動詞,非自立,*,*,一段,連用形,始める,ハジメ,ハジメ,１
まし,助動詞,*,*,*,特殊・マス,連用形,ます,マシ,マシ,１
た,助動詞,*,*,*,特殊・タ,基本形,た,タ,タ,１
。,記号,句点,*,*,*,*,。,。,。,１
そして,接続詞,*,*,*,*,*,そして,ソシテ,ソシテ,１
、,記号,読点,*,*,*,*,、,、,、,１
じつに,副詞,一般,*,*,*,*,じつに,ジツニ,ジツニ,１
おそろしい,形容詞,自立,*,*,形容詞・イ段,基本形,おそろしい,オソロシイ,オソロシイ,１
こと,名詞,非自立,一般,*,*,*,こと,コト,コト,１
が,助詞,格助詞,一般,*,*,*,が,ガ,ガ,１
起っ,動詞,自立,*,*,五段・ラ行,連用タ接続,起る,オコッ,オコッ,１
た,助動詞,*,*,*,特殊・タ,基本形,た,タ,タ,１
の,名詞,非自立,一般,*,*,*,の,ノ,ノ,１
です,助動詞,*,*,*,特殊・デス,基本形,です,デス,デス,１
。,記号,句点,*,*,*,*,。,。,。,１
あっというま,名詞,一般,*,*,*,*,あっという間,アットイウマ,アットイウマ,１
に,助詞,格助詞,一般,*,*,*,に,ニ,ニ,１
、,記号,読点,*,*,*,*,、,、,、,１
この世,名詞,一般,*,*,*,*,この世,コノヨ,コノヨ,１
がさ,名詞,一般,*,*,*,*,がさ,ガサ,ガサ,１
か,助詞,副助詞／並立助詞／終助詞,*,*,*,*,か,カ,カ,１
さま,名詞,接尾,人名,*,*,*,さま,サマ,サマ,１
に,助詞,格助詞,一般,*,*,*,に,ニ,ニ,１
なっ,動詞,自立,*,*,五段・ラ行,連用タ接続,なる,ナッ,ナッ,１
て,助詞,接続助詞,*,*,*,*,て,テ,テ,１
、,記号,読点,*,*,*,*,、,、,、,１
ゆか,名詞,固有名詞,人名,名,*,*,ゆか,ユカ,ユカ,１
が,助詞,格助詞,一般,*,*,*,が,ガ,ガ,１
すうっと,副詞,一般,*,*,*,*,すうっと,スウット,スウット,１
てんじょう,名詞,サ変接続,*,*,*,*,てんじょう,テンジョウ,テンジョー,１
に,助詞,格助詞,一般,*,*,*,に,ニ,ニ,１
上がり,動詞,自立,*,*,五段・ラ行,連用形,上がる,アガリ,アガリ,１
、,記号,読点,*,*,*,*,、,、,、,１
てんじょう,名詞,サ変接続,*,*,*,*,てんじょう,テンジョウ,テンジョー,１
が,助詞,格助詞,一般,*,*,*,が,ガ,ガ,１
下,名詞,一般,*,*,*,*,下,シタ,シタ,１
に,助詞,格助詞,一般,*,*,*,に,ニ,ニ,１
なっ,動詞,自立,*,*,五段・ラ行,連用タ接続,なる,ナッ,ナッ,１
て,助詞,接続助詞,*,*,*,*,て,テ,テ,１
しまっ,動詞,非自立,*,*,五段・ワ行促音便,連用タ接続,しまう,シマッ,シマッ,１
た,助動詞,*,*,*,特殊・タ,基本形,た,タ,タ,１
の,名詞,非自立,一般,*,*,*,の,ノ,ノ,１
です,助動詞,*,*,*,特殊・デス,基本形,です,デス,デス,１
。,記号,句点,*,*,*,*,。,。,。,１
三,名詞,数,*,*,*,*,三,サン,サン,１
人,名詞,接尾,助数詞,*,*,*,人,ニン,ニン,１
は,助詞,係助詞,*,*,*,*,は,ハ,ワ,１
はらばい,動詞,自立,*,*,五段・ワ行促音便,連用形,はらばう,ハラバイ,ハラバイ,１
に,助詞,格助詞,一般,*,*,*,に,ニ,ニ,１
なっ,動詞,自立,*,*,五段・ラ行,連用タ接続,なる,ナッ,ナッ,１
て,助詞,接続助詞,*,*,*,*,て,テ,テ,１
、,記号,読点,*,*,*,*,、,、,、,１
死にものぐるい,名詞,一般,*,*,*,*,死にものぐるい,シニモノグルイ,シニモノグルイ,１
に,助詞,格助詞,一般,*,*,*,に,ニ,ニ,１
、,記号,読点,*,*,*,*,、,、,、,１
ゆかい,名詞,形容動詞語幹,*,*,*,*,愉快,ユカイ,ユカイ,１
た,助動詞,*,*,*,特殊・タ,基本形,た,タ,タ,１
に,助詞,格助詞,一般,*,*,*,に,ニ,ニ,１
しがみつき,動詞,自立,*,*,五段・カ行イ音便,連用形,しがみつく,シガミツキ,シガミツキ,１
まし,助動詞,*,*,*,特殊・マス,連用形,ます,マシ,マシ,１
た,助動詞,*,*,*,特殊・タ,基本形,た,タ,タ,１
。,記号,句点,*,*,*,*,。,。,。,１
ああ,感動詞,*,*,*,*,*,ああ,アア,アー,１
、,記号,読点,*,*,*,*,、,、,、,１
おそろし,形容詞,自立,*,*,形容詞・イ段,ガル接続,おそろしい,オソロシ,オソロシ,１
いゆ,名詞,サ変接続,*,*,*,*,慰諭,イユ,イユ,１
め,名詞,接尾,一般,*,*,*,め,メ,メ,１
で,助詞,格助詞,一般,*,*,*,で,デ,デ,１
も,助詞,係助詞,*,*,*,*,も,モ,モ,１
見,動詞,自立,*,*,一段,連用形,見る,ミ,ミ,１
て,助詞,接続助詞,*,*,*,*,て,テ,テ,１
いる,動詞,非自立,*,*,一段,基本形,いる,イル,イル,１
の,名詞,非自立,一般,*,*,*,の,ノ,ノ,１
で,助動詞,*,*,*,特殊・ダ,連用形,だ,デ,デ,１
は,助詞,係助詞,*,*,*,*,は,ハ,ワ,１
ない,助動詞,*,*,*,特殊・ナイ,基本形,ない,ナイ,ナイ,１
でしょ,助動詞,*,*,*,特殊・デス,未然形,です,デショ,デショ,１
う,助動詞,*,*,*,不変化型,基本形,う,ウ,ウ,１
か,助詞,副助詞／並立助詞／終助詞,*,*,*,*,か,カ,カ,１
。,記号,句点,*,*,*,*,。,。,。,１
しょう,名詞,一般,*,*,*,*,しょう,ショウ,ショー,２
ねん,助詞,終助詞,*,*,*,*,ねん,ネン,ネン,２
たん,名詞,一般,*,*,*,*,たん,タン,タン,２
ていだん,名詞,一般,*,*,*,*,ていだん,テイダン,テイダン,２
の,助詞,連体化,*,*,*,*,の,ノ,ノ,２
井上,名詞,固有名詞,人名,姓,*,*,井上,イノウエ,イノウエ,２
くん,名詞,接尾,人名,*,*,*,くん,クン,クン,２
と,助詞,並立助詞,*,*,*,*,と,ト,ト,２
、,記号,読点,*,*,*,*,、,、,、,２
ノロ,名詞,一般,*,*,*,*,ノロ,ノロ,ノロ,２
ちゃんと,副詞,一般,*,*,*,*,ちゃんと,チャント,チャント,２
、,記号,読点,*,*,*,*,、,、,、,２
井上,名詞,固有名詞,人名,姓,*,*,井上,イノウエ,イノウエ,２
くん,名詞,接尾,人名,*,*,*,くん,クン,クン,２
の,助詞,連体化,*,*,*,*,の,ノ,ノ,２
妹,名詞,一般,*,*,*,*,妹,イモウト,イモート,２
で,助詞,格助詞,一般,*,*,*,で,デ,デ,２
、,記号,読点,*,*,*,*,、,、,、,２
小学校,名詞,一般,*,*,*,*,小学校,ショウガッコウ,ショーガッコー,２
三,名詞,数,*,*,*,*,三,サン,サン,２
年,名詞,接尾,助数詞,*,*,*,年,ネン,ネン,２
の,助詞,連体化,*,*,*,*,の,ノ,ノ,２
ルミ,名詞,固有名詞,人名,名,*,*,ルミ,ルミ,ルミ,２
ちゃん,名詞,接尾,人名,*,*,*,ちゃん,チャン,チャン,２
の,助詞,連体化,*,*,*,*,の,ノ,ノ,２
三,名詞,数,*,*,*,*,三,サン,サン,２
人,名詞,接尾,助数詞,*,*,*,人,ニン,ニン,２
が,助詞,格助詞,一般,*,*,*,が,ガ,ガ,２
入れ,動詞,自立,*,*,一段,未然形,入れる,イレ,イレ,２
られ,動詞,接尾,*,*,一段,連用形,られる,ラレ,ラレ,２
た,助動詞,*,*,*,特殊・タ,基本形,た,タ,タ,２
へや,名詞,一般,*,*,*,*,へや,ヘヤ,ヘヤ,２
が,助詞,格助詞,一般,*,*,*,が,ガ,ガ,２
、,記号,読点,*,*,*,*,、,、,、,２
まっ,接頭詞,名詞接続,*,*,*,*,まっ,マッ,マッ,２
さ,名詞,接尾,特殊,*,*,*,さ,サ,サ,２
か,助詞,副助詞／並立助詞／終助詞,*,*,*,*,か,カ,カ,２
さま,名詞,接尾,人名,*,*,*,さま,サマ,サマ,２
に,助詞,格助詞,一般,*,*,*,に,ニ,ニ,２
なっ,動詞,自立,*,*,五段・ラ行,連用タ接続,なる,ナッ,ナッ,２
た,助動詞,*,*,*,特殊・タ,基本形,た,タ,タ,２
の,名詞,非自立,一般,*,*,*,の,ノ,ノ,２
です,助動詞,*,*,*,特殊・デス,基本形,です,デス,デス,２
。,記号,句点,*,*,*,*,。,。,。,２
いま,名詞,副詞可能,*,*,*,*,いま,イマ,イマ,２
まで,助詞,副助詞,*,*,*,*,まで,マデ,マデ,２
たっ,動詞,自立,*,*,五段・タ行,連用タ接続,たつ,タッ,タッ,２
て,助詞,接続助詞,*,*,*,*,て,テ,テ,２
い,動詞,非自立,*,*,一段,連用形,いる,イ,イ,２
た,助動詞,*,*,*,特殊・タ,基本形,た,タ,タ,２
ところ,名詞,非自立,副詞可能,*,*,*,ところ,トコロ,トコロ,２
が,助詞,格助詞,一般,*,*,*,が,ガ,ガ,２
てんじょう,名詞,サ変接続,*,*,*,*,てんじょう,テンジョウ,テンジョー,２
に,助詞,格助詞,一般,*,*,*,に,ニ,ニ,２
なっ,動詞,自立,*,*,五段・ラ行,連用タ接続,なる,ナッ,ナッ,２
て,助詞,接続助詞,*,*,*,*,て,テ,テ,２
しまっ,動詞,非自立,*,*,五段・ワ行促音便,連用タ接続,しまう,シマッ,シマッ,２
た,助動詞,*,*,*,特殊・タ,基本形,た,タ,タ,２
ので,助詞,接続助詞,*,*,*,*,ので,ノデ,ノデ,２
、,記号,読点,*,*,*,*,、,、,、,２
三,名詞,数,*,*,*,*,三,サン,サン,２
人,名詞,接尾,助数詞,*,*,*,人,ニン,ニン,２
は,助詞,係助詞,*,*,*,*,は,ハ,ワ,２
、,記号,読点,*,*,*,*,、,、,、,２
「,記号,括弧開,*,*,*,*,「,「,「,２
わっ,副詞,助詞類接続,*,*,*,*,わっ,ワッ,ワッ,２
」,記号,括弧閉,*,*,*,*,」,」,」,２
と,助詞,格助詞,引用,*,*,*,と,ト,ト,２
いっ,動詞,自立,*,*,五段・ワ行促音便,連用タ接続,いう,イッ,イッ,２
て,助詞,接続助詞,*,*,*,*,て,テ,テ,２
、,記号,読点,*,*,*,*,、,、,、,２
つくえ,名詞,固有名詞,一般,*,*,*,つくえ,ツクエ,ツクエ,２
の,助詞,連体化,*,*,*,*,の,ノ,ノ,２
足,名詞,一般,*,*,*,*,足,アシ,アシ,２
に,助詞,格助詞,一般,*,*,*,に,ニ,ニ,２
しがみつき,動詞,自立,*,*,五段・カ行イ音便,連用形,しがみつく,シガミツキ,シガミツキ,２
まし,助動詞,*,*,*,特殊・マス,連用形,ます,マシ,マシ,２
た,助動詞,*,*,*,特殊・タ,基本形,た,タ,タ,２
。,記号,句点,*,*,*,*,。,。,。,２
ところが,接続詞,*,*,*,*,*,ところが,トコロガ,トコロガ,２
、,記号,読点,*,*,*,*,、,、,、,２
ふしぎ,名詞,形容動詞語幹,*,*,*,*,ふしぎ,フシギ,フシギ,２
な,助動詞,*,*,*,特殊・ダ,体言接続,だ,ナ,ナ,２
こと,名詞,非自立,一般,*,*,*,こと,コト,コト,２
に,助詞,格助詞,一般,*,*,*,に,ニ,ニ,２
、,記号,読点,*,*,*,*,、,、,、,２
さ,副詞,助詞類接続,*,*,*,*,さ,サ,サ,２
か,助詞,副助詞／並立助詞／終助詞,*,*,*,*,か,カ,カ,２
さま,名詞,接尾,人名,*,*,*,さま,サマ,サマ,２
に,助詞,格助詞,一般,*,*,*,に,ニ,ニ,２
なっ,動詞,自立,*,*,五段・ラ行,連用タ接続,なる,ナッ,ナッ,２
て,助詞,接続助詞,*,*,*,*,て,テ,テ,２
も,助詞,係助詞,*,*,*,*,も,モ,モ,２
、,記号,読点,*,*,*,*,、,、,、,２
つくえ,名詞,固有名詞,一般,*,*,*,つくえ,ツクエ,ツクエ,２
も,助詞,係助詞,*,*,*,*,も,モ,モ,２
いす,名詞,一般,*,*,*,*,いす,イス,イス,２
も,助詞,係助詞,*,*,*,*,も,モ,モ,２
、,記号,読点,*,*,*,*,、,、,、,２
子どもたち,名詞,固有名詞,一般,*,*,*,子供達,コドモタチ,コドモタチ,２
も,助詞,係助詞,*,*,*,*,も,モ,モ,２
、,記号,読点,*,*,*,*,、,、,、,２
てんじょう,名詞,サ変接続,*,*,*,*,てんじょう,テンジョウ,テンジョー,２
に,助詞,格助詞,一般,*,*,*,に,ニ,ニ,２
くっつい,動詞,自立,*,*,五段・カ行イ音便,連用タ接続,くっつく,クッツイ,クッツイ,２
た,助動詞,*,*,*,特殊・タ,基本形,た,タ,タ,２
まま,名詞,非自立,副詞可能,*,*,*,まま,ママ,ママ,２
、,記号,読点,*,*,*,*,、,、,、,２
すこしも,副詞,一般,*,*,*,*,すこしも,スコシモ,スコシモ,２
おち,動詞,自立,*,*,一段,未然形,おちる,オチ,オチ,２
ない,助動詞,*,*,*,特殊・ナイ,基本形,ない,ナイ,ナイ,２
の,名詞,非自立,一般,*,*,*,の,ノ,ノ,２
です,助動詞,*,*,*,特殊・デス,基本形,です,デス,デス,２
。,記号,句点,*,*,*,*,。,。,。,２
へん,名詞,一般,*,*,*,*,へん,ヘン,ヘン,２
だ,助動詞,*,*,*,特殊・ダ,基本形,だ,ダ,ダ,２
な,助詞,終助詞,*,*,*,*,な,ナ,ナ,２
と,助詞,格助詞,引用,*,*,*,と,ト,ト,２
思っ,動詞,自立,*,*,五段・ワ行促音便,連用タ接続,思う,オモッ,オモッ,２
て,助詞,接続助詞,*,*,*,*,て,テ,テ,２
いる,動詞,非自立,*,*,一段,基本形,いる,イル,イル,２
と,助詞,接続助詞,*,*,*,*,と,ト,ト,２
、,記号,読点,*,*,*,*,、,、,、,２
へや,名詞,一般,*,*,*,*,へや,ヘヤ,ヘヤ,２
は,助詞,係助詞,*,*,*,*,は,ハ,ワ,２
また,接続詞,*,*,*,*,*,また,マタ,マタ,２
、,記号,読点,*,*,*,*,、,、,、,２
ぐるぐる,副詞,一般,*,*,*,*,ぐるぐる,グルグル,グルグル,２
まわり,動詞,自立,*,*,五段・ラ行,連用形,まわる,マワリ,マワリ,２
始め,動詞,非自立,*,*,一段,連用形,始める,ハジメ,ハジメ,２
まし,助動詞,*,*,*,特殊・マス,連用形,ます,マシ,マシ,２
た,助動詞,*,*,*,特殊・タ,基本形,た,タ,タ,２
。,記号,句点,*,*,*,*,。,。,。,２
もう,副詞,一般,*,*,*,*,もう,モウ,モー,２
目,名詞,一般,*,*,*,*,目,メ,メ,２
が,助詞,格助詞,一般,*,*,*,が,ガ,ガ,２
くらん,動詞,自立,*,*,五段・マ行,連用タ接続,くらむ,クラン,クラン,２
で,助詞,接続助詞,*,*,*,*,で,デ,デ,２
、,記号,読点,*,*,*,*,、,、,、,２
いまにも,副詞,一般,*,*,*,*,いまにも,イマニモ,イマニモ,２
死に,動詞,自立,*,*,五段・ナ行,連用形,死ぬ,シニ,シニ,２
そう,名詞,接尾,助動詞語幹,*,*,*,そう,ソウ,ソー,２
です,助動詞,*,*,*,特殊・デス,基本形,です,デス,デス,２
。,記号,句点,*,*,*,*,。,。,。,２
その,連体詞,*,*,*,*,*,その,ソノ,ソノ,２
うち,名詞,非自立,副詞可能,*,*,*,うち,ウチ,ウチ,２
に,助詞,格助詞,一般,*,*,*,に,ニ,ニ,２
、,記号,読点,*,*,*,*,、,、,、,２
へや,名詞,一般,*,*,*,*,へや,ヘヤ,ヘヤ,２
の,助詞,格助詞,一般,*,*,*,の,ノ,ノ,２
ゆれる,動詞,自立,*,*,一段,基本形,ゆれる,ユレル,ユレル,２
の,名詞,非自立,一般,*,*,*,の,ノ,ノ,２
が,助詞,格助詞,一般,*,*,*,が,ガ,ガ,２
だんだん,副詞,助詞類接続,*,*,*,*,だんだん,ダンダン,ダンダン,２
しずまっ,動詞,自立,*,*,五段・ラ行,連用タ接続,しずまる,シズマッ,シズマッ,２
て,助詞,接続助詞,*,*,*,*,て,テ,テ,２
、,記号,読点,*,*,*,*,、,、,、,２
やがて,副詞,一般,*,*,*,*,やがて,ヤガテ,ヤガテ,２
、,記号,読点,*,*,*,*,、,、,、,２
ぴたり,副詞,助詞類接続,*,*,*,*,ぴたり,ピタリ,ピタリ,２
と,助詞,副詞化,*,*,*,*,と,ト,ト,２
とまり,動詞,自立,*,*,五段・ラ行,連用形,とまる,トマリ,トマリ,２
まし,助動詞,*,*,*,特殊・マス,連用形,ます,マシ,マシ,２
た,助動詞,*,*,*,特殊・タ,基本形,た,タ,タ,２
。,記号,句点,*,*,*,*,。,。,。,２
三,名詞,数,*,*,*,*,三,サン,サン,２
人,名詞,接尾,助数詞,*,*,*,人,ニン,ニン,２
は,助詞,係助詞,*,*,*,*,は,ハ,ワ,２
、,記号,読点,*,*,*,*,、,、,、,２
きゅう,名詞,一般,*,*,*,*,きゅう,キュウ,キュー,２
に,助詞,格助詞,一般,*,*,*,に,ニ,ニ,２
起き上がる,動詞,自立,*,*,五段・ラ行,基本形,起き上がる,オキアガル,オキアガル,２
力,名詞,一般,*,*,*,*,力,チカラ,チカラ,２
も,助詞,係助詞,*,*,*,*,も,モ,モ,２
あり,動詞,自立,*,*,五段・ラ行,連用形,ある,アリ,アリ,２
ませ,助動詞,*,*,*,特殊・マス,未然形,ます,マセ,マセ,２
ん,助動詞,*,*,*,不変化型,基本形,ん,ン,ン,２
。,記号,句点,*,*,*,*,。,。,。,２
その,連体詞,*,*,*,*,*,その,ソノ,ソノ,２
とき,名詞,非自立,副詞可能,*,*,*,とき,トキ,トキ,２
、,記号,読点,*,*,*,*,、,、,、,２
へや,名詞,一般,*,*,*,*,へや,ヘヤ,ヘヤ,２
の,助詞,連体化,*,*,*,*,の,ノ,ノ,２
一方,名詞,非自立,副詞可能,*,*,*,一方,イッポウ,イッポー,２
の,助詞,連体化,*,*,*,*,の,ノ,ノ,２
ドア,名詞,一般,*,*,*,*,ドア,ドア,ドア,２
が,助詞,格助詞,一般,*,*,*,が,ガ,ガ,２
すうっと,副詞,一般,*,*,*,*,すうっと,スウット,スウット,２
あいて,名詞,一般,*,*,*,*,相手,アイテ,アイテ,２
、,記号,読点,*,*,*,*,、,、,、,２
人,名詞,一般,*,*,*,*,人,ヒト,ヒト,２
の,助詞,連体化,*,*,*,*,の,ノ,ノ,２
声,名詞,一般,*,*,*,*,声,コエ,コエ,２
が,助詞,格助詞,一般,*,*,*,が,ガ,ガ,２
きこえ,動詞,自立,*,*,一段,連用形,きこえる,キコエ,キコエ,２
て,助詞,接続助詞,*,*,*,*,て,テ,テ,２
き,動詞,非自立,*,*,カ変・クル,連用形,くる,キ,キ,２
まし,助動詞,*,*,*,特殊・マス,連用形,ます,マシ,マシ,２
た,助動詞,*,*,*,特殊・タ,基本形,た,タ,タ,２
。,記号,句点,*,*,*,*,。,。,。,２
「,記号,括弧開,*,*,*,*,「,「,「,２
う,感動詞,*,*,*,*,*,う,ウ,ウ,２
ふふふ,感動詞,*,*,*,*,*,ふふふ,フフフ,フフフ,２
…,記号,一般,*,*,*,*,…,…,…,２
…。,名詞,固有名詞,人名,一般,*,*,…。,サイレンス,サイレンス,２
おどろい,動詞,自立,*,*,五段・カ行イ音便,連用タ接続,おどろく,オドロイ,オドロイ,２
た,助動詞,*,*,*,特殊・タ,基本形,た,タ,タ,２
か,助詞,副助詞／並立助詞／終助詞,*,*,*,*,か,カ,カ,２
ね,助詞,終助詞,*,*,*,*,ね,ネ,ネ,２
。,記号,句点,*,*,*,*,。,。,。,２
早く,形容詞,自立,*,*,形容詞・アウオ段,連用テ接続,早い,ハヤク,ハヤク,２
、,記号,読点,*,*,*,*,、,、,、,２
こっち,名詞,代名詞,一般,*,*,*,こっち,コッチ,コッチ,２
へ,助詞,格助詞,一般,*,*,*,へ,ヘ,エ,２
来,動詞,自立,*,*,カ変・来ル,連用形,来る,キ,キ,２
なさい,動詞,非自立,*,*,五段・ラ行特殊,命令ｉ,なさる,ナサイ,ナサイ,２
。,記号,句点,*,*,*,*,。,。,。,２
で,助動詞,*,*,*,特殊・ダ,連用形,だ,デ,デ,２
ない,助動詞,*,*,*,特殊・ナイ,基本形,ない,ナイ,ナイ,２
と,助詞,接続助詞,*,*,*,*,と,ト,ト,２
、,記号,読点,*,*,*,*,、,、,、,２
また,接続詞,*,*,*,*,*,また,マタ,マタ,２
へや,名詞,一般,*,*,*,*,へや,ヘヤ,ヘヤ,２
が,助詞,格助詞,一般,*,*,*,が,ガ,ガ,２
まわり,動詞,自立,*,*,五段・ラ行,連用形,まわる,マワリ,マワリ,２
だす,動詞,非自立,*,*,五段・サ行,基本形,だす,ダス,ダス,２
よ,助詞,終助詞,*,*,*,*,よ,ヨ,ヨ,２
」,記号,括弧閉,*,*,*,*,」,」,」,２
三,名詞,数,*,*,*,*,三,サン,サン,２
人,名詞,接尾,助数詞,*,*,*,人,ニン,ニン,２
は,助詞,係助詞,*,*,*,*,は,ハ,ワ,２
それ,名詞,代名詞,一般,*,*,*,それ,ソレ,ソレ,２
を,助詞,格助詞,一般,*,*,*,を,ヲ,ヲ,２
聞く,動詞,自立,*,*,五段・カ行イ音便,基本形,聞く,キク,キク,２
と,助詞,接続助詞,*,*,*,*,と,ト,ト,２
、,記号,読点,*,*,*,*,、,、,、,２
びっくり,名詞,サ変接続,*,*,*,*,びっくり,ビックリ,ビックリ,２
し,動詞,自立,*,*,サ変・スル,連用形,する,シ,シ,２
て,助詞,接続助詞,*,*,*,*,て,テ,テ,２
起き上がり,動詞,自立,*,*,五段・ラ行,連用形,起き上がる,オキアガリ,オキアガリ,２
まし,助動詞,*,*,*,特殊・マス,連用形,ます,マシ,マシ,２
た,助動詞,*,*,*,特殊・タ,基本形,た,タ,タ,２
が,助詞,接続助詞,*,*,*,*,が,ガ,ガ,２
、,記号,読点,*,*,*,*,、,、,、,２
足,名詞,一般,*,*,*,*,足,アシ,アシ,２
が,助詞,格助詞,一般,*,*,*,が,ガ,ガ,２
ふらふら,副詞,一般,*,*,*,*,ふらふら,フラフラ,フラフラ,２
し,動詞,自立,*,*,サ変・スル,連用形,する,シ,シ,２
て,助詞,接続助詞,*,*,*,*,て,テ,テ,２
歩け,動詞,自立,*,*,一段,連用形,歩ける,アルケ,アルケ,２
ませ,助動詞,*,*,*,特殊・マス,未然形,ます,マセ,マセ,２
ん,助動詞,*,*,*,不変化型,基本形,ん,ン,ン,２
。,記号,句点,*,*,*,*,。,。,。,２
なん,名詞,代名詞,一般,*,*,*,なん,ナン,ナン,２
度,名詞,接尾,助数詞,*,*,*,度,ド,ド,２
も,助詞,係助詞,*,*,*,*,も,モ,モ,２
ころび,動詞,自立,*,*,五段・バ行,連用形,ころぶ,コロビ,コロビ,２
ながら,助詞,接続助詞,*,*,*,*,ながら,ナガラ,ナガラ,２
、,記号,読点,*,*,*,*,、,、,、,２
ようやく,副詞,一般,*,*,*,*,ようやく,ヨウヤク,ヨーヤク,２
ドア,名詞,一般,*,*,*,*,ドア,ドア,ドア,２
の,助詞,連体化,*,*,*,*,の,ノ,ノ,２
外,名詞,一般,*,*,*,*,外,ソト,ソト,２
へ,助詞,格助詞,一般,*,*,*,へ,ヘ,エ,２
出,動詞,自立,*,*,一段,連用形,出る,デ,デ,２
まし,助動詞,*,*,*,特殊・マス,連用形,ます,マシ,マシ,２
た,助動詞,*,*,*,特殊・タ,基本形,た,タ,タ,２
。,記号,句点,*,*,*,*,。,。,。,２
そこ,名詞,代名詞,一般,*,*,*,そこ,ソコ,ソコ,２
は,助詞,係助詞,*,*,*,*,は,ハ,ワ,２
まっ暗,名詞,一般,*,*,*,*,まっ暗,マックラ,マックラ,２
でし,助動詞,*,*,*,特殊・デス,連用形,です,デシ,デシ,２
た,助動詞,*,*,*,特殊・タ,基本形,た,タ,タ,２
。,記号,句点,*,*,*,*,。,。,。,２
その,連体詞,*,*,*,*,*,その,ソノ,ソノ,２
やみ,名詞,一般,*,*,*,*,やみ,ヤミ,ヤミ,２
の,助詞,連体化,*,*,*,*,の,ノ,ノ,２
中,名詞,非自立,副詞可能,*,*,*,中,ナカ,ナカ,２
に,助詞,格助詞,一般,*,*,*,に,ニ,ニ,２
、,記号,読点,*,*,*,*,、,、,、,２
ぽっと,名詞,一般,*,*,*,*,ポット,ポット,ポット,２
、,記号,読点,*,*,*,*,、,、,、,２
二つ,名詞,一般,*,*,*,*,二つ,フタツ,フタツ,２
の,助詞,格助詞,一般,*,*,*,の,ノ,ノ,２
青い,形容詞,自立,*,*,形容詞・アウオ段,基本形,青い,アオイ,アオイ,２
玉,名詞,一般,*,*,*,*,玉,タマ,タマ,２
の,助詞,連体化,*,*,*,*,の,ノ,ノ,２
よう,名詞,非自立,助動詞語幹,*,*,*,よう,ヨウ,ヨー,２
な,助動詞,*,*,*,特殊・ダ,体言接続,だ,ナ,ナ,２
もの,名詞,非自立,一般,*,*,*,もの,モノ,モノ,２
が,助詞,格助詞,一般,*,*,*,が,ガ,ガ,２
光っ,動詞,自立,*,*,五段・ラ行,連用タ接続,光る,ヒカッ,ヒカッ,２
て,助詞,接続助詞,*,*,*,*,て,テ,テ,２
い,動詞,非自立,*,*,一段,連用形,いる,イ,イ,２
ます,助動詞,*,*,*,特殊・マス,基本形,ます,マス,マス,２
。,記号,句点,*,*,*,*,。,。,。,２
三,名詞,数,*,*,*,*,三,サン,サン,２
センチ,名詞,接尾,助数詞,*,*,*,センチ,センチ,センチ,２
ほど,助詞,副助詞,*,*,*,*,ほど,ホド,ホド,２
の,助詞,連体化,*,*,*,*,の,ノ,ノ,２
まるい,形容詞,自立,*,*,形容詞・アウオ段,基本形,まるい,マルイ,マルイ,２
もの,名詞,非自立,一般,*,*,*,もの,モノ,モノ,２
が,助詞,格助詞,一般,*,*,*,が,ガ,ガ,２
二つ,名詞,一般,*,*,*,*,二つ,フタツ,フタツ,２
なら,助動詞,*,*,*,特殊・ダ,仮定形,だ,ナラ,ナラ,２
んで,助詞,接続助詞,*,*,*,*,んで,ンデ,ンデ,２
、,記号,読点,*,*,*,*,、,、,、,２
ぎらぎら,副詞,一般,*,*,*,*,ぎらぎら,ギラギラ,ギラギラ,２
かがやい,動詞,自立,*,*,五段・カ行イ音便,連用タ接続,かがやく,カガヤイ,カガヤイ,２
て,助詞,接続助詞,*,*,*,*,て,テ,テ,２
いる,動詞,非自立,*,*,一段,基本形,いる,イル,イル,２
の,名詞,非自立,一般,*,*,*,の,ノ,ノ,２
です,助動詞,*,*,*,特殊・デス,基本形,です,デス,デス,２
。,記号,句点,*,*,*,*,。,。,。,２
「,記号,括弧開,*,*,*,*,「,「,「,２
ふふふ,感動詞,*,*,*,*,*,ふふふ,フフフ,フフフ,２
…,記号,一般,*,*,*,*,…,…,…,２
…。,名詞,固有名詞,人名,一般,*,*,…。,サイレンス,サイレンス,２
見える,動詞,自立,*,*,一段,基本形,見える,ミエル,ミエル,２
か,助詞,副助詞／並立助詞／終助詞,*,*,*,*,か,カ,カ,２
ね,助詞,終助詞,*,*,*,*,ね,ネ,ネ,２
。,記号,句点,*,*,*,*,。,。,。,２
これ,名詞,代名詞,一般,*,*,*,これ,コレ,コレ,２
は,助詞,係助詞,*,*,*,*,は,ハ,ワ,２
、,記号,読点,*,*,*,*,、,、,、,２
わし,名詞,一般,*,*,*,*,わし,ワシ,ワシ,２
の,助詞,連体化,*,*,*,*,の,ノ,ノ,２
目玉,名詞,一般,*,*,*,*,目玉,メダマ,メダマ,２
だ,助動詞,*,*,*,特殊・ダ,基本形,だ,ダ,ダ,２
よ,助詞,終助詞,*,*,*,*,よ,ヨ,ヨ,２
」,記号,括弧閉,*,*,*,*,」,」,」,２
そんな,連体詞,*,*,*,*,*,そんな,ソンナ,ソンナ,２
声,名詞,一般,*,*,*,*,声,コエ,コエ,２
が,助詞,格助詞,一般,*,*,*,が,ガ,ガ,２
きこえ,動詞,自立,*,*,一段,連用形,きこえる,キコエ,キコエ,２
た,助動詞,*,*,*,特殊・タ,基本形,た,タ,タ,２
か,助詞,副助詞／並立助詞／終助詞,*,*,*,*,か,カ,カ,２
と,助詞,格助詞,引用,*,*,*,と,ト,ト,２
思う,動詞,自立,*,*,五段・ワ行促音便,基本形,思う,オモウ,オモウ,２
と,助詞,接続助詞,*,*,*,*,と,ト,ト,２
、,記号,読点,*,*,*,*,、,、,、,２
あたり,名詞,一般,*,*,*,*,あたり,アタリ,アタリ,２
が,助詞,格助詞,一般,*,*,*,が,ガ,ガ,２
すうっと,副詞,一般,*,*,*,*,すうっと,スウット,スウット,２
明るく,形容詞,自立,*,*,形容詞・アウオ段,連用テ接続,明るい,アカルク,アカルク,２
なっ,動詞,自立,*,*,五段・ラ行,連用タ接続,なる,ナッ,ナッ,２
て,助詞,接続助詞,*,*,*,*,て,テ,テ,２
き,動詞,非自立,*,*,カ変・クル,連用形,くる,キ,キ,２
まし,助動詞,*,*,*,特殊・マス,連用形,ます,マシ,マシ,２
た,助動詞,*,*,*,特殊・タ,基本形,た,タ,タ,２
。,記号,句点,*,*,*,*,。,。,。,２
その,連体詞,*,*,*,*,*,その,ソノ,ソノ,２
うす,形容詞,自立,*,*,形容詞・アウオ段,ガル接続,うすい,ウス,ウス,２
明り,名詞,一般,*,*,*,*,明り,アカリ,アカリ,２
で,助詞,格助詞,一般,*,*,*,で,デ,デ,２
見え,動詞,自立,*,*,一段,連用形,見える,ミエ,ミエ,２
た,助動詞,*,*,*,特殊・タ,基本形,た,タ,タ,２
もの,名詞,非自立,一般,*,*,*,もの,モノ,モノ,２
は,助詞,係助詞,*,*,*,*,は,ハ,ワ,２
…,記号,一般,*,*,*,*,…,…,…,２
…。,名詞,固有名詞,人名,一般,*,*,…。,サイレンス,サイレンス,２
ああ,感動詞,*,*,*,*,*,ああ,アア,アー,２
、,記号,読点,*,*,*,*,、,、,、,２
そこ,名詞,代名詞,一般,*,*,*,そこ,ソコ,ソコ,２
に,助詞,格助詞,一般,*,*,*,に,ニ,ニ,２
い,動詞,自立,*,*,一段,連用形,いる,イ,イ,２
た,助動詞,*,*,*,特殊・タ,基本形,た,タ,タ,２
の,名詞,非自立,一般,*,*,*,の,ノ,ノ,２
は,助詞,係助詞,*,*,*,*,は,ハ,ワ,２
、,記号,読点,*,*,*,*,、,、,、,２
一,名詞,数,*,*,*,*,一,イチ,イチ,２
ぴき,名詞,接尾,助数詞,*,*,*,ぴき,ピキ,ピキ,２
の,助詞,連体化,*,*,*,*,の,ノ,ノ,２
おそろしい,形容詞,自立,*,*,形容詞・イ段,基本形,おそろしい,オソロシイ,オソロシイ,２
ライオン,名詞,一般,*,*,*,*,ライオン,ライオン,ライオン,２
でし,助動詞,*,*,*,特殊・デス,連用形,です,デシ,デシ,２
た,助動詞,*,*,*,特殊・タ,基本形,た,タ,タ,２
。,記号,句点,*,*,*,*,。,。,。,２
茶色,名詞,一般,*,*,*,*,茶色,チャイロ,チャイロ,２
の,助詞,連体化,*,*,*,*,の,ノ,ノ,２
毛,名詞,一般,*,*,*,*,毛,ケ,ケ,２
が,助詞,格助詞,一般,*,*,*,が,ガ,ガ,２
、,記号,読点,*,*,*,*,、,、,、,２
大きな,連体詞,*,*,*,*,*,大きな,オオキナ,オーキナ,２
かお,名詞,一般,*,*,*,*,かお,カオ,カオ,２
の,助詞,連体化,*,*,*,*,の,ノ,ノ,２
上,名詞,非自立,副詞可能,*,*,*,上,ウエ,ウエ,２
に,助詞,格助詞,一般,*,*,*,に,ニ,ニ,２
さかだっ,動詞,自立,*,*,五段・タ行,連用タ接続,さかだつ,サカダッ,サカダッ,２
て,助詞,接続助詞,*,*,*,*,て,テ,テ,２
、,記号,読点,*,*,*,*,、,、,、,２
二つ,名詞,一般,*,*,*,*,二つ,フタツ,フタツ,２
の,助詞,格助詞,一般,*,*,*,の,ノ,ノ,２
青い,形容詞,自立,*,*,形容詞・アウオ段,基本形,青い,アオイ,アオイ,２
目,名詞,一般,*,*,*,*,目,メ,メ,２
が,助詞,格助詞,一般,*,*,*,が,ガ,ガ,２
ぎらぎら,副詞,一般,*,*,*,*,ぎらぎら,ギラギラ,ギラギラ,２
と,助詞,格助詞,一般,*,*,*,と,ト,ト,２
光っ,動詞,自立,*,*,五段・ラ行,連用タ接続,光る,ヒカッ,ヒカッ,２
て,助詞,接続助詞,*,*,*,*,て,テ,テ,２
い,動詞,非自立,*,*,一段,連用形,いる,イ,イ,２
ます,助動詞,*,*,*,特殊・マス,基本形,ます,マス,マス,２
。,記号,句点,*,*,*,*,。,。,。,２
三,名詞,数,*,*,*,*,三,サン,サン,２
人,名詞,接尾,助数詞,*,*,*,人,ニン,ニン,２
は,助詞,係助詞,*,*,*,*,は,ハ,ワ,２
、,記号,読点,*,*,*,*,、,、,、,２
「,記号,括弧開,*,*,*,*,「,「,「,２
わっ,副詞,助詞類接続,*,*,*,*,わっ,ワッ,ワッ,２
」,記号,括弧閉,*,*,*,*,」,」,」,２
と,助詞,格助詞,引用,*,*,*,と,ト,ト,２
いっ,動詞,自立,*,*,五段・ワ行促音便,連用タ接続,いう,イッ,イッ,２
て,助詞,接続助詞,*,*,*,*,て,テ,テ,２
、,記号,読点,*,*,*,*,、,、,、,２
さっき,名詞,副詞可能,*,*,*,*,さっき,サッキ,サッキ,２
の,助詞,連体化,*,*,*,*,の,ノ,ノ,２
ドア,名詞,一般,*,*,*,*,ドア,ドア,ドア,２
に,助詞,格助詞,一般,*,*,*,に,ニ,ニ,２
とびつき,動詞,自立,*,*,五段・カ行イ音便,連用形,とびつく,トビツキ,トビツキ,２
まし,助動詞,*,*,*,特殊・マス,連用形,ます,マシ,マシ,２
た,助動詞,*,*,*,特殊・タ,基本形,た,タ,タ,２
が,助詞,接続助詞,*,*,*,*,が,ガ,ガ,２
、,記号,読点,*,*,*,*,、,、,、,２
いつのまにか,副詞,一般,*,*,*,*,いつのまにか,イツノマニカ,イツノマニカ,２
ぴったり,副詞,一般,*,*,*,*,ぴったり,ピッタリ,ピッタリ,２
しまっ,動詞,自立,*,*,五段・ワ行促音便,連用タ接続,しまう,シマッ,シマッ,２
て,助詞,接続助詞,*,*,*,*,て,テ,テ,２
開き,動詞,自立,*,*,五段・カ行イ音便,連用形,開く,ヒラキ,ヒラキ,２
ませ,助動詞,*,*,*,特殊・マス,未然形,ます,マセ,マセ,２
ん,助動詞,*,*,*,不変化型,基本形,ん,ン,ン,２
。,記号,句点,*,*,*,*,。,。,。,２
しかた,名詞,ナイ形容詞語幹,*,*,*,*,しかた,シカタ,シカタ,２
が,助詞,格助詞,一般,*,*,*,が,ガ,ガ,２
ない,形容詞,自立,*,*,形容詞・アウオ段,基本形,ない,ナイ,ナイ,２
ので,助詞,接続助詞,*,*,*,*,ので,ノデ,ノデ,２
、,記号,読点,*,*,*,*,、,、,、,２
へや,名詞,一般,*,*,*,*,へや,ヘヤ,ヘヤ,２
の,助詞,連体化,*,*,*,*,の,ノ,ノ,２
すみ,名詞,固有名詞,人名,名,*,*,すみ,スミ,スミ,２
に,助詞,格助詞,一般,*,*,*,に,ニ,ニ,２
、,記号,読点,*,*,*,*,、,、,、,２
うずくまっ,動詞,自立,*,*,五段・ラ行,連用タ接続,うずくまる,ウズクマッ,ウズクマッ,２
て,助詞,接続助詞,*,*,*,*,て,テ,テ,２
しまい,動詞,非自立,*,*,五段・ワ行促音便,連用形,しまう,シマイ,シマイ,２
まし,助動詞,*,*,*,特殊・マス,連用形,ます,マシ,マシ,２
た,助動詞,*,*,*,特殊・タ,基本形,た,タ,タ,２
。,記号,句点,*,*,*,*,。,。,。,２
「,記号,括弧開,*,*,*,*,「,「,「,２
ウォーッ,名詞,固有名詞,一般,*,*,*,*,*,*,２
」,記号,括弧閉,*,*,*,*,」,」,」,２
ライオン,名詞,一般,*,*,*,*,ライオン,ライオン,ライオン,２
が,助詞,格助詞,一般,*,*,*,が,ガ,ガ,２
、,記号,読点,*,*,*,*,、,、,、,２
おそろしい,形容詞,自立,*,*,形容詞・イ段,基本形,おそろしい,オソロシイ,オソロシイ,２
声,名詞,一般,*,*,*,*,声,コエ,コエ,２
で,助詞,格助詞,一般,*,*,*,で,デ,デ,２
うなり,動詞,自立,*,*,五段・ラ行,連用形,うなる,ウナリ,ウナリ,２
まし,助動詞,*,*,*,特殊・マス,連用形,ます,マシ,マシ,２
た,助動詞,*,*,*,特殊・タ,基本形,た,タ,タ,２
。,記号,句点,*,*,*,*,。,。,。,２
そして,接続詞,*,*,*,*,*,そして,ソシテ,ソシテ,２
、,記号,読点,*,*,*,*,、,、,、,２
のっしのっし,副詞,一般,*,*,*,*,のっしのっし,ノッシノッシ,ノッシノッシ,２
と,助詞,格助詞,引用,*,*,*,と,ト,ト,２
、,記号,読点,*,*,*,*,、,、,、,２
こちら,名詞,代名詞,一般,*,*,*,こちら,コチラ,コチラ,２
へ,助詞,格助詞,一般,*,*,*,へ,ヘ,エ,２
近づい,動詞,自立,*,*,五段・カ行イ音便,連用タ接続,近づく,チカヅイ,チカズイ,２
て,助詞,接続助詞,*,*,*,*,て,テ,テ,２
き,動詞,非自立,*,*,カ変・クル,連用形,くる,キ,キ,２
ます,助動詞,*,*,*,特殊・マス,基本形,ます,マス,マス,２
。,記号,句点,*,*,*,*,。,。,。,２
「,記号,括弧開,*,*,*,*,「,「,「,２
ウォーッ,名詞,固有名詞,一般,*,*,*,*,*,*,２
」,記号,括弧閉,*,*,*,*,」,」,」,２
また,接続詞,*,*,*,*,*,また,マタ,マタ,２
一声,名詞,一般,*,*,*,*,一声,イッセイ,イッセイ,２
うなっ,動詞,自立,*,*,五段・ラ行,連用タ接続,うなる,ウナッ,ウナッ,２
て,助詞,接続助詞,*,*,*,*,て,テ,テ,２
、,記号,読点,*,*,*,*,、,、,、,２
ライオン,名詞,一般,*,*,*,*,ライオン,ライオン,ライオン,２
が,助詞,格助詞,一般,*,*,*,が,ガ,ガ,２
、,記号,読点,*,*,*,*,、,、,、,２
ぐゎっとまっかな,名詞,一般,*,*,*,*,*,*,*,２
口,名詞,接尾,一般,*,*,*,口,グチ,グチ,２
を,助詞,格助詞,一般,*,*,*,を,ヲ,ヲ,２
開き,動詞,自立,*,*,五段・カ行イ音便,連用形,開く,ヒラキ,ヒラキ,２
まし,助動詞,*,*,*,特殊・マス,連用形,ます,マシ,マシ,２
た,助動詞,*,*,*,特殊・タ,基本形,た,タ,タ,２
。,記号,句点,*,*,*,*,。,。,。,２
三,名詞,数,*,*,*,*,三,サン,サン,２
人,名詞,接尾,助数詞,*,*,*,人,ニン,ニン,２
は,助詞,係助詞,*,*,*,*,は,ハ,ワ,２
、,記号,読点,*,*,*,*,、,、,、,２
あ,感動詞,*,*,*,*,*,あ,ア,ア,２
たま,名詞,一般,*,*,*,*,たま,タマ,タマ,２
から,助詞,格助詞,一般,*,*,*,から,カラ,カラ,２
くわれ,動詞,自立,*,*,一段,連用形,くわれる,クワレ,クワレ,２
て,助詞,接続助詞,*,*,*,*,て,テ,テ,２
しまう,動詞,非自立,*,*,五段・ワ行促音便,基本形,しまう,シマウ,シマウ,２
の,名詞,非自立,一般,*,*,*,の,ノ,ノ,２
で,助動詞,*,*,*,特殊・ダ,連用形,だ,デ,デ,２
は,助詞,係助詞,*,*,*,*,は,ハ,ワ,２
ない,助動詞,*,*,*,特殊・ナイ,基本形,ない,ナイ,ナイ,２
でしょ,助動詞,*,*,*,特殊・デス,未然形,です,デショ,デショ,２
う,助動詞,*,*,*,不変化型,基本形,う,ウ,ウ,２
か,助詞,副助詞／並立助詞／終助詞,*,*,*,*,か,カ,カ,２
。,記号,句点,*,*,*,*,。,。,。,２
「,記号,括弧開,*,*,*,*,「,「,「,２
わ,名詞,一般,*,*,*,*,わ,ワ,ワ,２
は,助詞,係助詞,*,*,*,*,は,ハ,ワ,２
は,助詞,係助詞,*,*,*,*,は,ハ,ワ,２
は,助詞,係助詞,*,*,*,*,は,ハ,ワ,２
は,助詞,係助詞,*,*,*,*,は,ハ,ワ,２
…,記号,一般,*,*,*,*,…,…,…,２
…,記号,一般,*,*,*,*,…,…,…,２
」,記号,括弧閉,*,*,*,*,」,」,」,２
ふしぎ,名詞,一般,*,*,*,*,ふしぎ,フシギ,フシギ,２
、,記号,読点,*,*,*,*,、,、,、,２
ふしぎ,名詞,一般,*,*,*,*,ふしぎ,フシギ,フシギ,２
。,記号,句点,*,*,*,*,。,。,。,２
その,連体詞,*,*,*,*,*,その,ソノ,ソノ,２
とき,名詞,非自立,副詞可能,*,*,*,とき,トキ,トキ,２
ライオン,名詞,一般,*,*,*,*,ライオン,ライオン,ライオン,２
が,助詞,格助詞,一般,*,*,*,が,ガ,ガ,２
、,記号,読点,*,*,*,*,、,、,、,２
にんげん,名詞,一般,*,*,*,*,人間,ニンゲン,ニンゲン,２
の,助詞,連体化,*,*,*,*,の,ノ,ノ,２
声,名詞,一般,*,*,*,*,声,コエ,コエ,２
で,助詞,格助詞,一般,*,*,*,で,デ,デ,２
わらい,動詞,自立,*,*,五段・ワ行促音便,連用形,わらう,ワライ,ワライ,２
だし,動詞,非自立,*,*,五段・サ行,連用形,だす,ダシ,ダシ,２
た,助動詞,*,*,*,特殊・タ,基本形,た,タ,タ,２
の,名詞,非自立,一般,*,*,*,の,ノ,ノ,２
です,助動詞,*,*,*,特殊・デス,基本形,です,デス,デス,２
。,記号,句点,*,*,*,*,。,。,。,２
「,記号,括弧開,*,*,*,*,「,「,「,２
おまえ,名詞,代名詞,一般,*,*,*,おまえ,オマエ,オマエ,２
たち,名詞,接尾,一般,*,*,*,たち,タチ,タチ,２
、,記号,読点,*,*,*,*,、,、,、,２
ここ,名詞,代名詞,一般,*,*,*,ここ,ココ,ココ,２
は,助詞,係助詞,*,*,*,*,は,ハ,ワ,２
まほう,名詞,一般,*,*,*,*,魔法,マホウ,マホー,２
や,助詞,並立助詞,*,*,*,*,や,ヤ,ヤ,２
しき,名詞,一般,*,*,*,*,しき,シキ,シキ,２
だ,助動詞,*,*,*,特殊・ダ,基本形,だ,ダ,ダ,２
よ,助詞,終助詞,*,*,*,*,よ,ヨ,ヨ,２
。,記号,句点,*,*,*,*,。,。,。,２
だから,接続詞,*,*,*,*,*,だから,ダカラ,ダカラ,２
、,記号,読点,*,*,*,*,、,、,、,２
どんな,連体詞,*,*,*,*,*,どんな,ドンナ,ドンナ,２
ふしぎ,名詞,形容動詞語幹,*,*,*,*,ふしぎ,フシギ,フシギ,２
な,助動詞,*,*,*,特殊・ダ,体言接続,だ,ナ,ナ,２
こと,名詞,非自立,一般,*,*,*,こと,コト,コト,２
で,助動詞,*,*,*,特殊・ダ,連用形,だ,デ,デ,２
も,助詞,係助詞,*,*,*,*,も,モ,モ,２
起る,動詞,自立,*,*,五段・ラ行,基本形,起る,オコル,オコル,２
の,名詞,非自立,一般,*,*,*,の,ノ,ノ,２
だ,助動詞,*,*,*,特殊・ダ,基本形,だ,ダ,ダ,２
。,記号,句点,*,*,*,*,。,。,。,２
さあ,感動詞,*,*,*,*,*,さあ,サア,サー,２
、,記号,読点,*,*,*,*,、,、,、,２
見る,動詞,自立,*,*,一段,基本形,見る,ミル,ミル,２
が,助詞,接続助詞,*,*,*,*,が,ガ,ガ,２
いい,形容詞,非自立,*,*,形容詞・イイ,基本形,いい,イイ,イイ,２
」,記号,括弧閉,*,*,*,*,」,」,」,２
ライオン,名詞,一般,*,*,*,*,ライオン,ライオン,ライオン,２
が,助詞,格助詞,一般,*,*,*,が,ガ,ガ,２
ぴょんと,副詞,一般,*,*,*,*,ぴょんと,ピョント,ピョント,２
とび上,名詞,一般,*,*,*,*,飛上り,トビアガリ,トビアガリ,２
がっ,動詞,接尾,*,*,五段・ラ行,連用タ接続,がる,ガッ,ガッ,２
て,助詞,接続助詞,*,*,*,*,て,テ,テ,２
くるっと,副詞,一般,*,*,*,*,くるっと,クルット,クルット,２
ひっくりかえり,動詞,自立,*,*,五段・ラ行,連用形,ひっくりかえる,ヒックリカエリ,ヒックリカエリ,２
まし,助動詞,*,*,*,特殊・マス,連用形,ます,マシ,マシ,２
た,助動詞,*,*,*,特殊・タ,基本形,た,タ,タ,２
。,記号,句点,*,*,*,*,。,。,。,２
する,動詞,自立,*,*,サ変・スル,基本形,する,スル,スル,２
と,助詞,接続助詞,*,*,*,*,と,ト,ト,２
、,記号,読点,*,*,*,*,、,、,、,２
ライオン,名詞,一般,*,*,*,*,ライオン,ライオン,ライオン,２
の,助詞,格助詞,一般,*,*,*,の,ノ,ノ,２
はら,動詞,自立,*,*,五段・ラ行,未然形,はる,ハラ,ハラ,２
が,動詞,接尾,*,*,五段・ラ行,体言接続特殊２,がる,ガ,ガ,２
まっ,接頭詞,名詞接続,*,*,*,*,まっ,マッ,マッ,２
二つ,名詞,一般,*,*,*,*,二つ,フタツ,フタツ,２
に,助詞,格助詞,一般,*,*,*,に,ニ,ニ,２
われ,動詞,自立,*,*,一段,連用形,われる,ワレ,ワレ,２
て,助詞,接続助詞,*,*,*,*,て,テ,テ,２
、,記号,読点,*,*,*,*,、,、,、,２
そこ,名詞,代名詞,一般,*,*,*,そこ,ソコ,ソコ,２
から,助詞,格助詞,一般,*,*,*,から,カラ,カラ,２
、,記号,読点,*,*,*,*,、,、,、,２
さっき,名詞,副詞可能,*,*,*,*,さっき,サッキ,サッキ,２
の,助詞,連体化,*,*,*,*,の,ノ,ノ,２
せい,名詞,一般,*,*,*,*,せい,セイ,セイ,２
よう,名詞,接尾,一般,*,*,*,よう,ヨウ,ヨー,２
あくま,名詞,一般,*,*,*,*,あくま,アクマ,アクマ,２
の,助詞,連体化,*,*,*,*,の,ノ,ノ,２
黒,名詞,一般,*,*,*,*,黒,クロ,クロ,２
いす,名詞,一般,*,*,*,*,いす,イス,イス,２
が,助詞,格助詞,一般,*,*,*,が,ガ,ガ,２
た,助動詞,*,*,*,特殊・タ,基本形,た,タ,タ,２
が,助詞,接続助詞,*,*,*,*,が,ガ,ガ,２
、,記号,読点,*,*,*,*,、,、,、,２
あらわれ,動詞,自立,*,*,一段,連用形,あらわれる,アラワレ,アラワレ,２
た,助動詞,*,*,*,特殊・タ,基本形,た,タ,タ,２
では,名詞,一般,*,*,*,*,出端,デハ,デハ,２
あり,動詞,自立,*,*,五段・ラ行,連用形,ある,アリ,アリ,２
ませ,助動詞,*,*,*,特殊・マス,未然形,ます,マセ,マセ,２
ん,助動詞,*,*,*,不変化型,基本形,ん,ン,ン,２
か,助詞,副助詞／並立助詞／終助詞,*,*,*,*,か,カ,カ,２
。,記号,句点,*,*,*,*,。,。,。,２
にんげん,名詞,一般,*,*,*,*,人間,ニンゲン,ニンゲン,２
が,助詞,格助詞,一般,*,*,*,が,ガ,ガ,２
、,記号,読点,*,*,*,*,、,、,、,２
ライオン,名詞,一般,*,*,*,*,ライオン,ライオン,ライオン,２
の,助詞,連体化,*,*,*,*,の,ノ,ノ,２
皮,名詞,一般,*,*,*,*,皮,カワ,カワ,２
を,助詞,格助詞,一般,*,*,*,を,ヲ,ヲ,２
かぶっ,動詞,自立,*,*,五段・ラ行,連用タ接続,かぶる,カブッ,カブッ,２
て,助詞,接続助詞,*,*,*,*,て,テ,テ,２
い,動詞,非自立,*,*,一段,連用形,いる,イ,イ,２
た,助動詞,*,*,*,特殊・タ,基本形,た,タ,タ,２
の,名詞,非自立,一般,*,*,*,の,ノ,ノ,２
です,助動詞,*,*,*,特殊・デス,基本形,です,デス,デス,２
。,記号,句点,*,*,*,*,。,。,。,２
「,記号,括弧開,*,*,*,*,「,「,「,２
わ,名詞,一般,*,*,*,*,わ,ワ,ワ,２
は,助詞,係助詞,*,*,*,*,は,ハ,ワ,２
は,助詞,係助詞,*,*,*,*,は,ハ,ワ,２
は,助詞,係助詞,*,*,*,*,は,ハ,ワ,２
…,記号,一般,*,*,*,*,…,…,…,２
…。,名詞,固有名詞,人名,一般,*,*,…。,サイレンス,サイレンス,２
どう,副詞,助詞類接続,*,*,*,*,どう,ドウ,ドー,２
だ,助動詞,*,*,*,特殊・ダ,基本形,だ,ダ,ダ,２
ね,助詞,終助詞,*,*,*,*,ね,ネ,ネ,２
。,記号,句点,*,*,*,*,。,。,。,２
まだまだ,副詞,助詞類接続,*,*,*,*,まだまだ,マダマダ,マダマダ,２
きみ,名詞,代名詞,一般,*,*,*,きみ,キミ,キミ,２
たち,名詞,接尾,一般,*,*,*,たち,タチ,タチ,２
の,助詞,連体化,*,*,*,*,の,ノ,ノ,２
びっくり,名詞,サ変接続,*,*,*,*,びっくり,ビックリ,ビックリ,２
する,動詞,自立,*,*,サ変・スル,基本形,する,スル,スル,２
よう,名詞,非自立,助動詞語幹,*,*,*,よう,ヨウ,ヨー,２
な,助動詞,*,*,*,特殊・ダ,体言接続,だ,ナ,ナ,２
こと,名詞,非自立,一般,*,*,*,こと,コト,コト,２
が,助詞,格助詞,一般,*,*,*,が,ガ,ガ,２
起る,動詞,自立,*,*,五段・ラ行,基本形,起る,オコル,オコル,２
の,名詞,非自立,一般,*,*,*,の,ノ,ノ,２
だ,助動詞,*,*,*,特殊・ダ,基本形,だ,ダ,ダ,２
よ,助詞,終助詞,*,*,*,*,よ,ヨ,ヨ,２
」,記号,括弧閉,*,*,*,*,」,」,」,２
それ,名詞,代名詞,一般,*,*,*,それ,ソレ,ソレ,２
から,助詞,格助詞,一般,*,*,*,から,カラ,カラ,２
、,記号,読点,*,*,*,*,、,、,、,２
せい,名詞,一般,*,*,*,*,せい,セイ,セイ,２
よう,名詞,接尾,一般,*,*,*,よう,ヨウ,ヨー,２
あくま,名詞,一般,*,*,*,*,あくま,アクマ,アクマ,２
は,助詞,係助詞,*,*,*,*,は,ハ,ワ,２
三,名詞,数,*,*,*,*,三,サン,サン,２
人,名詞,接尾,助数詞,*,*,*,人,ニン,ニン,２
を,助詞,格助詞,一般,*,*,*,を,ヲ,ヲ,２
二,名詞,数,*,*,*,*,二,ニ,ニ,２
かい,名詞,一般,*,*,*,*,かい,カイ,カイ,２
の,助詞,連体化,*,*,*,*,の,ノ,ノ,２
一室,名詞,一般,*,*,*,*,一室,イッシツ,イッシツ,２
に,助詞,格助詞,一般,*,*,*,に,ニ,ニ,２
とじこめ,動詞,自立,*,*,一段,連用形,とじこめる,トジコメ,トジコメ,２
て,助詞,接続助詞,*,*,*,*,て,テ,テ,２
しまい,動詞,非自立,*,*,五段・ワ行促音便,連用形,しまう,シマイ,シマイ,２
まし,助動詞,*,*,*,特殊・マス,連用形,ます,マシ,マシ,２
た,助動詞,*,*,*,特殊・タ,基本形,た,タ,タ,２
。,記号,句点,*,*,*,*,。,。,。,２
大きな,連体詞,*,*,*,*,*,大きな,オオキナ,オーキナ,２
ベッド,名詞,一般,*,*,*,*,ベッド,ベッド,ベッド,２
が,助詞,格助詞,一般,*,*,*,が,ガ,ガ,２
一つ,名詞,一般,*,*,*,*,一つ,ヒトツ,ヒトツ,２
おい,動詞,非自立,*,*,五段・カ行イ音便,連用タ接続,おく,オイ,オイ,２
て,助詞,接続助詞,*,*,*,*,て,テ,テ,２
あっ,動詞,非自立,*,*,五段・ラ行,連用タ接続,ある,アッ,アッ,２
て,助詞,接続助詞,*,*,*,*,て,テ,テ,２
、,記号,読点,*,*,*,*,、,、,、,２
三,名詞,数,*,*,*,*,三,サン,サン,２
人,名詞,接尾,助数詞,*,*,*,人,ニン,ニン,２
に,助詞,格助詞,一般,*,*,*,に,ニ,ニ,２
そこ,名詞,代名詞,一般,*,*,*,そこ,ソコ,ソコ,２
で,助詞,格助詞,一般,*,*,*,で,デ,デ,２
ねむれ,動詞,自立,*,*,五段・ラ行,命令ｅ,ねむる,ネムレ,ネムレ,２
と,助詞,格助詞,引用,*,*,*,と,ト,ト,２
いう,動詞,自立,*,*,五段・ワ行促音便,基本形,いう,イウ,イウ,２
の,名詞,非自立,一般,*,*,*,の,ノ,ノ,２
です,助動詞,*,*,*,特殊・デス,基本形,です,デス,デス,２
。,記号,句点,*,*,*,*,。,。,。,２
その,連体詞,*,*,*,*,*,その,ソノ,ソノ,２
へや,名詞,一般,*,*,*,*,へや,ヘヤ,ヘヤ,２
に,助詞,格助詞,一般,*,*,*,に,ニ,ニ,２
は,助詞,係助詞,*,*,*,*,は,ハ,ワ,２
、,記号,読点,*,*,*,*,、,、,、,２
鉄ぼう,名詞,一般,*,*,*,*,鉄棒,テツボウ,テツボー,２
の,助詞,格助詞,一般,*,*,*,の,ノ,ノ,２
はまっ,動詞,自立,*,*,五段・ラ行,連用タ接続,はまる,ハマッ,ハマッ,２
た,助動詞,*,*,*,特殊・タ,基本形,た,タ,タ,２
小さな,連体詞,*,*,*,*,*,小さな,チイサナ,チーサナ,２
ま,フィラー,*,*,*,*,*,ま,マ,マ,２
ど,助詞,接続助詞,*,*,*,*,ど,ド,ド,２
が,助詞,格助詞,一般,*,*,*,が,ガ,ガ,２
一つ,名詞,一般,*,*,*,*,一つ,ヒトツ,ヒトツ,２
ある,動詞,自立,*,*,五段・ラ行,基本形,ある,アル,アル,２
きり,名詞,非自立,副詞可能,*,*,*,きり,キリ,キリ,２
で,助詞,格助詞,一般,*,*,*,で,デ,デ,２
、,記号,読点,*,*,*,*,、,、,、,２
そこ,名詞,代名詞,一般,*,*,*,そこ,ソコ,ソコ,２
から,助詞,格助詞,一般,*,*,*,から,カラ,カラ,２
月の光,名詞,固有名詞,一般,*,*,*,月の光,ツキノヒカリ,ツキノヒカリ,２
が,助詞,格助詞,一般,*,*,*,が,ガ,ガ,２
さしこん,動詞,自立,*,*,五段・マ行,連用タ接続,さしこむ,サシコン,サシコン,２
で,助詞,接続助詞,*,*,*,*,で,デ,デ,２
い,動詞,非自立,*,*,一段,連用形,いる,イ,イ,２
まし,助動詞,*,*,*,特殊・マス,連用形,ます,マシ,マシ,２
た,助動詞,*,*,*,特殊・タ,基本形,た,タ,タ,２
。,記号,句点,*,*,*,*,。,。,。,２
ノロ,名詞,一般,*,*,*,*,ノロ,ノロ,ノロ,２
ちゃん,名詞,接尾,人名,*,*,*,ちゃん,チャン,チャン,２
は,助詞,係助詞,*,*,*,*,は,ハ,ワ,２
、,記号,読点,*,*,*,*,、,、,、,２
井上,名詞,固有名詞,人名,姓,*,*,井上,イノウエ,イノウエ,２
くん,名詞,接尾,人名,*,*,*,くん,クン,クン,２
の,助詞,連体化,*,*,*,*,の,ノ,ノ,２
かた,名詞,非自立,副詞可能,*,*,*,かた,カタ,カタ,２
に,助詞,格助詞,一般,*,*,*,に,ニ,ニ,２
乗っ,動詞,自立,*,*,五段・ラ行,連用タ接続,乗る,ノッ,ノッ,２
て,助詞,接続助詞,*,*,*,*,て,テ,テ,２
、,記号,読点,*,*,*,*,、,、,、,２
まどか,名詞,固有名詞,人名,名,*,*,まどか,マドカ,マドカ,２
ら,名詞,接尾,一般,*,*,*,ら,ラ,ラ,２
外,名詞,接尾,一般,*,*,*,外,ガイ,ガイ,２
を,助詞,格助詞,一般,*,*,*,を,ヲ,ヲ,２
のぞい,動詞,自立,*,*,五段・カ行イ音便,連用タ接続,のぞく,ノゾイ,ノゾイ,２
て,助詞,接続助詞,*,*,*,*,て,テ,テ,２
み,動詞,非自立,*,*,一段,連用形,みる,ミ,ミ,２
まし,助動詞,*,*,*,特殊・マス,連用形,ます,マシ,マシ,２
た,助動詞,*,*,*,特殊・タ,基本形,た,タ,タ,２
。,記号,句点,*,*,*,*,。,。,。,２
ま,感動詞,*,*,*,*,*,ま,マ,マ,２
どの,連体詞,*,*,*,*,*,どの,ドノ,ドノ,２
すぐ,副詞,助詞類接続,*,*,*,*,すぐ,スグ,スグ,２
外,名詞,一般,*,*,*,*,外,ソト,ソト,２
に,助詞,格助詞,一般,*,*,*,に,ニ,ニ,２
高い,名詞,一般,*,*,*,*,高位,コウイ,コウイ,２
へ,助詞,格助詞,一般,*,*,*,へ,ヘ,エ,２
い,名詞,一般,*,*,*,*,い,イ,イ,２
が,助詞,格助詞,一般,*,*,*,が,ガ,ガ,２
あっ,動詞,自立,*,*,五段・ラ行,連用タ接続,ある,アッ,アッ,２
て,助詞,接続助詞,*,*,*,*,て,テ,テ,２
、,記号,読点,*,*,*,*,、,、,、,２
その,連体詞,*,*,*,*,*,その,ソノ,ソノ,２
むこう,名詞,形容動詞語幹,*,*,*,*,無効,ムコウ,ムコー,２
は,助詞,係助詞,*,*,*,*,は,ハ,ワ,２
原っぱ,名詞,一般,*,*,*,*,原っぱ,ハラッパ,ハラッパ,２
です,助動詞,*,*,*,特殊・デス,基本形,です,デス,デス,２
。,記号,句点,*,*,*,*,。,。,。,２
「,記号,括弧開,*,*,*,*,「,「,「,２
あっ,感動詞,*,*,*,*,*,あっ,アッ,アッ,２
、,記号,読点,*,*,*,*,、,、,、,２
いい,形容詞,自立,*,*,形容詞・イイ,基本形,いい,イイ,イイ,２
こと,名詞,非自立,一般,*,*,*,こと,コト,コト,２
が,助詞,格助詞,一般,*,*,*,が,ガ,ガ,２
ある,動詞,自立,*,*,五段・ラ行,基本形,ある,アル,アル,２
。,記号,句点,*,*,*,*,。,。,。,２
バッジ,名詞,一般,*,*,*,*,バッジ,バッジ,バッジ,２
を,助詞,格助詞,一般,*,*,*,を,ヲ,ヲ,２
使え,動詞,自立,*,*,五段・ワ行促音便,仮定形,使う,ツカエ,ツカエ,２
ば,助詞,接続助詞,*,*,*,*,ば,バ,バ,２
いい,形容詞,非自立,*,*,形容詞・イイ,基本形,いい,イイ,イイ,２
よ,助詞,終助詞,*,*,*,*,よ,ヨ,ヨ,２
」,記号,括弧閉,*,*,*,*,」,」,」,２
ノロ,名詞,一般,*,*,*,*,ノロ,ノロ,ノロ,２
ちゃん,名詞,接尾,人名,*,*,*,ちゃん,チャン,チャン,２
は,助詞,係助詞,*,*,*,*,は,ハ,ワ,２
とびおり,動詞,自立,*,*,一段,連用形,とびおりる,トビオリ,トビオリ,２
て,助詞,接続助詞,*,*,*,*,て,テ,テ,２
、,記号,読点,*,*,*,*,、,、,、,２
井上,名詞,固有名詞,人名,姓,*,*,井上,イノウエ,イノウエ,２
くん,名詞,接尾,人名,*,*,*,くん,クン,クン,２
に,助詞,格助詞,一般,*,*,*,に,ニ,ニ,２
ささやき,動詞,自立,*,*,五段・カ行イ音便,連用形,ささやく,ササヤキ,ササヤキ,２
まし,助動詞,*,*,*,特殊・マス,連用形,ます,マシ,マシ,２
た,助動詞,*,*,*,特殊・タ,基本形,た,タ,タ,２
。,記号,句点,*,*,*,*,。,。,。,２
する,動詞,自立,*,*,サ変・スル,基本形,する,スル,スル,２
と,助詞,接続助詞,*,*,*,*,と,ト,ト,２
、,記号,読点,*,*,*,*,、,、,、,２
井上,名詞,固有名詞,人名,姓,*,*,井上,イノウエ,イノウエ,２
くん,名詞,接尾,人名,*,*,*,くん,クン,クン,２
も,助詞,係助詞,*,*,*,*,も,モ,モ,２
にっこり,副詞,一般,*,*,*,*,にっこり,ニッコリ,ニッコリ,２
わらっ,動詞,自立,*,*,五段・ワ行促音便,連用タ接続,わらう,ワラッ,ワラッ,２
て,助詞,接続助詞,*,*,*,*,て,テ,テ,２
、,記号,読点,*,*,*,*,、,、,、,２
ポケット,名詞,一般,*,*,*,*,ポケット,ポケット,ポケット,２
から,助詞,格助詞,一般,*,*,*,から,カラ,カラ,２
し,動詞,自立,*,*,サ変・スル,連用形,する,シ,シ,２
ょうねんたんていだんのきしょうの,名詞,一般,*,*,*,*,*,*,*,２
Ｂ,記号,アルファベット,*,*,*,*,Ｂ,ビー,ビー,２
・,記号,一般,*,*,*,*,・,・,・,２
Ｄ,記号,アルファベット,*,*,*,*,Ｄ,ディー,ディー,２
バッジ,名詞,一般,*,*,*,*,バッジ,バッジ,バッジ,２
を,助詞,格助詞,一般,*,*,*,を,ヲ,ヲ,２
一つ,名詞,一般,*,*,*,*,一つ,ヒトツ,ヒトツ,２
とり出,名詞,一般,*,*,*,*,取り出し,トリダシ,トリダシ,２
し,動詞,自立,*,*,サ変・スル,連用形,する,シ,シ,２
まし,助動詞,*,*,*,特殊・マス,連用形,ます,マシ,マシ,２
た,助動詞,*,*,*,特殊・タ,基本形,た,タ,タ,２
。,記号,句点,*,*,*,*,。,。,。,２
それから,接続詞,*,*,*,*,*,それから,ソレカラ,ソレカラ,２
、,記号,読点,*,*,*,*,、,、,、,２
上着,名詞,一般,*,*,*,*,上着,ウワギ,ウワギ,２
の,助詞,連体化,*,*,*,*,の,ノ,ノ,２
ポケット,名詞,一般,*,*,*,*,ポケット,ポケット,ポケット,２
から,助詞,格助詞,一般,*,*,*,から,カラ,カラ,２
手,名詞,一般,*,*,*,*,手,テ,テ,２
ちょう,名詞,一般,*,*,*,*,ちょう,チョウ,チョウ,２
を,助詞,格助詞,一般,*,*,*,を,ヲ,ヲ,２
出し,動詞,自立,*,*,五段・サ行,連用形,出す,ダシ,ダシ,２
て,助詞,接続助詞,*,*,*,*,て,テ,テ,２
、,記号,読点,*,*,*,*,、,、,、,２
紙,名詞,一般,*,*,*,*,紙,カミ,カミ,２
を,助詞,格助詞,一般,*,*,*,を,ヲ,ヲ,２
一,名詞,数,*,*,*,*,一,イチ,イチ,２
まい,助動詞,*,*,*,不変化型,基本形,まい,マイ,マイ,２
ちぎり,動詞,自立,*,*,五段・ラ行,連用形,ちぎる,チギリ,チギリ,２
、,記号,読点,*,*,*,*,、,、,、,２
えんぴつ,名詞,一般,*,*,*,*,えんぴつ,エンピツ,エンピツ,２
で,助詞,格助詞,一般,*,*,*,で,デ,デ,２
なにか,副詞,助詞類接続,*,*,*,*,なにか,ナニカ,ナニカ,２
書い,動詞,自立,*,*,五段・カ行イ音便,連用タ接続,書く,カイ,カイ,２
て,助詞,接続助詞,*,*,*,*,て,テ,テ,２
、,記号,読点,*,*,*,*,、,、,、,２
Ｂ,記号,アルファベット,*,*,*,*,Ｂ,ビー,ビー,２
・,記号,一般,*,*,*,*,・,・,・,２
Ｄ,記号,アルファベット,*,*,*,*,Ｄ,ディー,ディー,２
バッジ,名詞,一般,*,*,*,*,バッジ,バッジ,バッジ,２
を,助詞,格助詞,一般,*,*,*,を,ヲ,ヲ,２
その,連体詞,*,*,*,*,*,その,ソノ,ソノ,２
中,名詞,非自立,副詞可能,*,*,*,中,ナカ,ナカ,２
に,助詞,格助詞,一般,*,*,*,に,ニ,ニ,２
つつん,動詞,自立,*,*,五段・マ行,連用タ接続,つつむ,ツツン,ツツン,２
で,助詞,接続助詞,*,*,*,*,で,デ,デ,２
まるめ,動詞,自立,*,*,一段,連用形,まるめる,マルメ,マルメ,２
まし,助動詞,*,*,*,特殊・マス,連用形,ます,マシ,マシ,２
た,助動詞,*,*,*,特殊・タ,基本形,た,タ,タ,２
。,記号,句点,*,*,*,*,。,。,。,２
ノロ,名詞,一般,*,*,*,*,ノロ,ノロ,ノロ,２
ちゃん,名詞,接尾,人名,*,*,*,ちゃん,チャン,チャン,２
は,助詞,係助詞,*,*,*,*,は,ハ,ワ,２
、,記号,読点,*,*,*,*,、,、,、,２
それ,名詞,代名詞,一般,*,*,*,それ,ソレ,ソレ,２
を,助詞,格助詞,一般,*,*,*,を,ヲ,ヲ,２
受けとる,動詞,自立,*,*,五段・ラ行,基本形,受けとる,ウケトル,ウケトル,２
と,助詞,接続助詞,*,*,*,*,と,ト,ト,２
、,記号,読点,*,*,*,*,、,、,、,２
また,接続詞,*,*,*,*,*,また,マタ,マタ,２
井上,名詞,固有名詞,人名,姓,*,*,井上,イノウエ,イノウエ,２
くん,名詞,接尾,人名,*,*,*,くん,クン,クン,２
の,助詞,連体化,*,*,*,*,の,ノ,ノ,２
かた,名詞,非自立,副詞可能,*,*,*,かた,カタ,カタ,２
に,助詞,格助詞,一般,*,*,*,に,ニ,ニ,２
のぼっ,動詞,自立,*,*,五段・ラ行,連用タ接続,のぼる,ノボッ,ノボッ,２
て,助詞,接続助詞,*,*,*,*,て,テ,テ,２
、,記号,読点,*,*,*,*,、,、,、,２
まるめ,動詞,自立,*,*,一段,連用形,まるめる,マルメ,マルメ,２
た,助動詞,*,*,*,特殊・タ,基本形,た,タ,タ,２
紙,名詞,一般,*,*,*,*,紙,カミ,カミ,２
玉,名詞,接尾,一般,*,*,*,玉,ダマ,ダマ,２
を,助詞,格助詞,一般,*,*,*,を,ヲ,ヲ,２
、,記号,読点,*,*,*,*,、,、,、,２
力まかせ,名詞,形容動詞語幹,*,*,*,*,力まかせ,チカラマカセ,チカラマカセ,２
に,助詞,副詞化,*,*,*,*,に,ニ,ニ,２
、,記号,読点,*,*,*,*,、,、,、,２
ま,感動詞,*,*,*,*,*,ま,マ,マ,２
どの,連体詞,*,*,*,*,*,どの,ドノ,ドノ,２
外,名詞,一般,*,*,*,*,外,ソト,ソト,２
へ,助詞,格助詞,一般,*,*,*,へ,ヘ,エ,２
ほうる,動詞,自立,*,*,五段・ラ行,基本形,ほうる,ホウル,ホール,２
の,名詞,非自立,一般,*,*,*,の,ノ,ノ,２
でし,助動詞,*,*,*,特殊・デス,連用形,です,デシ,デシ,２
た,助動詞,*,*,*,特殊・タ,基本形,た,タ,タ,２
。,記号,句点,*,*,*,*,。,。,。,２
バッジ,名詞,一般,*,*,*,*,バッジ,バッジ,バッジ,２
は,助詞,係助詞,*,*,*,*,は,ハ,ワ,２
、,記号,読点,*,*,*,*,、,、,、,２
ほうる,動詞,自立,*,*,五段・ラ行,基本形,ほうる,ホウル,ホール,２
とき,名詞,非自立,副詞可能,*,*,*,とき,トキ,トキ,２
の,助詞,連体化,*,*,*,*,の,ノ,ノ,２
重し,名詞,一般,*,*,*,*,重し,オモシ,オモシ,２
に,助詞,格助詞,一般,*,*,*,に,ニ,ニ,２
なっ,動詞,自立,*,*,五段・ラ行,連用タ接続,なる,ナッ,ナッ,２
た,助動詞,*,*,*,特殊・タ,基本形,た,タ,タ,２
の,名詞,非自立,一般,*,*,*,の,ノ,ノ,２
です,助動詞,*,*,*,特殊・デス,基本形,です,デス,デス,２
。,記号,句点,*,*,*,*,。,。,。,２
あくる,連体詞,*,*,*,*,*,あくる,アクル,アクル,２
朝,名詞,副詞可能,*,*,*,*,朝,アサ,アサ,２
の,助詞,連体化,*,*,*,*,の,ノ,ノ,２
こと,名詞,非自立,一般,*,*,*,こと,コト,コト,２
です,助動詞,*,*,*,特殊・デス,基本形,です,デス,デス,２
。,記号,句点,*,*,*,*,。,。,。,２
ノロ,名詞,一般,*,*,*,*,ノロ,ノロ,ノロ,２
ちゃん,名詞,接尾,人名,*,*,*,ちゃん,チャン,チャン,２
が,助詞,格助詞,一般,*,*,*,が,ガ,ガ,２
、,記号,読点,*,*,*,*,、,、,、,２
ふと,副詞,一般,*,*,*,*,ふと,フト,フト,２
目,名詞,一般,*,*,*,*,目,メ,メ,２
を,助詞,格助詞,一般,*,*,*,を,ヲ,ヲ,２
さまし,動詞,自立,*,*,五段・サ行,連用形,さます,サマシ,サマシ,２
て,助詞,接続助詞,*,*,*,*,て,テ,テ,２
、,記号,読点,*,*,*,*,、,、,、,２
ベッド,名詞,一般,*,*,*,*,ベッド,ベッド,ベッド,２
の,助詞,連体化,*,*,*,*,の,ノ,ノ,２
上,名詞,非自立,副詞可能,*,*,*,上,ウエ,ウエ,２
を,助詞,格助詞,一般,*,*,*,を,ヲ,ヲ,２
見,動詞,自立,*,*,一段,連用形,見る,ミ,ミ,２
ます,助動詞,*,*,*,特殊・マス,基本形,ます,マス,マス,２
と,助詞,接続助詞,*,*,*,*,と,ト,ト,２
、,記号,読点,*,*,*,*,、,、,、,２
そこ,名詞,代名詞,一般,*,*,*,そこ,ソコ,ソコ,２
に,助詞,格助詞,一般,*,*,*,に,ニ,ニ,２
は,助詞,係助詞,*,*,*,*,は,ハ,ワ,２
井上,名詞,固有名詞,人名,姓,*,*,井上,イノウエ,イノウエ,２
くん,名詞,接尾,人名,*,*,*,くん,クン,クン,２
も,助詞,係助詞,*,*,*,*,も,モ,モ,２
ルミ,名詞,固有名詞,人名,名,*,*,ルミ,ルミ,ルミ,２
ちゃん,名詞,接尾,人名,*,*,*,ちゃん,チャン,チャン,２
も,助詞,係助詞,*,*,*,*,も,モ,モ,２
い,動詞,自立,*,*,一段,未然形,いる,イ,イ,２
なく,助動詞,*,*,*,特殊・ナイ,連用テ接続,ない,ナク,ナク,２
なっ,動詞,自立,*,*,五段・ラ行,連用タ接続,なる,ナッ,ナッ,２
て,助詞,接続助詞,*,*,*,*,て,テ,テ,２
、,記号,読点,*,*,*,*,、,、,、,２
二,名詞,数,*,*,*,*,二,ニ,ニ,２
ひき,名詞,一般,*,*,*,*,ひき,ヒキ,ヒキ,２
の,助詞,連体化,*,*,*,*,の,ノ,ノ,２
ライオン,名詞,一般,*,*,*,*,ライオン,ライオン,ライオン,２
の,助詞,連体化,*,*,*,*,の,ノ,ノ,２
子ども,名詞,一般,*,*,*,*,子ども,コドモ,コドモ,２
が,助詞,格助詞,一般,*,*,*,が,ガ,ガ,２
、,記号,読点,*,*,*,*,、,、,、,２
ながなが,副詞,一般,*,*,*,*,ながなが,ナガナガ,ナガナガ,２
と,助詞,格助詞,一般,*,*,*,と,ト,ト,２
ねそべっ,動詞,自立,*,*,五段・ラ行,連用タ接続,ねそべる,ネソベッ,ネソベッ,２
て,助詞,接続助詞,*,*,*,*,て,テ,テ,２
い,動詞,非自立,*,*,一段,連用形,いる,イ,イ,２
まし,助動詞,*,*,*,特殊・マス,連用形,ます,マシ,マシ,２
た,助動詞,*,*,*,特殊・タ,基本形,た,タ,タ,２
。,記号,句点,*,*,*,*,。,。,。,２
ノロ,名詞,一般,*,*,*,*,ノロ,ノロ,ノロ,２
ちゃん,名詞,接尾,人名,*,*,*,ちゃん,チャン,チャン,２
は,助詞,係助詞,*,*,*,*,は,ハ,ワ,２
、,記号,読点,*,*,*,*,、,、,、,２
「,記号,括弧開,*,*,*,*,「,「,「,２
ぎゃっ,名詞,一般,*,*,*,*,*,*,*,２
」,記号,括弧閉,*,*,*,*,」,」,」,２
と,助詞,格助詞,引用,*,*,*,と,ト,ト,２
さけん,動詞,自立,*,*,五段・バ行,連用タ接続,さけぶ,サケン,サケン,２
で,助詞,接続助詞,*,*,*,*,で,デ,デ,２
、,記号,読点,*,*,*,*,、,、,、,２
ベッド,名詞,一般,*,*,*,*,ベッド,ベッド,ベッド,２
から,助詞,格助詞,一般,*,*,*,から,カラ,カラ,２
とびおり,動詞,自立,*,*,一段,連用形,とびおりる,トビオリ,トビオリ,２
まし,助動詞,*,*,*,特殊・マス,連用形,ます,マシ,マシ,２
た,助動詞,*,*,*,特殊・タ,基本形,た,タ,タ,２
が,助詞,接続助詞,*,*,*,*,が,ガ,ガ,２
、,記号,読点,*,*,*,*,、,、,、,２
その,連体詞,*,*,*,*,*,その,ソノ,ソノ,２
とき,名詞,非自立,副詞可能,*,*,*,とき,トキ,トキ,２
、,記号,読点,*,*,*,*,、,、,、,２
自分,名詞,一般,*,*,*,*,自分,ジブン,ジブン,２
の,助詞,連体化,*,*,*,*,の,ノ,ノ,２
からだ,名詞,一般,*,*,*,*,からだ,カラダ,カラダ,２
を,助詞,格助詞,一般,*,*,*,を,ヲ,ヲ,２
見,動詞,自立,*,*,一段,連用形,見る,ミ,ミ,２
て,助詞,接続助詞,*,*,*,*,て,テ,テ,２
、,記号,読点,*,*,*,*,、,、,、,２
きぜつ,名詞,サ変接続,*,*,*,*,気絶,キゼツ,キゼツ,２
し,動詞,自立,*,*,サ変・スル,連用形,する,シ,シ,２
そう,名詞,接尾,助動詞語幹,*,*,*,そう,ソウ,ソー,２
に,助詞,格助詞,一般,*,*,*,に,ニ,ニ,２
なり,動詞,自立,*,*,五段・ラ行,連用形,なる,ナリ,ナリ,２
まし,助動詞,*,*,*,特殊・マス,連用形,ます,マシ,マシ,２
た,助動詞,*,*,*,特殊・タ,基本形,た,タ,タ,２
。,記号,句点,*,*,*,*,。,。,。,２
自分,名詞,一般,*,*,*,*,自分,ジブン,ジブン,２
の,助詞,連体化,*,*,*,*,の,ノ,ノ,２
からだ,名詞,一般,*,*,*,*,からだ,カラダ,カラダ,２
に,助詞,格助詞,一般,*,*,*,に,ニ,ニ,２
も,助詞,係助詞,*,*,*,*,も,モ,モ,２
、,記号,読点,*,*,*,*,、,、,、,２
茶色,名詞,一般,*,*,*,*,茶色,チャイロ,チャイロ,２
の,助詞,連体化,*,*,*,*,の,ノ,ノ,２
毛,名詞,一般,*,*,*,*,毛,ケ,ケ,２
が,助詞,格助詞,一般,*,*,*,が,ガ,ガ,２
いっぱい,副詞,一般,*,*,*,*,いっぱい,イッパイ,イッパイ,２
はえ,動詞,自立,*,*,一段,連用形,はえる,ハエ,ハエ,２
て,助詞,接続助詞,*,*,*,*,て,テ,テ,２
い,動詞,非自立,*,*,一段,連用形,いる,イ,イ,２
た,助動詞,*,*,*,特殊・タ,基本形,た,タ,タ,２
から,助詞,接続助詞,*,*,*,*,から,カラ,カラ,２
です,助動詞,*,*,*,特殊・デス,基本形,です,デス,デス,２
。,記号,句点,*,*,*,*,。,。,。,２
井上,名詞,固有名詞,人名,姓,*,*,井上,イノウエ,イノウエ,３
くん,名詞,接尾,人名,*,*,*,くん,クン,クン,３
と,助詞,並立助詞,*,*,*,*,と,ト,ト,３
、,記号,読点,*,*,*,*,、,、,、,３
ノロ,名詞,一般,*,*,*,*,ノロ,ノロ,ノロ,３
ちゃんと,副詞,一般,*,*,*,*,ちゃんと,チャント,チャント,３
、,記号,読点,*,*,*,*,、,、,、,３
井上,名詞,固有名詞,人名,姓,*,*,井上,イノウエ,イノウエ,３
くん,名詞,接尾,人名,*,*,*,くん,クン,クン,３
の,助詞,連体化,*,*,*,*,の,ノ,ノ,３
妹,名詞,一般,*,*,*,*,妹,イモウト,イモート,３
の,助詞,連体化,*,*,*,*,の,ノ,ノ,３
ルミ,名詞,固有名詞,人名,名,*,*,ルミ,ルミ,ルミ,３
ちゃん,名詞,接尾,人名,*,*,*,ちゃん,チャン,チャン,３
の,助詞,連体化,*,*,*,*,の,ノ,ノ,３
三,名詞,数,*,*,*,*,三,サン,サン,３
人,名詞,接尾,助数詞,*,*,*,人,ニン,ニン,３
が,助詞,格助詞,一般,*,*,*,が,ガ,ガ,３
、,記号,読点,*,*,*,*,、,、,、,３
まほう,名詞,一般,*,*,*,*,魔法,マホウ,マホー,３
や,助詞,並立助詞,*,*,*,*,や,ヤ,ヤ,３
しき,名詞,一般,*,*,*,*,しき,シキ,シキ,３
に,助詞,格助詞,一般,*,*,*,に,ニ,ニ,３
とじこめ,動詞,自立,*,*,一段,未然形,とじこめる,トジコメ,トジコメ,３
られ,動詞,接尾,*,*,一段,連用形,られる,ラレ,ラレ,３
、,記号,読点,*,*,*,*,、,、,、,３
ベッド,名詞,一般,*,*,*,*,ベッド,ベッド,ベッド,３
で,助詞,格助詞,一般,*,*,*,で,デ,デ,３
ねむっ,動詞,自立,*,*,五段・ラ行,連用タ接続,ねむる,ネムッ,ネムッ,３
て,助詞,接続助詞,*,*,*,*,て,テ,テ,３
目,名詞,一般,*,*,*,*,目,メ,メ,３
を,助詞,格助詞,一般,*,*,*,を,ヲ,ヲ,３
さます,動詞,自立,*,*,五段・サ行,基本形,さます,サマス,サマス,３
と,助詞,接続助詞,*,*,*,*,と,ト,ト,３
、,記号,読点,*,*,*,*,、,、,、,３
三,名詞,数,*,*,*,*,三,サン,サン,３
人,名詞,接尾,助数詞,*,*,*,人,ニン,ニン,３
とも,助詞,副助詞,*,*,*,*,とも,トモ,トモ,３
、,記号,読点,*,*,*,*,、,、,、,３
子ども,名詞,一般,*,*,*,*,子ども,コドモ,コドモ,３
の,助詞,連体化,*,*,*,*,の,ノ,ノ,３
ライオン,名詞,一般,*,*,*,*,ライオン,ライオン,ライオン,３
に,助詞,格助詞,一般,*,*,*,に,ニ,ニ,３
かわっ,動詞,自立,*,*,五段・ラ行,連用タ接続,かわる,カワッ,カワッ,３
て,助詞,接続助詞,*,*,*,*,て,テ,テ,３
い,動詞,非自立,*,*,一段,連用形,いる,イ,イ,３
まし,助動詞,*,*,*,特殊・マス,連用形,ます,マシ,マシ,３
た,助動詞,*,*,*,特殊・タ,基本形,た,タ,タ,３
。,記号,句点,*,*,*,*,。,。,。,３
まほう,名詞,一般,*,*,*,*,魔法,マホウ,マホー,３
の,助詞,連体化,*,*,*,*,の,ノ,ノ,３
力,名詞,一般,*,*,*,*,力,チカラ,チカラ,３
で,助詞,格助詞,一般,*,*,*,で,デ,デ,３
、,記号,読点,*,*,*,*,、,、,、,３
ライオン,名詞,一般,*,*,*,*,ライオン,ライオン,ライオン,３
に,助詞,格助詞,一般,*,*,*,に,ニ,ニ,３
さ,動詞,自立,*,*,サ変・スル,未然レル接続,する,サ,サ,３
れ,動詞,接尾,*,*,一段,連用形,れる,レ,レ,３
た,助動詞,*,*,*,特殊・タ,基本形,た,タ,タ,３
の,名詞,非自立,一般,*,*,*,の,ノ,ノ,３
か,助詞,副助詞／並立助詞／終助詞,*,*,*,*,か,カ,カ,３
と,助詞,格助詞,引用,*,*,*,と,ト,ト,３
びっくり,名詞,サ変接続,*,*,*,*,びっくり,ビックリ,ビックリ,３
し,動詞,自立,*,*,サ変・スル,連用形,する,シ,シ,３
まし,助動詞,*,*,*,特殊・マス,連用形,ます,マシ,マシ,３
た,助動詞,*,*,*,特殊・タ,基本形,た,タ,タ,３
が,助詞,接続助詞,*,*,*,*,が,ガ,ガ,３
、,記号,読点,*,*,*,*,、,、,、,３
じつは,副詞,一般,*,*,*,*,じつは,ジツハ,ジツワ,３
、,記号,読点,*,*,*,*,、,、,、,３
ね,動詞,自立,*,*,一段,連用形,ねる,ネ,ネ,３
て,助詞,接続助詞,*,*,*,*,て,テ,テ,３
いる,動詞,非自立,*,*,一段,基本形,いる,イル,イル,３
間,名詞,一般,*,*,*,*,間,マ,マ,３
に,助詞,格助詞,一般,*,*,*,に,ニ,ニ,３
、,記号,読点,*,*,*,*,、,、,、,３
ライオン,名詞,一般,*,*,*,*,ライオン,ライオン,ライオン,３
の,助詞,連体化,*,*,*,*,の,ノ,ノ,３
毛皮,名詞,一般,*,*,*,*,毛皮,ケガワ,ケガワ,３
を,助詞,格助詞,一般,*,*,*,を,ヲ,ヲ,３
かぶせ,動詞,自立,*,*,一段,未然形,かぶせる,カブセ,カブセ,３
られ,動詞,接尾,*,*,一段,連用形,られる,ラレ,ラレ,３
て,助詞,接続助詞,*,*,*,*,て,テ,テ,３
い,動詞,非自立,*,*,一段,連用形,いる,イ,イ,３
た,助動詞,*,*,*,特殊・タ,基本形,た,タ,タ,３
の,名詞,非自立,一般,*,*,*,の,ノ,ノ,３
です,助動詞,*,*,*,特殊・デス,基本形,です,デス,デス,３
。,記号,句点,*,*,*,*,。,。,。,３
朝,名詞,副詞可能,*,*,*,*,朝,アサ,アサ,３
に,助詞,格助詞,一般,*,*,*,に,ニ,ニ,３
なる,動詞,自立,*,*,五段・ラ行,基本形,なる,ナル,ナル,３
と,助詞,接続助詞,*,*,*,*,と,ト,ト,３
、,記号,読点,*,*,*,*,、,、,、,３
あの,連体詞,*,*,*,*,*,あの,アノ,アノ,３
せい,名詞,一般,*,*,*,*,せい,セイ,セイ,３
よう,名詞,接尾,一般,*,*,*,よう,ヨウ,ヨー,３
あくま,名詞,一般,*,*,*,*,あくま,アクマ,アクマ,３
が,助詞,格助詞,一般,*,*,*,が,ガ,ガ,３
はいっ,動詞,自立,*,*,五段・ラ行,連用タ接続,はいる,ハイッ,ハイッ,３
て,助詞,接続助詞,*,*,*,*,て,テ,テ,３
き,動詞,非自立,*,*,カ変・クル,連用形,くる,キ,キ,３
て,助詞,接続助詞,*,*,*,*,て,テ,テ,３
、,記号,読点,*,*,*,*,、,、,、,３
毛皮,名詞,一般,*,*,*,*,毛皮,ケガワ,ケガワ,３
を,助詞,格助詞,一般,*,*,*,を,ヲ,ヲ,３
ぬがせ,動詞,自立,*,*,一段,連用形,ぬがせる,ヌガセ,ヌガセ,３
て,助詞,接続助詞,*,*,*,*,て,テ,テ,３
くれ,動詞,非自立,*,*,一段・クレル,連用形,くれる,クレ,クレ,３
まし,助動詞,*,*,*,特殊・マス,連用形,ます,マシ,マシ,３
た,助動詞,*,*,*,特殊・タ,基本形,た,タ,タ,３
が,助詞,接続助詞,*,*,*,*,が,ガ,ガ,３
、,記号,読点,*,*,*,*,、,、,、,３
それ,名詞,代名詞,一般,*,*,*,それ,ソレ,ソレ,３
から,助詞,格助詞,一般,*,*,*,から,カラ,カラ,３
三,名詞,数,*,*,*,*,三,サン,サン,３
人,名詞,接尾,助数詞,*,*,*,人,ニン,ニン,３
は,助詞,係助詞,*,*,*,*,は,ハ,ワ,３
、,記号,読点,*,*,*,*,、,、,、,３
つぎつぎ,副詞,助詞類接続,*,*,*,*,つぎつぎ,ツギツギ,ツギツギ,３
と,助詞,副詞化,*,*,*,*,と,ト,ト,３
きみ,名詞,代名詞,一般,*,*,*,きみ,キミ,キミ,３
の,助詞,格助詞,一般,*,*,*,の,ノ,ノ,３
わるい,形容詞,自立,*,*,形容詞・アウオ段,基本形,わるい,ワルイ,ワルイ,３
、,記号,読点,*,*,*,*,、,、,、,３
ふしぎ,名詞,形容動詞語幹,*,*,*,*,ふしぎ,フシギ,フシギ,３
な,助動詞,*,*,*,特殊・ダ,体言接続,だ,ナ,ナ,３
もの,名詞,非自立,一般,*,*,*,もの,モノ,モノ,３
を,助詞,格助詞,一般,*,*,*,を,ヲ,ヲ,３
見せ,動詞,自立,*,*,一段,未然形,見せる,ミセ,ミセ,３
られ,動詞,接尾,*,*,一段,連用形,られる,ラレ,ラレ,３
まし,助動詞,*,*,*,特殊・マス,連用形,ます,マシ,マシ,３
た,助動詞,*,*,*,特殊・タ,基本形,た,タ,タ,３
。,記号,句点,*,*,*,*,。,。,。,３
へや,名詞,一般,*,*,*,*,へや,ヘヤ,ヘヤ,３
を,助詞,格助詞,一般,*,*,*,を,ヲ,ヲ,３
歩い,動詞,自立,*,*,五段・カ行イ音便,連用タ接続,歩く,アルイ,アルイ,３
て,助詞,接続助詞,*,*,*,*,て,テ,テ,３
いる,動詞,非自立,*,*,一段,基本形,いる,イル,イル,３
と,助詞,接続助詞,*,*,*,*,と,ト,ト,３
、,記号,読点,*,*,*,*,、,、,、,３
ゆか,名詞,固有名詞,人名,名,*,*,ゆか,ユカ,ユカ,３
の,助詞,連体化,*,*,*,*,の,ノ,ノ,３
おとし,動詞,自立,*,*,五段・サ行,連用形,おとす,オトシ,オトシ,３
あな,名詞,一般,*,*,*,*,あな,アナ,アナ,３
が,助詞,格助詞,一般,*,*,*,が,ガ,ガ,３
ぱっと,副詞,一般,*,*,*,*,ぱっと,パット,パット,３
開い,動詞,自立,*,*,五段・カ行イ音便,連用タ接続,開く,ヒライ,ヒライ,３
て,助詞,接続助詞,*,*,*,*,て,テ,テ,３
、,記号,読点,*,*,*,*,、,、,、,３
その,連体詞,*,*,*,*,*,その,ソノ,ソノ,３
下,名詞,一般,*,*,*,*,下,シタ,シタ,３
に,助詞,格助詞,一般,*,*,*,に,ニ,ニ,３
、,記号,読点,*,*,*,*,、,、,、,３
すべり台,名詞,一般,*,*,*,*,すべり台,スベリダイ,スベリダイ,３
の,助詞,連体化,*,*,*,*,の,ノ,ノ,３
よう,名詞,非自立,助動詞語幹,*,*,*,よう,ヨウ,ヨー,３
な,助動詞,*,*,*,特殊・ダ,体言接続,だ,ナ,ナ,３
もの,名詞,非自立,一般,*,*,*,もの,モノ,モノ,３
が,助詞,格助詞,一般,*,*,*,が,ガ,ガ,３
あり,動詞,自立,*,*,五段・ラ行,連用形,ある,アリ,アリ,３
、,記号,読点,*,*,*,*,、,、,、,３
三,名詞,数,*,*,*,*,三,サン,サン,３
人,名詞,接尾,助数詞,*,*,*,人,ニン,ニン,３
は,助詞,係助詞,*,*,*,*,は,ハ,ワ,３
、,記号,読点,*,*,*,*,、,、,、,３
するする,副詞,一般,*,*,*,*,するする,スルスル,スルスル,３
と,助詞,副詞化,*,*,*,*,と,ト,ト,３
ちか,名詞,固有名詞,人名,名,*,*,ちか,チカ,チカ,３
室,名詞,接尾,一般,*,*,*,室,シツ,シツ,３
の,助詞,連体化,*,*,*,*,の,ノ,ノ,３
そこ,名詞,代名詞,一般,*,*,*,そこ,ソコ,ソコ,３
へ,助詞,格助詞,一般,*,*,*,へ,ヘ,エ,３
すべっ,動詞,自立,*,*,五段・ラ行,連用タ接続,すべる,スベッ,スベッ,３
て,助詞,接続助詞,*,*,*,*,て,テ,テ,３
いき,動詞,非自立,*,*,五段・カ行促音便,連用形,いく,イキ,イキ,３
まし,助動詞,*,*,*,特殊・マス,連用形,ます,マシ,マシ,３
た,助動詞,*,*,*,特殊・タ,基本形,た,タ,タ,３
。,記号,句点,*,*,*,*,。,。,。,３
その,連体詞,*,*,*,*,*,その,ソノ,ソノ,３
うす,形容詞,自立,*,*,形容詞・アウオ段,ガル接続,うすい,ウス,ウス,３
暗,形容詞,自立,*,*,形容詞・アウオ段,ガル接続,暗い,クラ,クラ,３
いちか,名詞,固有名詞,人名,一般,*,*,いちか,イチカ,イチカ,３
室,名詞,接尾,一般,*,*,*,室,シツ,シツ,３
に,助詞,格助詞,一般,*,*,*,に,ニ,ニ,３
は,助詞,係助詞,*,*,*,*,は,ハ,ワ,３
、,記号,読点,*,*,*,*,、,、,、,３
いろいろ,名詞,形容動詞語幹,*,*,*,*,いろいろ,イロイロ,イロイロ,３
な,助動詞,*,*,*,特殊・ダ,体言接続,だ,ナ,ナ,３
形,名詞,一般,*,*,*,*,形,カタチ,カタチ,３
の,助詞,連体化,*,*,*,*,の,ノ,ノ,３
ロボット,名詞,一般,*,*,*,*,ロボット,ロボット,ロボット,３
が,助詞,格助詞,一般,*,*,*,が,ガ,ガ,３
たっ,動詞,自立,*,*,五段・タ行,連用タ接続,たつ,タッ,タッ,３
て,助詞,接続助詞,*,*,*,*,て,テ,テ,３
い,動詞,非自立,*,*,一段,連用形,いる,イ,イ,３
て,助詞,接続助詞,*,*,*,*,て,テ,テ,３
、,記号,読点,*,*,*,*,、,、,、,３
ぎりぎり,副詞,助詞類接続,*,*,*,*,ぎりぎり,ギリギリ,ギリギリ,３
と,助詞,副詞化,*,*,*,*,と,ト,ト,３
は,助詞,係助詞,*,*,*,*,は,ハ,ワ,３
車,名詞,一般,*,*,*,*,車,クルマ,クルマ,３
の,助詞,連体化,*,*,*,*,の,ノ,ノ,３
音,名詞,一般,*,*,*,*,音,オト,オト,３
を,助詞,格助詞,一般,*,*,*,を,ヲ,ヲ,３
さ,動詞,自立,*,*,サ変・スル,未然レル接続,する,サ,サ,３
せ,動詞,接尾,*,*,一段,連用形,せる,セ,セ,３
ながら,助詞,接続助詞,*,*,*,*,ながら,ナガラ,ナガラ,３
、,記号,読点,*,*,*,*,、,、,、,３
三,名詞,数,*,*,*,*,三,サン,サン,３
人,名詞,接尾,助数詞,*,*,*,人,ニン,ニン,３
を,助詞,格助詞,一般,*,*,*,を,ヲ,ヲ,３
とりかこむ,動詞,自立,*,*,五段・マ行,基本形,とりかこむ,トリカコム,トリカコム,３
の,名詞,非自立,一般,*,*,*,の,ノ,ノ,３
でし,助動詞,*,*,*,特殊・デス,連用形,です,デシ,デシ,３
た,助動詞,*,*,*,特殊・タ,基本形,た,タ,タ,３
。,記号,句点,*,*,*,*,。,。,。,３
その,連体詞,*,*,*,*,*,その,ソノ,ソノ,３
つぎ,名詞,一般,*,*,*,*,つぎ,ツギ,ツギ,３
は,助詞,係助詞,*,*,*,*,は,ハ,ワ,３
、,記号,読点,*,*,*,*,、,、,、,３
四方,名詞,一般,*,*,*,*,四方,シホウ,シホー,３
の,名詞,非自立,一般,*,*,*,の,ノ,ノ,３
か,助詞,副助詞／並立助詞／終助詞,*,*,*,*,か,カ,カ,３
べ,助詞,終助詞,*,*,*,*,べ,ベ,ベ,３
も,助詞,係助詞,*,*,*,*,も,モ,モ,３
、,記号,読点,*,*,*,*,、,、,、,３
てんじょう,名詞,サ変接続,*,*,*,*,てんじょう,テンジョウ,テンジョー,３
も,助詞,係助詞,*,*,*,*,も,モ,モ,３
、,記号,読点,*,*,*,*,、,、,、,３
ゆか,名詞,固有名詞,人名,名,*,*,ゆか,ユカ,ユカ,３
も,助詞,係助詞,*,*,*,*,も,モ,モ,３
、,記号,読点,*,*,*,*,、,、,、,３
ぜんぶ,名詞,副詞可能,*,*,*,*,ぜんぶ,ゼンブ,ゼンブ,３
か,助詞,副助詞／並立助詞／終助詞,*,*,*,*,か,カ,カ,３
がみ,名詞,固有名詞,人名,一般,*,*,がみ,ガミ,ガミ,３
を,助詞,格助詞,一般,*,*,*,を,ヲ,ヲ,３
はりつめ,動詞,自立,*,*,一段,連用形,はりつめる,ハリツメ,ハリツメ,３
た,助動詞,*,*,*,特殊・タ,基本形,た,タ,タ,３
へや,名詞,一般,*,*,*,*,へや,ヘヤ,ヘヤ,３
へ,助詞,格助詞,一般,*,*,*,へ,ヘ,エ,３
入れ,動詞,自立,*,*,一段,未然形,入れる,イレ,イレ,３
られ,動詞,接尾,*,*,一段,連用形,られる,ラレ,ラレ,３
まし,助動詞,*,*,*,特殊・マス,連用形,ます,マシ,マシ,３
た,助動詞,*,*,*,特殊・タ,基本形,た,タ,タ,３
。,記号,句点,*,*,*,*,。,。,。,３
三,名詞,数,*,*,*,*,三,サン,サン,３
人,名詞,接尾,助数詞,*,*,*,人,ニン,ニン,３
の,助詞,連体化,*,*,*,*,の,ノ,ノ,３
す,接頭詞,名詞接続,*,*,*,*,す,ス,ス,３
がた,名詞,一般,*,*,*,*,がた,ガタ,ガタ,３
が,助詞,格助詞,一般,*,*,*,が,ガ,ガ,３
、,記号,読点,*,*,*,*,、,、,、,３
かがみ,動詞,自立,*,*,五段・マ行,連用形,かがむ,カガミ,カガミ,３
から,助詞,格助詞,一般,*,*,*,から,カラ,カラ,３
かがみ,動詞,自立,*,*,五段・マ行,連用形,かがむ,カガミ,カガミ,３
へ,助詞,格助詞,一般,*,*,*,へ,ヘ,エ,３
とはん,名詞,サ変接続,*,*,*,*,登坂,トハン,トハン,３
し,動詞,自立,*,*,サ変・スル,連用形,する,シ,シ,３
ゃしあって,名詞,一般,*,*,*,*,*,*,*,３
、,記号,読点,*,*,*,*,、,、,、,３
なん,名詞,代名詞,一般,*,*,*,なん,ナン,ナン,３
百,名詞,数,*,*,*,*,百,ヒャク,ヒャク,３
、,記号,読点,*,*,*,*,、,、,、,３
なん,名詞,代名詞,一般,*,*,*,なん,ナン,ナン,３
千,名詞,数,*,*,*,*,千,セン,セン,３
と,助詞,格助詞,引用,*,*,*,と,ト,ト,３
かさなっ,動詞,自立,*,*,五段・ラ行,連用タ接続,かさなる,カサナッ,カサナッ,３
て,助詞,接続助詞,*,*,*,*,て,テ,テ,３
見える,動詞,自立,*,*,一段,基本形,見える,ミエル,ミエル,３
の,名詞,非自立,一般,*,*,*,の,ノ,ノ,３
です,助動詞,*,*,*,特殊・デス,基本形,です,デス,デス,３
。,記号,句点,*,*,*,*,。,。,。,３
井上,名詞,固有名詞,人名,姓,*,*,井上,イノウエ,イノウエ,３
くん,名詞,接尾,人名,*,*,*,くん,クン,クン,３
も,助詞,係助詞,*,*,*,*,も,モ,モ,３
、,記号,読点,*,*,*,*,、,、,、,３
ノロ,名詞,一般,*,*,*,*,ノロ,ノロ,ノロ,３
ちゃん,名詞,接尾,人名,*,*,*,ちゃん,チャン,チャン,３
も,助詞,係助詞,*,*,*,*,も,モ,モ,３
、,記号,読点,*,*,*,*,、,、,、,３
ルミ,名詞,固有名詞,人名,名,*,*,ルミ,ルミ,ルミ,３
ちゃん,名詞,接尾,人名,*,*,*,ちゃん,チャン,チャン,３
も,助詞,係助詞,*,*,*,*,も,モ,モ,３
、,記号,読点,*,*,*,*,、,、,、,３
あんな,連体詞,*,*,*,*,*,あんな,アンナ,アンナ,３
へん,名詞,非自立,一般,*,*,*,へん,ヘン,ヘン,３
な,助動詞,*,*,*,特殊・ダ,体言接続,だ,ナ,ナ,３
気持,名詞,一般,*,*,*,*,気持,キモチ,キモチ,３
に,助詞,格助詞,一般,*,*,*,に,ニ,ニ,３
なっ,動詞,自立,*,*,五段・ラ行,連用タ接続,なる,ナッ,ナッ,３
た,助動詞,*,*,*,特殊・タ,基本形,た,タ,タ,３
こと,名詞,非自立,一般,*,*,*,こと,コト,コト,３
は,助詞,係助詞,*,*,*,*,は,ハ,ワ,３
あり,動詞,自立,*,*,五段・ラ行,連用形,ある,アリ,アリ,３
ませ,助動詞,*,*,*,特殊・マス,未然形,ます,マセ,マセ,３
ん,助動詞,*,*,*,不変化型,基本形,ん,ン,ン,３
。,記号,句点,*,*,*,*,。,。,。,３
なん,名詞,一般,*,*,*,*,なん,ナン,ナン,３
百,名詞,数,*,*,*,*,百,ヒャク,ヒャク,３
、,記号,読点,*,*,*,*,、,、,、,３
なん,名詞,代名詞,一般,*,*,*,なん,ナン,ナン,３
千,名詞,数,*,*,*,*,千,セン,セン,３
という,助詞,格助詞,連語,*,*,*,という,トイウ,トユウ,３
自分,名詞,一般,*,*,*,*,自分,ジブン,ジブン,３
が,助詞,格助詞,一般,*,*,*,が,ガ,ガ,３
、,記号,読点,*,*,*,*,、,、,、,３
上,名詞,一般,*,*,*,*,上,ウエ,ウエ,３
・,記号,一般,*,*,*,*,・,・,・,３
下,名詞,一般,*,*,*,*,下,シタ,シタ,３
・,記号,一般,*,*,*,*,・,・,・,３
四方,名詞,一般,*,*,*,*,四方,シホウ,シホー,３
から,助詞,格助詞,一般,*,*,*,から,カラ,カラ,３
うじゃうじゃ,副詞,一般,*,*,*,*,うじゃうじゃ,ウジャウジャ,ウジャウジャ,３
と,助詞,格助詞,一般,*,*,*,と,ト,ト,３
かたまっ,動詞,自立,*,*,五段・ラ行,連用タ接続,かたまる,カタマッ,カタマッ,３
て,助詞,接続助詞,*,*,*,*,て,テ,テ,３
、,記号,読点,*,*,*,*,、,、,、,３
自分,名詞,一般,*,*,*,*,自分,ジブン,ジブン,３
を,助詞,格助詞,一般,*,*,*,を,ヲ,ヲ,３
にらみつけ,動詞,自立,*,*,一段,連用形,にらみつける,ニラミツケ,ニラミツケ,３
て,助詞,接続助詞,*,*,*,*,て,テ,テ,３
いる,動詞,非自立,*,*,一段,基本形,いる,イル,イル,３
の,名詞,非自立,一般,*,*,*,の,ノ,ノ,３
です,助動詞,*,*,*,特殊・デス,基本形,です,デス,デス,３
。,記号,句点,*,*,*,*,。,。,。,３
そのほか,名詞,一般,*,*,*,*,そのほか,ソノホカ,ソノホカ,３
、,記号,読点,*,*,*,*,、,、,、,３
まだ,副詞,助詞類接続,*,*,*,*,まだ,マダ,マダ,３
いくつ,名詞,代名詞,一般,*,*,*,いくつ,イクツ,イクツ,３
も,助詞,係助詞,*,*,*,*,も,モ,モ,３
ふしぎ,名詞,形容動詞語幹,*,*,*,*,ふしぎ,フシギ,フシギ,３
な,助動詞,*,*,*,特殊・ダ,体言接続,だ,ナ,ナ,３
おそろしい,形容詞,自立,*,*,形容詞・イ段,基本形,おそろしい,オソロシイ,オソロシイ,３
もの,名詞,非自立,一般,*,*,*,もの,モノ,モノ,３
を,助詞,格助詞,一般,*,*,*,を,ヲ,ヲ,３
見せ,動詞,自立,*,*,一段,未然形,見せる,ミセ,ミセ,３
られ,動詞,接尾,*,*,一段,連用形,られる,ラレ,ラレ,３
まし,助動詞,*,*,*,特殊・マス,連用形,ます,マシ,マシ,３
た,助動詞,*,*,*,特殊・タ,基本形,た,タ,タ,３
が,助詞,接続助詞,*,*,*,*,が,ガ,ガ,３
、,記号,読点,*,*,*,*,、,、,、,３
その,連体詞,*,*,*,*,*,その,ソノ,ソノ,３
あと,名詞,一般,*,*,*,*,あと,アト,アト,３
で,助詞,格助詞,一般,*,*,*,で,デ,デ,３
、,記号,読点,*,*,*,*,、,、,、,３
せい,名詞,一般,*,*,*,*,せい,セイ,セイ,３
よう,名詞,接尾,一般,*,*,*,よう,ヨウ,ヨー,３
あくま,名詞,一般,*,*,*,*,あくま,アクマ,アクマ,３
に,助詞,格助詞,一般,*,*,*,に,ニ,ニ,３
つれ,動詞,自立,*,*,一段,未然形,つれる,ツレ,ツレ,３
られ,動詞,接尾,*,*,一段,連用形,られる,ラレ,ラレ,３
て,助詞,接続助詞,*,*,*,*,て,テ,テ,３
二,名詞,数,*,*,*,*,二,ニ,ニ,３
かい,名詞,一般,*,*,*,*,かい,カイ,カイ,３
の,助詞,連体化,*,*,*,*,の,ノ,ノ,３
ろう,名詞,一般,*,*,*,*,ろう,ロウ,ロー,３
か,助詞,副助詞／並立助詞／終助詞,*,*,*,*,か,カ,カ,３
を,助詞,格助詞,一般,*,*,*,を,ヲ,ヲ,３
歩い,動詞,自立,*,*,五段・カ行イ音便,連用タ接続,歩く,アルイ,アルイ,３
て,助詞,接続助詞,*,*,*,*,て,テ,テ,３
い,動詞,非自立,*,*,一段,連用形,いる,イ,イ,３
ます,助動詞,*,*,*,特殊・マス,基本形,ます,マス,マス,３
と,助詞,接続助詞,*,*,*,*,と,ト,ト,３
、,記号,読点,*,*,*,*,、,、,、,３
とつぜん,副詞,一般,*,*,*,*,とつぜん,トツゼン,トツゼン,３
、,記号,読点,*,*,*,*,、,、,、,３
どこか,名詞,一般,*,*,*,*,どこか,ドコカ,ドコカ,３
ら,名詞,接尾,一般,*,*,*,ら,ラ,ラ,３
か,助詞,副助詞／並立助詞／終助詞,*,*,*,*,か,カ,カ,３
、,記号,読点,*,*,*,*,、,、,、,３
みょう,名詞,形容動詞語幹,*,*,*,*,みょう,ミョウ,ミョー,３
な,助動詞,*,*,*,特殊・ダ,体言接続,だ,ナ,ナ,３
わらい,名詞,一般,*,*,*,*,笑い,ワライ,ワライ,３
声,名詞,接尾,一般,*,*,*,声,ゴエ,ゴエ,３
が,助詞,格助詞,一般,*,*,*,が,ガ,ガ,３
きこえ,動詞,自立,*,*,一段,連用形,きこえる,キコエ,キコエ,３
て,助詞,接続助詞,*,*,*,*,て,テ,テ,３
き,動詞,非自立,*,*,カ変・クル,連用形,くる,キ,キ,３
まし,助動詞,*,*,*,特殊・マス,連用形,ます,マシ,マシ,３
た,助動詞,*,*,*,特殊・タ,基本形,た,タ,タ,３
。,記号,句点,*,*,*,*,。,。,。,３
せい,名詞,一般,*,*,*,*,せい,セイ,セイ,３
よう,名詞,接尾,一般,*,*,*,よう,ヨウ,ヨー,３
あくま,名詞,一般,*,*,*,*,あくま,アクマ,アクマ,３
は,助詞,係助詞,*,*,*,*,は,ハ,ワ,３
、,記号,読点,*,*,*,*,、,、,、,３
びっくり,名詞,サ変接続,*,*,*,*,びっくり,ビックリ,ビックリ,３
し,動詞,自立,*,*,サ変・スル,連用形,する,シ,シ,３
た,助動詞,*,*,*,特殊・タ,基本形,た,タ,タ,３
よう,名詞,非自立,助動詞語幹,*,*,*,よう,ヨウ,ヨー,３
に,助詞,格助詞,一般,*,*,*,に,ニ,ニ,３
たちどまっ,動詞,自立,*,*,五段・ラ行,連用タ接続,たちどまる,タチドマッ,タチドマッ,３
て,助詞,接続助詞,*,*,*,*,て,テ,テ,３
、,記号,読点,*,*,*,*,、,、,、,３
しばらく,副詞,助詞類接続,*,*,*,*,しばらく,シバラク,シバラク,３
考え,動詞,自立,*,*,一段,連用形,考える,カンガエ,カンガエ,３
て,助詞,接続助詞,*,*,*,*,て,テ,テ,３
い,動詞,非自立,*,*,一段,連用形,いる,イ,イ,３
まし,助動詞,*,*,*,特殊・マス,連用形,ます,マシ,マシ,３
た,助動詞,*,*,*,特殊・タ,基本形,た,タ,タ,３
が,助詞,接続助詞,*,*,*,*,が,ガ,ガ,３
…,記号,一般,*,*,*,*,…,…,…,３
…。,名詞,固有名詞,人名,一般,*,*,…。,サイレンス,サイレンス,３
ある,動詞,自立,*,*,五段・ラ行,基本形,ある,アル,アル,３
へや,名詞,一般,*,*,*,*,へや,ヘヤ,ヘヤ,３
へ,助詞,格助詞,一般,*,*,*,へ,ヘ,エ,３
そっと,副詞,一般,*,*,*,*,そっと,ソット,ソット,３
近づい,動詞,自立,*,*,五段・カ行イ音便,連用タ接続,近づく,チカヅイ,チカズイ,３
て,助詞,接続助詞,*,*,*,*,て,テ,テ,３
、,記号,読点,*,*,*,*,、,、,、,３
その,連体詞,*,*,*,*,*,その,ソノ,ソノ,３
ドア,名詞,一般,*,*,*,*,ドア,ドア,ドア,３
を,助詞,格助詞,一般,*,*,*,を,ヲ,ヲ,３
ぱっと,副詞,一般,*,*,*,*,ぱっと,パット,パット,３
開き,動詞,自立,*,*,五段・カ行イ音便,連用形,開く,ヒラキ,ヒラキ,３
まし,助動詞,*,*,*,特殊・マス,連用形,ます,マシ,マシ,３
た,助動詞,*,*,*,特殊・タ,基本形,た,タ,タ,３
。,記号,句点,*,*,*,*,。,。,。,３
すると,接続詞,*,*,*,*,*,すると,スルト,スルト,３
そこ,名詞,代名詞,一般,*,*,*,そこ,ソコ,ソコ,３
に,助詞,格助詞,一般,*,*,*,に,ニ,ニ,３
、,記号,読点,*,*,*,*,、,、,、,３
思い,名詞,一般,*,*,*,*,思い,オモイ,オモイ,３
も,助詞,係助詞,*,*,*,*,も,モ,モ,３
よら,動詞,自立,*,*,五段・ラ行,未然形,よる,ヨラ,ヨラ,３
ぬ,助動詞,*,*,*,特殊・ヌ,基本形,ぬ,ヌ,ヌ,３
ひとり,名詞,一般,*,*,*,*,ひとり,ヒトリ,ヒトリ,３
の,助詞,連体化,*,*,*,*,の,ノ,ノ,３
しょう,名詞,一般,*,*,*,*,しょう,ショウ,ショー,３
ねんが,名詞,一般,*,*,*,*,年賀,ネンガ,ネンガ,３
たっ,動詞,自立,*,*,五段・タ行,連用タ接続,たつ,タッ,タッ,３
て,助詞,接続助詞,*,*,*,*,て,テ,テ,３
い,動詞,非自立,*,*,一段,連用形,いる,イ,イ,３
た,助動詞,*,*,*,特殊・タ,基本形,た,タ,タ,３
の,名詞,非自立,一般,*,*,*,の,ノ,ノ,３
です,助動詞,*,*,*,特殊・デス,基本形,です,デス,デス,３
。,記号,句点,*,*,*,*,。,。,。,３
「,記号,括弧開,*,*,*,*,「,「,「,３
あっ,感動詞,*,*,*,*,*,あっ,アッ,アッ,３
、,記号,読点,*,*,*,*,、,、,、,３
きさま,名詞,一般,*,*,*,*,貴様,キサマ,キサマ,３
。,記号,句点,*,*,*,*,。,。,。,３
し,動詞,自立,*,*,サ変・スル,連用形,する,シ,シ,３
ょうねんたんていだんちょうの,名詞,一般,*,*,*,*,*,*,*,３
小林,名詞,固有名詞,地域,一般,*,*,小林,コバヤシ,コバヤシ,３
だ,助動詞,*,*,*,特殊・ダ,基本形,だ,ダ,ダ,３
なっ,動詞,自立,*,*,五段・ラ行,連用タ接続,なる,ナッ,ナッ,３
」,記号,括弧閉,*,*,*,*,」,」,」,３
せい,名詞,一般,*,*,*,*,せい,セイ,セイ,３
よう,名詞,接尾,一般,*,*,*,よう,ヨウ,ヨー,３
あくま,名詞,一般,*,*,*,*,あくま,アクマ,アクマ,３
が,助詞,格助詞,一般,*,*,*,が,ガ,ガ,３
、,記号,読点,*,*,*,*,、,、,、,３
ぎょっ,副詞,一般,*,*,*,*,ぎょっ,ギョッ,ギョッ,３
と,助詞,格助詞,一般,*,*,*,と,ト,ト,３
し,動詞,自立,*,*,サ変・スル,連用形,する,シ,シ,３
た,助動詞,*,*,*,特殊・タ,基本形,た,タ,タ,３
よう,名詞,非自立,助動詞語幹,*,*,*,よう,ヨウ,ヨー,３
に,助詞,副詞化,*,*,*,*,に,ニ,ニ,３
さけび,動詞,自立,*,*,五段・バ行,連用形,さけぶ,サケビ,サケビ,３
まし,助動詞,*,*,*,特殊・マス,連用形,ます,マシ,マシ,３
た,助動詞,*,*,*,特殊・タ,基本形,た,タ,タ,３
。,記号,句点,*,*,*,*,。,。,。,３
「,記号,括弧開,*,*,*,*,「,「,「,３
その,連体詞,*,*,*,*,*,その,ソノ,ソノ,３
とおり,名詞,非自立,副詞可能,*,*,*,とおり,トオリ,トーリ,３
、,記号,読点,*,*,*,*,、,、,、,３
ぼく,名詞,代名詞,一般,*,*,*,ぼく,ボク,ボク,３
は,助詞,係助詞,*,*,*,*,は,ハ,ワ,３
小林,名詞,固有名詞,人名,姓,*,*,小林,コバヤシ,コバヤシ,３
だ,助動詞,*,*,*,特殊・ダ,基本形,だ,ダ,ダ,３
よ,助詞,終助詞,*,*,*,*,よ,ヨ,ヨ,３
。,記号,句点,*,*,*,*,。,。,。,３
井上,名詞,固有名詞,人名,姓,*,*,井上,イノウエ,イノウエ,３
くん,名詞,接尾,人名,*,*,*,くん,クン,クン,３
と,助詞,格助詞,一般,*,*,*,と,ト,ト,３
ノロ,名詞,一般,*,*,*,*,ノロ,ノロ,ノロ,３
ちゃん,名詞,接尾,人名,*,*,*,ちゃん,チャン,チャン,３
が,助詞,格助詞,一般,*,*,*,が,ガ,ガ,３
、,記号,読点,*,*,*,*,、,、,、,３
て,助詞,格助詞,連語,*,*,*,て,テ,テ,３
ちょう,名詞,一般,*,*,*,*,ちょう,チョウ,チョウ,３
の,助詞,連体化,*,*,*,*,の,ノ,ノ,３
紙,名詞,一般,*,*,*,*,紙,カミ,カミ,３
に,助詞,格助詞,一般,*,*,*,に,ニ,ニ,３
手紙,名詞,一般,*,*,*,*,手紙,テガミ,テガミ,３
を,助詞,格助詞,一般,*,*,*,を,ヲ,ヲ,３
書い,動詞,自立,*,*,五段・カ行イ音便,連用タ接続,書く,カイ,カイ,３
て,助詞,接続助詞,*,*,*,*,て,テ,テ,３
、,記号,読点,*,*,*,*,、,、,、,３
Ｂ,記号,アルファベット,*,*,*,*,Ｂ,ビー,ビー,３
・,記号,一般,*,*,*,*,・,・,・,３
Ｄ,記号,アルファベット,*,*,*,*,Ｄ,ディー,ディー,３
バッジ,名詞,一般,*,*,*,*,バッジ,バッジ,バッジ,３
を,助詞,格助詞,一般,*,*,*,を,ヲ,ヲ,３
重し,名詞,一般,*,*,*,*,重し,オモシ,オモシ,３
に,助詞,格助詞,一般,*,*,*,に,ニ,ニ,３
し,動詞,自立,*,*,サ変・スル,連用形,する,シ,シ,３
てまど,動詞,自立,*,*,五段・ラ行,体言接続特殊２,てまどる,テマド,テマド,３
から,助詞,接続助詞,*,*,*,*,から,カラ,カラ,３
投げ,動詞,自立,*,*,一段,連用形,投げる,ナゲ,ナゲ,３
た,助動詞,*,*,*,特殊・タ,基本形,た,タ,タ,３
の,名詞,非自立,一般,*,*,*,の,ノ,ノ,３
を,助詞,格助詞,一般,*,*,*,を,ヲ,ヲ,３
、,記号,読点,*,*,*,*,、,、,、,３
きんじょ,名詞,一般,*,*,*,*,近所,キンジョ,キンジョ,３
の,助詞,連体化,*,*,*,*,の,ノ,ノ,３
子ども,名詞,一般,*,*,*,*,子ども,コドモ,コドモ,３
が,助詞,格助詞,一般,*,*,*,が,ガ,ガ,３
ひろっ,動詞,自立,*,*,五段・ワ行促音便,連用タ接続,ひろう,ヒロッ,ヒロッ,３
て,助詞,接続助詞,*,*,*,*,て,テ,テ,３
、,記号,読点,*,*,*,*,、,、,、,３
ぼく,名詞,代名詞,一般,*,*,*,ぼく,ボク,ボク,３
に,助詞,格助詞,一般,*,*,*,に,ニ,ニ,３
とどけ,動詞,自立,*,*,一段,連用形,とどける,トドケ,トドケ,３
て,助詞,接続助詞,*,*,*,*,て,テ,テ,３
くれ,動詞,非自立,*,*,一段・クレル,連用形,くれる,クレ,クレ,３
た,助動詞,*,*,*,特殊・タ,基本形,た,タ,タ,３
ん,名詞,非自立,一般,*,*,*,ん,ン,ン,３
だ,助動詞,*,*,*,特殊・ダ,基本形,だ,ダ,ダ,３
。,記号,句点,*,*,*,*,。,。,。,３
それで,接続詞,*,*,*,*,*,それで,ソレデ,ソレデ,３
ぼく,名詞,代名詞,一般,*,*,*,ぼく,ボク,ボク,３
は,助詞,係助詞,*,*,*,*,は,ハ,ワ,３
、,記号,読点,*,*,*,*,、,、,、,３
さっき,名詞,副詞可能,*,*,*,*,さっき,サッキ,サッキ,３
から,助詞,格助詞,一般,*,*,*,から,カラ,カラ,３
、,記号,読点,*,*,*,*,、,、,、,３
この,連体詞,*,*,*,*,*,この,コノ,コノ,３
まほう,名詞,一般,*,*,*,*,魔法,マホウ,マホー,３
や,助詞,並立助詞,*,*,*,*,や,ヤ,ヤ,３
しき,名詞,一般,*,*,*,*,しき,シキ,シキ,３
に,助詞,格助詞,一般,*,*,*,に,ニ,ニ,３
しのびこん,動詞,自立,*,*,五段・マ行,連用タ接続,しのびこむ,シノビコン,シノビコン,３
で,助詞,接続助詞,*,*,*,*,で,デ,デ,３
い,動詞,非自立,*,*,一段,連用形,いる,イ,イ,３
た,助動詞,*,*,*,特殊・タ,基本形,た,タ,タ,３
ん,名詞,非自立,一般,*,*,*,ん,ン,ン,３
だ,助動詞,*,*,*,特殊・ダ,基本形,だ,ダ,ダ,３
よ,助詞,終助詞,*,*,*,*,よ,ヨ,ヨ,３
。,記号,句点,*,*,*,*,。,。,。,３
さすが,副詞,一般,*,*,*,*,さすが,サスガ,サスガ,３
の,助詞,連体化,*,*,*,*,の,ノ,ノ,３
まほう,名詞,一般,*,*,*,*,魔法,マホウ,マホー,３
はかせ,名詞,一般,*,*,*,*,はかせ,ハカセ,ハカセ,３
も,助詞,係助詞,*,*,*,*,も,モ,モ,３
、,記号,読点,*,*,*,*,、,、,、,３
ゆだん,名詞,サ変接続,*,*,*,*,油断,ユダン,ユダン,３
を,助詞,格助詞,一般,*,*,*,を,ヲ,ヲ,３
し,動詞,自立,*,*,サ変・スル,連用形,する,シ,シ,３
た,助動詞,*,*,*,特殊・タ,基本形,た,タ,タ,３
もの,名詞,非自立,一般,*,*,*,もの,モノ,モノ,３
だ,助動詞,*,*,*,特殊・ダ,基本形,だ,ダ,ダ,３
ね,助詞,終助詞,*,*,*,*,ね,ネ,ネ,３
」,記号,括弧閉,*,*,*,*,」,」,」,３
「,記号,括弧開,*,*,*,*,「,「,「,３
えっ,感動詞,*,*,*,*,*,えっ,エッ,エッ,３
、,記号,読点,*,*,*,*,、,、,、,３
まほう,名詞,一般,*,*,*,*,魔法,マホウ,マホー,３
はかせ,名詞,一般,*,*,*,*,はかせ,ハカセ,ハカセ,３
だって,助詞,副助詞,*,*,*,*,だって,ダッテ,ダッテ,３
」,記号,括弧閉,*,*,*,*,」,」,」,３
「,記号,括弧開,*,*,*,*,「,「,「,３
そう,副詞,助詞類接続,*,*,*,*,そう,ソウ,ソー,３
さ,助詞,終助詞,*,*,*,*,さ,サ,サ,３
。,記号,句点,*,*,*,*,。,。,。,３
きみ,名詞,代名詞,一般,*,*,*,きみ,キミ,キミ,３
は,助詞,係助詞,*,*,*,*,は,ハ,ワ,３
、,記号,読点,*,*,*,*,、,、,、,３
そんな,連体詞,*,*,*,*,*,そんな,ソンナ,ソンナ,３
せい,名詞,一般,*,*,*,*,せい,セイ,セイ,３
よう,名詞,接尾,一般,*,*,*,よう,ヨウ,ヨー,３
あくま,名詞,一般,*,*,*,*,あくま,アクマ,アクマ,３
に,助詞,格助詞,一般,*,*,*,に,ニ,ニ,３
ばけ,動詞,自立,*,*,一段,連用形,ばける,バケ,バケ,３
て,助詞,接続助詞,*,*,*,*,て,テ,テ,３
いる,動詞,非自立,*,*,一段,基本形,いる,イル,イル,３
けれども,助詞,接続助詞,*,*,*,*,けれども,ケレドモ,ケレドモ,３
、,記号,読点,*,*,*,*,、,、,、,３
ちゃんと,副詞,一般,*,*,*,*,ちゃんと,チャント,チャント,３
わかっ,動詞,自立,*,*,五段・ラ行,連用タ接続,わかる,ワカッ,ワカッ,３
て,助詞,接続助詞,*,*,*,*,て,テ,テ,３
いる,動詞,非自立,*,*,一段,基本形,いる,イル,イル,３
。,記号,句点,*,*,*,*,。,。,。,３
『,記号,括弧開,*,*,*,*,『,『,『,３
おうごん,名詞,一般,*,*,*,*,黄金,オウゴン,オーゴン,３
の,助詞,連体化,*,*,*,*,の,ノ,ノ,３
とら,名詞,一般,*,*,*,*,とら,トラ,トラ,３
』,記号,括弧閉,*,*,*,*,』,』,』,３
の,助詞,連体化,*,*,*,*,の,ノ,ノ,３
じけん,名詞,一般,*,*,*,*,事件,ジケン,ジケン,３
で,助詞,格助詞,一般,*,*,*,で,デ,デ,３
、,記号,読点,*,*,*,*,、,、,、,３
ぼく,名詞,代名詞,一般,*,*,*,ぼく,ボク,ボク,３
たち,動詞,自立,*,*,五段・タ行,連用形,たつ,タチ,タチ,３
し,助動詞,*,*,*,文語・キ,体言接続,き,シ,シ,３
ょうねんたんていだんに,名詞,一般,*,*,*,*,*,*,*,３
負け,動詞,自立,*,*,一段,連用形,負ける,マケ,マケ,３
た,助動詞,*,*,*,特殊・タ,基本形,た,タ,タ,３
、,記号,読点,*,*,*,*,、,、,、,３
あの,連体詞,*,*,*,*,*,あの,アノ,アノ,３
まほう,名詞,一般,*,*,*,*,魔法,マホウ,マホー,３
はかせ,名詞,一般,*,*,*,*,はかせ,ハカセ,ハカセ,３
だ,助動詞,*,*,*,特殊・ダ,基本形,だ,ダ,ダ,３
。,記号,句点,*,*,*,*,。,。,。,３
こんど,名詞,副詞可能,*,*,*,*,こんど,コンド,コンド,３
は,助詞,係助詞,*,*,*,*,は,ハ,ワ,３
、,記号,読点,*,*,*,*,、,、,、,３
あの,連体詞,*,*,*,*,*,あの,アノ,アノ,３
とき,名詞,非自立,副詞可能,*,*,*,とき,トキ,トキ,３
の,助詞,連体化,*,*,*,*,の,ノ,ノ,３
しかえし,名詞,サ変接続,*,*,*,*,仕返し,シカエシ,シカエシ,３
を,助詞,格助詞,一般,*,*,*,を,ヲ,ヲ,３
しよう,名詞,一般,*,*,*,*,しよう,シヨウ,シヨー,３
と,助詞,格助詞,一般,*,*,*,と,ト,ト,３
し,動詞,自立,*,*,サ変・スル,連用形,する,シ,シ,３
た,助動詞,*,*,*,特殊・タ,基本形,た,タ,タ,３
ん,名詞,非自立,一般,*,*,*,ん,ン,ン,３
だろ,助動詞,*,*,*,特殊・ダ,未然形,だ,ダロ,ダロ,３
う,助動詞,*,*,*,不変化型,基本形,う,ウ,ウ,３
。,記号,句点,*,*,*,*,。,。,。,３
だが,接続詞,*,*,*,*,*,だが,ダガ,ダガ,３
、,記号,読点,*,*,*,*,、,、,、,３
ぼく,名詞,代名詞,一般,*,*,*,ぼく,ボク,ボク,３
が,助詞,格助詞,一般,*,*,*,が,ガ,ガ,３
来,動詞,自立,*,*,カ変・来ル,連用形,来る,キ,キ,３
たら,助動詞,*,*,*,特殊・タ,仮定形,た,タラ,タラ,３
、,記号,読点,*,*,*,*,、,、,、,３
もう,副詞,一般,*,*,*,*,もう,モウ,モー,３
だめ,名詞,形容動詞語幹,*,*,*,*,だめ,ダメ,ダメ,３
だ,助動詞,*,*,*,特殊・ダ,基本形,だ,ダ,ダ,３
よ,助詞,終助詞,*,*,*,*,よ,ヨ,ヨ,３
。,記号,句点,*,*,*,*,。,。,。,３
ちょっと,副詞,助詞類接続,*,*,*,*,ちょっと,チョット,チョット,３
、,記号,読点,*,*,*,*,、,、,、,３
その,連体詞,*,*,*,*,*,その,ソノ,ソノ,３
まどか,名詞,固有名詞,人名,名,*,*,まどか,マドカ,マドカ,３
ら,名詞,接尾,一般,*,*,*,ら,ラ,ラ,３
下,名詞,接尾,一般,*,*,*,下,カ,カ,３
を,助詞,格助詞,一般,*,*,*,を,ヲ,ヲ,３
のぞい,動詞,自立,*,*,五段・カ行イ音便,連用タ接続,のぞく,ノゾイ,ノゾイ,３
て,助詞,接続助詞,*,*,*,*,て,テ,テ,３
ごらん,名詞,動詞非自立的,*,*,*,*,ごらん,ゴラン,ゴラン,３
」,記号,括弧閉,*,*,*,*,」,」,」,３
そう,副詞,助詞類接続,*,*,*,*,そう,ソウ,ソー,３
いわ,動詞,自立,*,*,五段・ワ行促音便,未然形,いう,イワ,イワ,３
れ,動詞,接尾,*,*,一段,連用形,れる,レ,レ,３
て,助詞,接続助詞,*,*,*,*,て,テ,テ,３
、,記号,読点,*,*,*,*,、,、,、,３
せい,名詞,一般,*,*,*,*,せい,セイ,セイ,３
よう,名詞,接尾,一般,*,*,*,よう,ヨウ,ヨー,３
あくま,名詞,一般,*,*,*,*,あくま,アクマ,アクマ,３
の,助詞,連体化,*,*,*,*,の,ノ,ノ,３
まほう,名詞,一般,*,*,*,*,魔法,マホウ,マホー,３
はかせ,名詞,一般,*,*,*,*,はかせ,ハカセ,ハカセ,３
は,助詞,係助詞,*,*,*,*,は,ハ,ワ,３
、,記号,読点,*,*,*,*,、,、,、,３
思わず,副詞,助詞類接続,*,*,*,*,思わず,オモワズ,オモワズ,３
ま,フィラー,*,*,*,*,*,ま,マ,マ,３
どの,連体詞,*,*,*,*,*,どの,ドノ,ドノ,３
外,名詞,一般,*,*,*,*,外,ソト,ソト,３
を,助詞,格助詞,一般,*,*,*,を,ヲ,ヲ,３
のぞい,動詞,自立,*,*,五段・カ行イ音便,連用タ接続,のぞく,ノゾイ,ノゾイ,３
た,助動詞,*,*,*,特殊・タ,基本形,た,タ,タ,３
か,助詞,副助詞／並立助詞／終助詞,*,*,*,*,か,カ,カ,３
と,助詞,格助詞,引用,*,*,*,と,ト,ト,３
思う,動詞,自立,*,*,五段・ワ行促音便,基本形,思う,オモウ,オモウ,３
と,助詞,接続助詞,*,*,*,*,と,ト,ト,３
、,記号,読点,*,*,*,*,、,、,、,３
あっ,動詞,自立,*,*,五段・ラ行,連用タ接続,ある,アッ,アッ,３
と,助詞,格助詞,引用,*,*,*,と,ト,ト,３
いっ,動詞,自立,*,*,五段・ワ行促音便,連用タ接続,いう,イッ,イッ,３
て,助詞,接続助詞,*,*,*,*,て,テ,テ,３
たちすくん,動詞,自立,*,*,五段・マ行,連用タ接続,たちすくむ,タチスクン,タチスクン,３
で,助詞,接続助詞,*,*,*,*,で,デ,デ,３
しまい,動詞,非自立,*,*,五段・ワ行促音便,連用形,しまう,シマイ,シマイ,３
まし,助動詞,*,*,*,特殊・マス,連用形,ます,マシ,マシ,３
た,助動詞,*,*,*,特殊・タ,基本形,た,タ,タ,３
。,記号,句点,*,*,*,*,。,。,。,３
二,名詞,数,*,*,*,*,二,ニ,ニ,３
十,名詞,数,*,*,*,*,十,ジュウ,ジュー,３
人,名詞,接尾,助数詞,*,*,*,人,ニン,ニン,３
近く,名詞,副詞可能,*,*,*,*,近く,チカク,チカク,３
の,助詞,連体化,*,*,*,*,の,ノ,ノ,３
し,動詞,自立,*,*,サ変・スル,連用形,する,シ,シ,３
ょうねんたんていだんいんたちが,名詞,一般,*,*,*,*,*,*,*,３
、,記号,読点,*,*,*,*,、,、,、,３
まほう,名詞,一般,*,*,*,*,魔法,マホウ,マホー,３
や,助詞,並立助詞,*,*,*,*,や,ヤ,ヤ,３
しき,名詞,一般,*,*,*,*,しき,シキ,シキ,３
の,助詞,格助詞,一般,*,*,*,の,ノ,ノ,３
へい,動詞,自立,*,*,五段・ガ行,連用タ接続,へぐ,ヘイ,ヘイ,３
の,助詞,連体化,*,*,*,*,の,ノ,ノ,３
外,名詞,一般,*,*,*,*,外,ソト,ソト,３
を,助詞,格助詞,一般,*,*,*,を,ヲ,ヲ,３
ぐるっと,副詞,一般,*,*,*,*,ぐるっと,グルット,グルット,３
とりまい,動詞,自立,*,*,五段・カ行イ音便,連用タ接続,とりまく,トリマイ,トリマイ,３
て,助詞,接続助詞,*,*,*,*,て,テ,テ,３
い,動詞,非自立,*,*,一段,連用形,いる,イ,イ,３
た,助動詞,*,*,*,特殊・タ,基本形,た,タ,タ,３
から,助詞,接続助詞,*,*,*,*,から,カラ,カラ,３
です,助動詞,*,*,*,特殊・デス,基本形,です,デス,デス,３
。,記号,句点,*,*,*,*,。,。,。,３
「,記号,括弧開,*,*,*,*,「,「,「,３
きみ,名詞,代名詞,一般,*,*,*,きみ,キミ,キミ,３
が,助詞,格助詞,一般,*,*,*,が,ガ,ガ,３
、,記号,読点,*,*,*,*,、,、,、,３
井上,名詞,固有名詞,人名,姓,*,*,井上,イノウエ,イノウエ,３
くん,名詞,接尾,人名,*,*,*,くん,クン,クン,３
たち,名詞,接尾,一般,*,*,*,たち,タチ,タチ,３
を,助詞,格助詞,一般,*,*,*,を,ヲ,ヲ,３
かえさ,動詞,自立,*,*,五段・サ行,未然形,かえす,カエサ,カエサ,３
なけれ,助動詞,*,*,*,特殊・ナイ,仮定形,ない,ナケレ,ナケレ,３
ば,助詞,接続助詞,*,*,*,*,ば,バ,バ,３
、,記号,読点,*,*,*,*,、,、,、,３
あの,連体詞,*,*,*,*,*,あの,アノ,アノ,３
中,名詞,非自立,副詞可能,*,*,*,中,ナカ,ナカ,３
の,助詞,連体化,*,*,*,*,の,ノ,ノ,３
ひとり,名詞,一般,*,*,*,*,ひとり,ヒトリ,ヒトリ,３
が,助詞,格助詞,一般,*,*,*,が,ガ,ガ,３
、,記号,読点,*,*,*,*,、,、,、,３
すぐ,副詞,助詞類接続,*,*,*,*,すぐ,スグ,スグ,３
明智,名詞,一般,*,*,*,*,明智,メイチ,メイチ,３
先生,名詞,一般,*,*,*,*,先生,センセイ,センセイ,３
と,助詞,並立助詞,*,*,*,*,と,ト,ト,３
けいさつ,名詞,一般,*,*,*,*,警察,ケイサツ,ケイサツ,３
へ,助詞,格助詞,一般,*,*,*,へ,ヘ,エ,３
知らせる,動詞,自立,*,*,一段,基本形,知らせる,シラセル,シラセル,３
の,名詞,非自立,一般,*,*,*,の,ノ,ノ,３
だ,助動詞,*,*,*,特殊・ダ,基本形,だ,ダ,ダ,３
よ,助詞,終助詞,*,*,*,*,よ,ヨ,ヨ,３
」,記号,括弧閉,*,*,*,*,」,」,」,３
「,記号,括弧開,*,*,*,*,「,「,「,３
負け,動詞,自立,*,*,一段,連用形,負ける,マケ,マケ,３
た,助動詞,*,*,*,特殊・タ,基本形,た,タ,タ,３
。,記号,句点,*,*,*,*,。,。,。,３
わし,名詞,一般,*,*,*,*,わし,ワシ,ワシ,３
の,助詞,連体化,*,*,*,*,の,ノ,ノ,３
負け,名詞,一般,*,*,*,*,負け,マケ,マケ,３
だ,助動詞,*,*,*,特殊・ダ,基本形,だ,ダ,ダ,３
よ,助詞,終助詞,*,*,*,*,よ,ヨ,ヨ,３
。,記号,句点,*,*,*,*,。,。,。,３
きみの,名詞,固有名詞,人名,名,*,*,きみの,キミノ,キミノ,３
いう,動詞,自立,*,*,五段・ワ行促音便,基本形,いう,イウ,イウ,３
と,助詞,接続助詞,*,*,*,*,と,ト,ト,３
おり,動詞,非自立,*,*,五段・ラ行,連用形,おる,オリ,オリ,３
、,記号,読点,*,*,*,*,、,、,、,３
ちょっと,副詞,助詞類接続,*,*,*,*,ちょっと,チョット,チョット,３
しかえし,名詞,サ変接続,*,*,*,*,仕返し,シカエシ,シカエシ,３
を,助詞,格助詞,一般,*,*,*,を,ヲ,ヲ,３
してやろ,動詞,自立,*,*,五段・ラ行,未然ウ接続,してやる,シテヤロ,シテヤロ,３
う,助動詞,*,*,*,不変化型,基本形,う,ウ,ウ,３
と,助詞,格助詞,引用,*,*,*,と,ト,ト,３
思っ,動詞,自立,*,*,五段・ワ行促音便,連用タ接続,思う,オモッ,オモッ,３
た,助動詞,*,*,*,特殊・タ,基本形,た,タ,タ,３
の,名詞,非自立,一般,*,*,*,の,ノ,ノ,３
だ,助動詞,*,*,*,特殊・ダ,基本形,だ,ダ,ダ,３
が,助詞,接続助詞,*,*,*,*,が,ガ,ガ,３
、,記号,読点,*,*,*,*,、,、,、,３
きみ,名詞,代名詞,一般,*,*,*,きみ,キミ,キミ,３
に,助詞,格助詞,一般,*,*,*,に,ニ,ニ,３
かかっ,動詞,自立,*,*,五段・ラ行,連用タ接続,かかる,カカッ,カカッ,３
て,助詞,接続助詞,*,*,*,*,て,テ,テ,３
は,助詞,係助詞,*,*,*,*,は,ハ,ワ,３
かなわ,動詞,自立,*,*,五段・ワ行促音便,未然形,かなう,カナワ,カナワ,３
ない,助動詞,*,*,*,特殊・ナイ,基本形,ない,ナイ,ナイ,３
。,記号,句点,*,*,*,*,。,。,。,３
Ｂ,記号,アルファベット,*,*,*,*,Ｂ,ビー,ビー,３
・,記号,一般,*,*,*,*,・,・,・,３
Ｄ,記号,アルファベット,*,*,*,*,Ｄ,ディー,ディー,３
バッジ,名詞,一般,*,*,*,*,バッジ,バッジ,バッジ,３
の,助詞,連体化,*,*,*,*,の,ノ,ノ,３
つうしん,名詞,一般,*,*,*,*,つうしん,ツウシン,ツーシン,３
と,助詞,格助詞,一般,*,*,*,と,ト,ト,３
は,助詞,係助詞,*,*,*,*,は,ハ,ワ,３
、,記号,読点,*,*,*,*,、,、,、,３
気,名詞,一般,*,*,*,*,気,キ,キ,３
が,助詞,格助詞,一般,*,*,*,が,ガ,ガ,３
つか,動詞,自立,*,*,五段・カ行イ音便,未然形,つく,ツカ,ツカ,３
なかっ,助動詞,*,*,*,特殊・ナイ,連用タ接続,ない,ナカッ,ナカッ,３
た,助動詞,*,*,*,特殊・タ,基本形,た,タ,タ,３
。,記号,句点,*,*,*,*,。,。,。,３
こんど,名詞,副詞可能,*,*,*,*,こんど,コンド,コンド,３
も,助詞,係助詞,*,*,*,*,も,モ,モ,３
か,助詞,副助詞／並立助詞／終助詞,*,*,*,*,か,カ,カ,３
ぶと,名詞,一般,*,*,*,*,ぶと,ブト,ブト,３
を,助詞,格助詞,一般,*,*,*,を,ヲ,ヲ,３
ぬい,動詞,自立,*,*,五段・カ行イ音便,連用タ接続,ぬく,ヌイ,ヌイ,３
だ,助動詞,*,*,*,特殊・タ,基本形,だ,ダ,ダ,３
よ,助詞,終助詞,*,*,*,*,よ,ヨ,ヨ,３
」,記号,括弧閉,*,*,*,*,」,」,」,３
まほう,名詞,一般,*,*,*,*,魔法,マホウ,マホー,３
はかせ,名詞,一般,*,*,*,*,はかせ,ハカセ,ハカセ,３
は,助詞,係助詞,*,*,*,*,は,ハ,ワ,３
、,記号,読点,*,*,*,*,、,、,、,３
ざんねん,名詞,形容動詞語幹,*,*,*,*,残念,ザンネン,ザンネン,３
そう,名詞,接尾,助動詞語幹,*,*,*,そう,ソウ,ソー,３
に,助詞,副詞化,*,*,*,*,に,ニ,ニ,３
にがわらい,名詞,固有名詞,一般,*,*,*,にがわらい,ニガワライ,ニガワライ,３
を,助詞,格助詞,一般,*,*,*,を,ヲ,ヲ,３
する,動詞,自立,*,*,サ変・スル,基本形,する,スル,スル,３
の,名詞,非自立,一般,*,*,*,の,ノ,ノ,３
でし,助動詞,*,*,*,特殊・デス,連用形,です,デシ,デシ,３
た,助動詞,*,*,*,特殊・タ,基本形,た,タ,タ,３
。,記号,句点,*,*,*,*,。,。,。,３
その,連体詞,*,*,*,*,*,その,ソノ,ソノ,３
あと,名詞,一般,*,*,*,*,あと,アト,アト,３
で,助詞,格助詞,一般,*,*,*,で,デ,デ,３
井上,名詞,固有名詞,人名,姓,*,*,井上,イノウエ,イノウエ,３
くん,名詞,接尾,人名,*,*,*,くん,クン,クン,３
や,助詞,並立助詞,*,*,*,*,や,ヤ,ヤ,３
ノロ,名詞,一般,*,*,*,*,ノロ,ノロ,ノロ,３
ちゃん,名詞,接尾,人名,*,*,*,ちゃん,チャン,チャン,３
の,助詞,連体化,*,*,*,*,の,ノ,ノ,３
話,名詞,サ変接続,*,*,*,*,話,ハナシ,ハナシ,３
を,助詞,格助詞,一般,*,*,*,を,ヲ,ヲ,３
聞い,動詞,自立,*,*,五段・カ行イ音便,連用タ接続,聞く,キイ,キイ,３
て,助詞,接続助詞,*,*,*,*,て,テ,テ,３
、,記号,読点,*,*,*,*,、,、,、,３
小林,名詞,固有名詞,人名,姓,*,*,小林,コバヤシ,コバヤシ,３
しょうね,名詞,一般,*,*,*,*,性根,ショウネ,ショーネ,３
ん,名詞,非自立,一般,*,*,*,ん,ン,ン,３
は,助詞,係助詞,*,*,*,*,は,ハ,ワ,３
、,記号,読点,*,*,*,*,、,、,、,３
まほう,名詞,一般,*,*,*,*,魔法,マホウ,マホー,３
や,助詞,並立助詞,*,*,*,*,や,ヤ,ヤ,３
しき,名詞,一般,*,*,*,*,しき,シキ,シキ,３
の,助詞,連体化,*,*,*,*,の,ノ,ノ,３
ひみつ,名詞,形容動詞語幹,*,*,*,*,秘密,ヒミツ,ヒミツ,３
を,助詞,格助詞,一般,*,*,*,を,ヲ,ヲ,３
みごと,名詞,形容動詞語幹,*,*,*,*,みごと,ミゴト,ミゴト,３
に,助詞,副詞化,*,*,*,*,に,ニ,ニ,３
ときあかし,動詞,自立,*,*,五段・サ行,連用形,ときあかす,トキアカシ,トキアカシ,３
まし,助動詞,*,*,*,特殊・マス,連用形,ます,マシ,マシ,３
た,助動詞,*,*,*,特殊・タ,基本形,た,タ,タ,３
。,記号,句点,*,*,*,*,。,。,。,３
「,記号,括弧開,*,*,*,*,「,「,「,３
この,連体詞,*,*,*,*,*,この,コノ,コノ,３
家,名詞,一般,*,*,*,*,家,イエ,イエ,３
の,助詞,連体化,*,*,*,*,の,ノ,ノ,３
入口,名詞,一般,*,*,*,*,入口,イリグチ,イリグチ,３
を,助詞,格助詞,一般,*,*,*,を,ヲ,ヲ,３
はいっ,動詞,自立,*,*,五段・ラ行,連用タ接続,はいる,ハイッ,ハイッ,３
た,助動詞,*,*,*,特殊・タ,基本形,た,タ,タ,３
とき,名詞,非自立,副詞可能,*,*,*,とき,トキ,トキ,３
、,記号,読点,*,*,*,*,、,、,、,３
ちんどん屋,名詞,一般,*,*,*,*,ちんどん屋,チンドンヤ,チンドンヤ,３
の,助詞,連体化,*,*,*,*,の,ノ,ノ,３
す,接頭詞,名詞接続,*,*,*,*,す,ス,ス,３
がた,名詞,一般,*,*,*,*,がた,ガタ,ガタ,３
が,助詞,格助詞,一般,*,*,*,が,ガ,ガ,３
ぼうっと,副詞,一般,*,*,*,*,ぼうっと,ボウット,ボーット,３
きえ,動詞,自立,*,*,一段,連用形,きえる,キエ,キエ,３
て,助詞,接続助詞,*,*,*,*,て,テ,テ,３
いっ,動詞,非自立,*,*,五段・カ行促音便,連用タ接続,いく,イッ,イッ,３
て,助詞,接続助詞,*,*,*,*,て,テ,テ,３
、,記号,読点,*,*,*,*,、,、,、,３
せい,名詞,一般,*,*,*,*,せい,セイ,セイ,３
よう,名詞,接尾,一般,*,*,*,よう,ヨウ,ヨー,３
あくま,名詞,一般,*,*,*,*,あくま,アクマ,アクマ,３
が,助詞,格助詞,一般,*,*,*,が,ガ,ガ,３
あらわれ,動詞,自立,*,*,一段,連用形,あらわれる,アラワレ,アラワレ,３
、,記号,読点,*,*,*,*,、,、,、,３
それ,名詞,代名詞,一般,*,*,*,それ,ソレ,ソレ,３
がく,名詞,一般,*,*,*,*,がく,ガク,ガク,３
びばかりになったのは,名詞,一般,*,*,*,*,*,*,*,３
、,記号,読点,*,*,*,*,、,、,、,３
一,名詞,数,*,*,*,*,一,イチ,イチ,３
まい,助動詞,*,*,*,不変化型,基本形,まい,マイ,マイ,３
ガラス,名詞,一般,*,*,*,*,ガラス,ガラス,ガラス,３
の,助詞,連体化,*,*,*,*,の,ノ,ノ,３
ドア,名詞,一般,*,*,*,*,ドア,ドア,ドア,３
を,助詞,格助詞,一般,*,*,*,を,ヲ,ヲ,３
かがみ,動詞,自立,*,*,五段・マ行,連用形,かがむ,カガミ,カガミ,３
に,助詞,格助詞,一般,*,*,*,に,ニ,ニ,３
使っ,動詞,自立,*,*,五段・ワ行促音便,連用タ接続,使う,ツカッ,ツカッ,３
た,助動詞,*,*,*,特殊・タ,基本形,た,タ,タ,３
きじゅ,名詞,一般,*,*,*,*,喜寿,キジュ,キジュ,３
つ,助動詞,*,*,*,下二・タ行,基本形,つ,ツ,ツ,３
だ,助動詞,*,*,*,特殊・ダ,基本形,だ,ダ,ダ,３
よ,助詞,終助詞,*,*,*,*,よ,ヨ,ヨ,３
。,記号,句点,*,*,*,*,。,。,。,３
ちんどん屋,名詞,一般,*,*,*,*,ちんどん屋,チンドンヤ,チンドンヤ,３
は,助詞,係助詞,*,*,*,*,は,ハ,ワ,３
、,記号,読点,*,*,*,*,、,、,、,３
きみ,名詞,代名詞,一般,*,*,*,きみ,キミ,キミ,３
のぶ,名詞,固有名詞,人名,名,*,*,のぶ,ノブ,ノブ,３
か,助詞,副助詞／並立助詞／終助詞,*,*,*,*,か,カ,カ,３
だっ,助動詞,*,*,*,特殊・ダ,連用タ接続,だ,ダッ,ダッ,３
た,助動詞,*,*,*,特殊・タ,基本形,た,タ,タ,３
ね,助詞,終助詞,*,*,*,*,ね,ネ,ネ,３
。,記号,句点,*,*,*,*,。,。,。,３
まず,副詞,一般,*,*,*,*,まず,マズ,マズ,３
、,記号,読点,*,*,*,*,、,、,、,３
ちんどん屋,名詞,一般,*,*,*,*,ちんどん屋,チンドンヤ,チンドンヤ,３
が,助詞,格助詞,一般,*,*,*,が,ガ,ガ,３
、,記号,読点,*,*,*,*,、,、,、,３
ガラス,名詞,一般,*,*,*,*,ガラス,ガラス,ガラス,３
ドア,名詞,一般,*,*,*,*,ドア,ドア,ドア,３
の,助詞,連体化,*,*,*,*,の,ノ,ノ,３
むこう,名詞,形容動詞語幹,*,*,*,*,無効,ムコウ,ムコー,３
に,助詞,副詞化,*,*,*,*,に,ニ,ニ,３
たっ,動詞,自立,*,*,五段・タ行,連用タ接続,たつ,タッ,タッ,３
て,助詞,接続助詞,*,*,*,*,て,テ,テ,３
す,接頭詞,名詞接続,*,*,*,*,す,ス,ス,３
がた,名詞,一般,*,*,*,*,がた,ガタ,ガタ,３
を,助詞,格助詞,一般,*,*,*,を,ヲ,ヲ,３
見せ,動詞,自立,*,*,一段,連用形,見せる,ミセ,ミセ,３
て,助詞,接続助詞,*,*,*,*,て,テ,テ,３
おい,動詞,非自立,*,*,五段・カ行イ音便,連用タ接続,おく,オイ,オイ,３
て,助詞,接続助詞,*,*,*,*,て,テ,テ,３
、,記号,読点,*,*,*,*,、,、,、,３
そこ,名詞,代名詞,一般,*,*,*,そこ,ソコ,ソコ,３
の,助詞,連体化,*,*,*,*,の,ノ,ノ,３
でんと,名詞,サ変接続,*,*,*,*,電鍍,デント,デント,３
う,助動詞,*,*,*,不変化型,基本形,う,ウ,ウ,３
を,助詞,格助詞,一般,*,*,*,を,ヲ,ヲ,３
けす,動詞,自立,*,*,五段・サ行,基本形,けす,ケス,ケス,３
と,助詞,接続助詞,*,*,*,*,と,ト,ト,３
、,記号,読点,*,*,*,*,、,、,、,３
まっ暗,名詞,一般,*,*,*,*,まっ暗,マックラ,マックラ,３
に,助詞,格助詞,一般,*,*,*,に,ニ,ニ,３
なっ,動詞,自立,*,*,五段・ラ行,連用タ接続,なる,ナッ,ナッ,３
て,助詞,接続助詞,*,*,*,*,て,テ,テ,３
、,記号,読点,*,*,*,*,、,、,、,３
ちんどん屋,名詞,一般,*,*,*,*,ちんどん屋,チンドンヤ,チンドンヤ,３
は,助詞,係助詞,*,*,*,*,は,ハ,ワ,３
見え,動詞,自立,*,*,一段,未然形,見える,ミエ,ミエ,３
なく,助動詞,*,*,*,特殊・ナイ,連用テ接続,ない,ナク,ナク,３
なる,動詞,自立,*,*,五段・ラ行,基本形,なる,ナル,ナル,３
。,記号,句点,*,*,*,*,。,。,。,３
その,連体詞,*,*,*,*,*,その,ソノ,ソノ,３
とき,名詞,非自立,副詞可能,*,*,*,とき,トキ,トキ,３
、,記号,読点,*,*,*,*,、,、,、,３
てんじょう,名詞,サ変接続,*,*,*,*,てんじょう,テンジョウ,テンジョー,３
に,助詞,格助詞,一般,*,*,*,に,ニ,ニ,３
しかけ,動詞,自立,*,*,一段,連用形,しかける,シカケ,シカケ,３
た,助動詞,*,*,*,特殊・タ,基本形,た,タ,タ,３
は,助詞,係助詞,*,*,*,*,は,ハ,ワ,３
この,連体詞,*,*,*,*,*,この,コノ,コノ,３
中,名詞,非自立,副詞可能,*,*,*,中,ナカ,ナカ,３
に,助詞,格助詞,一般,*,*,*,に,ニ,ニ,３
、,記号,読点,*,*,*,*,、,、,、,３
せい,名詞,一般,*,*,*,*,せい,セイ,セイ,３
よう,名詞,接尾,一般,*,*,*,よう,ヨウ,ヨー,３
あくま,名詞,一般,*,*,*,*,あくま,アクマ,アクマ,３
の,助詞,連体化,*,*,*,*,の,ノ,ノ,３
きみ,名詞,代名詞,一般,*,*,*,きみ,キミ,キミ,３
が,助詞,格助詞,一般,*,*,*,が,ガ,ガ,３
たっ,動詞,自立,*,*,五段・タ行,連用タ接続,たつ,タッ,タッ,３
て,助詞,接続助詞,*,*,*,*,て,テ,テ,３
い,動詞,非自立,*,*,一段,連用形,いる,イ,イ,３
て,助詞,接続助詞,*,*,*,*,て,テ,テ,３
、,記号,読点,*,*,*,*,、,、,、,３
その,連体詞,*,*,*,*,*,その,ソノ,ソノ,３
は,助詞,係助詞,*,*,*,*,は,ハ,ワ,３
この,連体詞,*,*,*,*,*,この,コノ,コノ,３
でんと,名詞,サ変接続,*,*,*,*,電鍍,デント,デント,３
う,助動詞,*,*,*,不変化型,基本形,う,ウ,ウ,３
を,助詞,格助詞,一般,*,*,*,を,ヲ,ヲ,３
つける,動詞,自立,*,*,一段,基本形,つける,ツケル,ツケル,３
と,助詞,接続助詞,*,*,*,*,と,ト,ト,３
、,記号,読点,*,*,*,*,、,、,、,３
ガラス,名詞,一般,*,*,*,*,ガラス,ガラス,ガラス,３
ドア,名詞,一般,*,*,*,*,ドア,ドア,ドア,３
の,助詞,連体化,*,*,*,*,の,ノ,ノ,３
、,記号,読点,*,*,*,*,、,、,、,３
ちょうど,副詞,一般,*,*,*,*,ちょうど,チョウド,チョード,３
、,記号,読点,*,*,*,*,、,、,、,３
ちんどん屋,名詞,一般,*,*,*,*,ちんどん屋,チンドンヤ,チンドンヤ,３
の,助詞,連体化,*,*,*,*,の,ノ,ノ,３
い,動詞,自立,*,*,一段,連用形,いる,イ,イ,３
た,助動詞,*,*,*,特殊・タ,基本形,た,タ,タ,３
あたり,名詞,一般,*,*,*,*,あたり,アタリ,アタリ,３
へ,助詞,格助詞,一般,*,*,*,へ,ヘ,エ,３
、,記号,読点,*,*,*,*,、,、,、,３
す,接頭詞,名詞接続,*,*,*,*,す,ス,ス,３
がた,名詞,一般,*,*,*,*,がた,ガタ,ガタ,３
が,助詞,格助詞,一般,*,*,*,が,ガ,ガ,３
うつる,動詞,自立,*,*,五段・ラ行,基本形,うつる,ウツル,ウツル,３
の,名詞,非自立,一般,*,*,*,の,ノ,ノ,３
だ,助動詞,*,*,*,特殊・ダ,基本形,だ,ダ,ダ,３
よ,助詞,終助詞,*,*,*,*,よ,ヨ,ヨ,３
。,記号,句点,*,*,*,*,。,。,。,３
それから,接続詞,*,*,*,*,*,それから,ソレカラ,ソレカラ,３
、,記号,読点,*,*,*,*,、,、,、,３
く,形容詞,自立,*,*,形容詞・アウオ段,ガル接続,くい,ク,ク,３
びばかりになったのは,名詞,固有名詞,一般,*,*,*,*,*,*,３
、,記号,読点,*,*,*,*,、,、,、,３
でん,副詞,助詞類接続,*,*,*,*,でん,デン,デン,３
とう,副詞,助詞類接続,*,*,*,*,とう,トウ,トウ,３
を,助詞,格助詞,一般,*,*,*,を,ヲ,ヲ,３
動かし,動詞,自立,*,*,五段・サ行,連用形,動かす,ウゴカシ,ウゴカシ,３
て,助詞,接続助詞,*,*,*,*,て,テ,テ,３
、,記号,読点,*,*,*,*,、,、,、,３
かお,名詞,一般,*,*,*,*,かお,カオ,カオ,３
だけ,助詞,副助詞,*,*,*,*,だけ,ダケ,ダケ,３
に,助詞,格助詞,一般,*,*,*,に,ニ,ニ,３
あてる,動詞,自立,*,*,一段,基本形,あてる,アテル,アテル,３
よう,名詞,非自立,助動詞語幹,*,*,*,よう,ヨウ,ヨー,３
に,助詞,副詞化,*,*,*,*,に,ニ,ニ,３
すれ,動詞,自立,*,*,サ変・スル,仮定形,する,スレ,スレ,３
ば,助詞,接続助詞,*,*,*,*,ば,バ,バ,３
、,記号,読点,*,*,*,*,、,、,、,３
むね,名詞,一般,*,*,*,*,むね,ムネ,ムネ,３
から,助詞,格助詞,一般,*,*,*,から,カラ,カラ,３
下,名詞,一般,*,*,*,*,下,シタ,シタ,３
は,助詞,係助詞,*,*,*,*,は,ハ,ワ,３
暗く,形容詞,自立,*,*,形容詞・アウオ段,連用テ接続,暗い,クラク,クラク,３
なっ,動詞,自立,*,*,五段・ラ行,連用タ接続,なる,ナッ,ナッ,３
て,助詞,接続助詞,*,*,*,*,て,テ,テ,３
、,記号,読点,*,*,*,*,、,、,、,３
ガラス,名詞,一般,*,*,*,*,ガラス,ガラス,ガラス,３
に,助詞,格助詞,一般,*,*,*,に,ニ,ニ,３
うつら,動詞,自立,*,*,五段・ラ行,未然形,うつる,ウツラ,ウツラ,３
なく,助動詞,*,*,*,特殊・ナイ,連用テ接続,ない,ナク,ナク,３
なる,動詞,自立,*,*,五段・ラ行,基本形,なる,ナル,ナル,３
の,名詞,非自立,一般,*,*,*,の,ノ,ノ,３
さ,助詞,終助詞,*,*,*,*,さ,サ,サ,３
。,記号,句点,*,*,*,*,。,。,。,３
もう,副詞,一般,*,*,*,*,もう,モウ,モー,３
一つ,名詞,一般,*,*,*,*,一つ,ヒトツ,ヒトツ,３
の,助詞,連体化,*,*,*,*,の,ノ,ノ,３
、,記号,読点,*,*,*,*,、,、,、,３
へや,名詞,一般,*,*,*,*,へや,ヘヤ,ヘヤ,３
が,助詞,格助詞,一般,*,*,*,が,ガ,ガ,３
ぐるぐる,副詞,一般,*,*,*,*,ぐるぐる,グルグル,グルグル,３
まわっ,動詞,自立,*,*,五段・ラ行,連用タ接続,まわる,マワッ,マワッ,３
た,助動詞,*,*,*,特殊・タ,基本形,た,タ,タ,３
の,名詞,非自立,一般,*,*,*,の,ノ,ノ,３
は,助詞,係助詞,*,*,*,*,は,ハ,ワ,３
、,記号,読点,*,*,*,*,、,、,、,３
ゆうえんち,名詞,固有名詞,一般,*,*,*,ゆうえんち,ユウエンチ,ユーエンチ,３
など,助詞,副助詞,*,*,*,*,など,ナド,ナド,３
に,助詞,格助詞,一般,*,*,*,に,ニ,ニ,３
ある,動詞,自立,*,*,五段・ラ行,基本形,ある,アル,アル,３
びっくりか,名詞,固有名詞,一般,*,*,*,びっくりか,ビックリカ,ビックリカ,３
ん,名詞,非自立,一般,*,*,*,ん,ン,ン,３
の,助詞,格助詞,一般,*,*,*,の,ノ,ノ,３
しかけ,動詞,自立,*,*,一段,連用形,しかける,シカケ,シカケ,３
で,助詞,格助詞,一般,*,*,*,で,デ,デ,３
、,記号,読点,*,*,*,*,、,、,、,３
三,名詞,数,*,*,*,*,三,サン,サン,３
人,名詞,接尾,助数詞,*,*,*,人,ニン,ニン,３
の,助詞,格助詞,一般,*,*,*,の,ノ,ノ,３
たっ,動詞,自立,*,*,五段・タ行,連用タ接続,たつ,タッ,タッ,３
て,助詞,接続助詞,*,*,*,*,て,テ,テ,３
いる,動詞,非自立,*,*,一段,基本形,いる,イル,イル,３
ゆか,名詞,固有名詞,人名,名,*,*,ゆか,ユカ,ユカ,３
は,助詞,係助詞,*,*,*,*,は,ハ,ワ,３
、,記号,読点,*,*,*,*,、,、,、,３
ゆらゆら,副詞,一般,*,*,*,*,ゆらゆら,ユラユラ,ユラユラ,３
動く,動詞,自立,*,*,五段・カ行イ音便,基本形,動く,ウゴク,ウゴク,３
だけ,助詞,副助詞,*,*,*,*,だけ,ダケ,ダケ,３
で,助動詞,*,*,*,特殊・ダ,連用形,だ,デ,デ,３
、,記号,読点,*,*,*,*,、,、,、,３
ひっくりかえり,動詞,自立,*,*,五段・ラ行,連用形,ひっくりかえる,ヒックリカエリ,ヒックリカエリ,３
は,助詞,係助詞,*,*,*,*,は,ハ,ワ,３
し,動詞,自立,*,*,サ変・スル,未然形,する,シ,シ,３
ない,助動詞,*,*,*,特殊・ナイ,基本形,ない,ナイ,ナイ,３
の,名詞,非自立,一般,*,*,*,の,ノ,ノ,３
だ,助動詞,*,*,*,特殊・ダ,基本形,だ,ダ,ダ,３
。,記号,句点,*,*,*,*,。,。,。,３
まわり,名詞,一般,*,*,*,*,まわり,マワリ,マワリ,３
の,名詞,非自立,一般,*,*,*,の,ノ,ノ,３
か,助詞,副助詞／並立助詞／終助詞,*,*,*,*,か,カ,カ,３
べ,助詞,終助詞,*,*,*,*,べ,ベ,ベ,３
や,助詞,並立助詞,*,*,*,*,や,ヤ,ヤ,３
、,記号,読点,*,*,*,*,、,、,、,３
てんじょう,名詞,サ変接続,*,*,*,*,てんじょう,テンジョウ,テンジョー,３
が,助詞,格助詞,一般,*,*,*,が,ガ,ガ,３
、,記号,読点,*,*,*,*,、,、,、,３
は,助詞,係助詞,*,*,*,*,は,ハ,ワ,３
この,連体詞,*,*,*,*,*,この,コノ,コノ,３
よう,名詞,非自立,助動詞語幹,*,*,*,よう,ヨウ,ヨー,３
に,助詞,副詞化,*,*,*,*,に,ニ,ニ,３
でき,動詞,自立,*,*,一段,連用形,できる,デキ,デキ,３
て,助詞,接続助詞,*,*,*,*,て,テ,テ,３
い,動詞,非自立,*,*,一段,連用形,いる,イ,イ,３
て,助詞,接続助詞,*,*,*,*,て,テ,テ,３
、,記号,読点,*,*,*,*,、,、,、,３
それ,名詞,代名詞,一般,*,*,*,それ,ソレ,ソレ,３
が,助詞,格助詞,一般,*,*,*,が,ガ,ガ,３
くるくる,副詞,一般,*,*,*,*,くるくる,クルクル,クルクル,３
まわる,動詞,自立,*,*,五段・ラ行,基本形,まわる,マワル,マワル,３
ので,助詞,接続助詞,*,*,*,*,ので,ノデ,ノデ,３
、,記号,読点,*,*,*,*,、,、,、,３
自分たち,名詞,固有名詞,一般,*,*,*,自分たち,ジブンタチ,ジブンタチ,３
が,助詞,格助詞,一般,*,*,*,が,ガ,ガ,３
、,記号,読点,*,*,*,*,、,、,、,３
てんじょう,名詞,サ変接続,*,*,*,*,てんじょう,テンジョウ,テンジョー,３
に,助詞,格助詞,一般,*,*,*,に,ニ,ニ,３
上がっ,動詞,自立,*,*,五段・ラ行,連用タ接続,上がる,アガッ,アガッ,３
た,助動詞,*,*,*,特殊・タ,基本形,た,タ,タ,３
よう,名詞,非自立,助動詞語幹,*,*,*,よう,ヨウ,ヨー,３
に,助詞,副詞化,*,*,*,*,に,ニ,ニ,３
かんじる,動詞,自立,*,*,一段,基本形,かんじる,カンジル,カンジル,３
の,名詞,非自立,一般,*,*,*,の,ノ,ノ,３
さ,助詞,終助詞,*,*,*,*,さ,サ,サ,３
」,記号,括弧閉,*,*,*,*,」,」,」,３
「,記号,括弧開,*,*,*,*,「,「,「,３
うん,感動詞,*,*,*,*,*,うん,ウン,ウン,３
、,記号,読点,*,*,*,*,、,、,、,３
えらい,形容詞,自立,*,*,形容詞・アウオ段,基本形,えらい,エライ,エライ,３
。,記号,句点,*,*,*,*,。,。,。,３
やっぱり,副詞,一般,*,*,*,*,やっぱり,ヤッパリ,ヤッパリ,３
小林,名詞,固有名詞,人名,姓,*,*,小林,コバヤシ,コバヤシ,３
だんちょ,名詞,固有名詞,人名,一般,*,*,だんちょ,ダンチョ,ダンチョ,３
うの,名詞,固有名詞,人名,名,*,*,うの,ウノ,ウノ,３
ちえ,名詞,固有名詞,人名,名,*,*,ちえ,チエ,チエ,３
は,助詞,係助詞,*,*,*,*,は,ハ,ワ,３
、,記号,読点,*,*,*,*,、,、,、,３
たいした,連体詞,*,*,*,*,*,たいした,タイシタ,タイシタ,３
もん,名詞,非自立,一般,*,*,*,もん,モン,モン,３
だ,助動詞,*,*,*,特殊・ダ,基本形,だ,ダ,ダ,３
。,記号,句点,*,*,*,*,。,。,。,３
では,名詞,一般,*,*,*,*,出端,デハ,デハ,３
、,記号,読点,*,*,*,*,、,、,、,３
わし,名詞,一般,*,*,*,*,わし,ワシ,ワシ,３
が,助詞,格助詞,一般,*,*,*,が,ガ,ガ,３
負け,動詞,自立,*,*,一段,連用形,負ける,マケ,マケ,３
た,助動詞,*,*,*,特殊・タ,基本形,た,タ,タ,３
しるし,名詞,一般,*,*,*,*,しるし,シルシ,シルシ,３
に,助詞,格助詞,一般,*,*,*,に,ニ,ニ,３
、,記号,読点,*,*,*,*,、,、,、,３
あの,連体詞,*,*,*,*,*,あの,アノ,アノ,３
三まい,名詞,一般,*,*,*,*,三枚,サンマイ,サンマイ,３
の,助詞,連体化,*,*,*,*,の,ノ,ノ,３
子ども,名詞,一般,*,*,*,*,子ども,コドモ,コドモ,３
ライオン,名詞,一般,*,*,*,*,ライオン,ライオン,ライオン,３
の,助詞,連体化,*,*,*,*,の,ノ,ノ,３
毛皮,名詞,一般,*,*,*,*,毛皮,ケガワ,ケガワ,３
は,助詞,係助詞,*,*,*,*,は,ハ,ワ,３
、,記号,読点,*,*,*,*,、,、,、,３
きみ,名詞,代名詞,一般,*,*,*,きみ,キミ,キミ,３
たち,名詞,接尾,一般,*,*,*,たち,タチ,タチ,３
の,助詞,連体化,*,*,*,*,の,ノ,ノ,３
おもちゃ,名詞,一般,*,*,*,*,おもちゃ,オモチャ,オモチャ,３
に,助詞,格助詞,一般,*,*,*,に,ニ,ニ,３
あげる,動詞,自立,*,*,一段,基本形,あげる,アゲル,アゲル,３
こと,名詞,非自立,一般,*,*,*,こと,コト,コト,３
に,助詞,格助詞,一般,*,*,*,に,ニ,ニ,３
しよ,動詞,自立,*,*,サ変・スル,未然ウ接続,する,シヨ,シヨ,３
う,助動詞,*,*,*,不変化型,基本形,う,ウ,ウ,３
ね,助詞,終助詞,*,*,*,*,ね,ネ,ネ,３
」,記号,括弧閉,*,*,*,*,」,」,」,３
こう,副詞,助詞類接続,*,*,*,*,こう,コウ,コー,３
し,動詞,自立,*,*,サ変・スル,連用形,する,シ,シ,３
て,助詞,接続助詞,*,*,*,*,て,テ,テ,３
し,動詞,自立,*,*,サ変・スル,連用形,する,シ,シ,３
ょうねんたんていだんは,名詞,一般,*,*,*,*,*,*,*,３
、,記号,読点,*,*,*,*,、,、,、,３
また,副詞,助詞類接続,*,*,*,*,また,マタ,マタ,３
し,動詞,自立,*,*,サ変・スル,連用形,する,シ,シ,３
て,助詞,接続助詞,*,*,*,*,て,テ,テ,３
も,助詞,係助詞,*,*,*,*,も,モ,モ,３
、,記号,読点,*,*,*,*,、,、,、,３
おとな,名詞,一般,*,*,*,*,おとな,オトナ,オトナ,３
の,助詞,連体化,*,*,*,*,の,ノ,ノ,３
まほう,名詞,一般,*,*,*,*,魔法,マホウ,マホー,３
はかせ,名詞,一般,*,*,*,*,はかせ,ハカセ,ハカセ,３
を,助詞,格助詞,一般,*,*,*,を,ヲ,ヲ,３
うち,名詞,副詞可能,*,*,*,*,うち,ウチ,ウチ,３
負かし,動詞,自立,*,*,五段・サ行,連用形,負かす,マカシ,マカシ,３
て,助詞,接続助詞,*,*,*,*,て,テ,テ,３
しまっ,動詞,非自立,*,*,五段・ワ行促音便,連用タ接続,しまう,シマッ,シマッ,３
た,助動詞,*,*,*,特殊・タ,基本形,た,タ,タ,３
の,名詞,非自立,一般,*,*,*,の,ノ,ノ,３
でし,助動詞,*,*,*,特殊・デス,連用形,です,デシ,デシ,３
た,助動詞,*,*,*,特殊・タ,基本形,た,タ,タ,３
。,記号,句点,*,*,*,*,。,。,。,３
