表層形,品詞,品詞細分類(1),品詞細分類(2),品詞細分類(3),活用型,活用形,原形,読み,発音,大見出し,中見出し,小見出し,見出し番号,文番号
Ａ,記号,アルファベット,*,*,*,*,Ａ,エイ,エイ,,,,0,0
失礼,名詞,形容動詞語幹,*,*,*,*,失礼,シツレイ,シツレイ,,,,0,0
です,助動詞,*,*,*,特殊・デス,基本形,です,デス,デス,,,,0,0
が,助詞,接続助詞,*,*,*,*,が,ガ,ガ,,,,0,0
、,記号,読点,*,*,*,*,、,、,、,,,,0,0
いつか,名詞,副詞可能,*,*,*,*,いつか,イツカ,イツカ,,,,0,0
も,助詞,係助詞,*,*,*,*,も,モ,モ,,,,0,0
汽車,名詞,一般,*,*,*,*,汽車,キシャ,キシャ,,,,0,0
で,助詞,格助詞,一般,*,*,*,で,デ,デ,,,,0,0
御,接頭詞,名詞接続,*,*,*,*,御,ゴ,ゴ,,,,0,0
一緒,名詞,サ変接続,*,*,*,*,一緒,イッショ,イッショ,,,,0,0
に,助詞,格助詞,一般,*,*,*,に,ニ,ニ,,,,0,0
なっ,動詞,自立,*,*,五段・ラ行,連用タ接続,なる,ナッ,ナッ,,,,0,0
た,助動詞,*,*,*,特殊・タ,基本形,た,タ,タ,,,,0,0
様,名詞,非自立,助動詞語幹,*,*,*,様,ヨウ,ヨー,,,,0,0
です,助動詞,*,*,*,特殊・デス,基本形,です,デス,デス,,,,0,0
ね,助詞,終助詞,*,*,*,*,ね,ネ,ネ,,,,0,0
。,記号,句点,*,*,*,*,。,。,。,,,,0,0
Ｂ,記号,アルファベット,*,*,*,*,Ｂ,ビー,ビー,,,,0,1
これ,名詞,代名詞,一般,*,*,*,これ,コレ,コレ,,,,0,1
は,助詞,係助詞,*,*,*,*,は,ハ,ワ,,,,0,1
御,接頭詞,動詞接続,*,*,*,*,御,オ,オ,,,,0,1
見,動詞,自立,*,*,一段,連用形,見る,ミ,ミ,,,,0,1
それ,名詞,代名詞,一般,*,*,*,それ,ソレ,ソレ,,,,0,1
申し,動詞,自立,*,*,五段・サ行,連用形,申す,モウシ,モーシ,,,,0,1
まし,助動詞,*,*,*,特殊・マス,連用形,ます,マシ,マシ,,,,0,1
た,助動詞,*,*,*,特殊・タ,基本形,た,タ,タ,,,,0,1
。,記号,句点,*,*,*,*,。,。,。,,,,0,1
そう,副詞,助詞類接続,*,*,*,*,そう,ソウ,ソー,,,,0,2
いえ,動詞,自立,*,*,五段・ワ行促音便,仮定形,いう,イエ,イエ,,,,0,2
ば,助詞,接続助詞,*,*,*,*,ば,バ,バ,,,,0,2
、,記号,読点,*,*,*,*,、,、,、,,,,0,2
私,名詞,代名詞,一般,*,*,*,私,ワタシ,ワタシ,,,,0,2
も,助詞,係助詞,*,*,*,*,も,モ,モ,,,,0,2
思い出し,動詞,自立,*,*,五段・サ行,連用形,思い出す,オモイダシ,オモイダシ,,,,0,2
まし,助動詞,*,*,*,特殊・マス,連用形,ます,マシ,マシ,,,,0,2
た,助動詞,*,*,*,特殊・タ,基本形,た,タ,タ,,,,0,2
よ,助詞,終助詞,*,*,*,*,よ,ヨ,ヨ,,,,0,2
。,記号,句点,*,*,*,*,。,。,。,,,,0,2
やっぱり,副詞,一般,*,*,*,*,やっぱり,ヤッパリ,ヤッパリ,,,,0,3
この,連体詞,*,*,*,*,*,この,コノ,コノ,,,,0,3
線,名詞,一般,*,*,*,*,線,セン,セン,,,,0,3
でし,助動詞,*,*,*,特殊・デス,連用形,です,デシ,デシ,,,,0,3
た,助動詞,*,*,*,特殊・タ,基本形,た,タ,タ,,,,0,3
ね,助詞,終助詞,*,*,*,*,ね,ネ,ネ,,,,0,3
。,記号,句点,*,*,*,*,。,。,。,,,,0,3
Ａ,記号,アルファベット,*,*,*,*,Ａ,エイ,エイ,,,,0,4
あの,連体詞,*,*,*,*,*,あの,アノ,アノ,,,,0,4
時,名詞,非自立,副詞可能,*,*,*,時,トキ,トキ,,,,0,4
は,助詞,係助詞,*,*,*,*,は,ハ,ワ,,,,0,4
飛ん,動詞,自立,*,*,五段・バ行,連用タ接続,飛ぶ,トン,トン,,,,0,4
だ,助動詞,*,*,*,特殊・タ,基本形,だ,ダ,ダ,,,,0,4
御,接頭詞,名詞接続,*,*,*,*,御,ゴ,ゴ,,,,0,4
災難,名詞,一般,*,*,*,*,災難,サイナン,サイナン,,,,0,4
でし,助動詞,*,*,*,特殊・デス,連用形,です,デシ,デシ,,,,0,4
た,助動詞,*,*,*,特殊・タ,基本形,た,タ,タ,,,,0,4
。,記号,句点,*,*,*,*,。,。,。,,,,0,4
Ｂ,記号,アルファベット,*,*,*,*,Ｂ,ビー,ビー,,,,0,5
いや,感動詞,*,*,*,*,*,いや,イヤ,イヤ,,,,0,5
、,記号,読点,*,*,*,*,、,、,、,,,,0,5
お,接頭詞,名詞接続,*,*,*,*,お,オ,オ,,,,0,5
言葉,名詞,一般,*,*,*,*,言葉,コトバ,コトバ,,,,0,5
で,助詞,格助詞,一般,*,*,*,で,デ,デ,,,,0,5
痛み入り,動詞,自立,*,*,五段・ラ行,連用形,痛み入る,イタミイリ,イタミイリ,,,,0,5
ます,助動詞,*,*,*,特殊・マス,基本形,ます,マス,マス,,,,0,5
。,記号,句点,*,*,*,*,。,。,。,,,,0,5
私,名詞,代名詞,一般,*,*,*,私,ワタシ,ワタシ,,,,0,6
も,助詞,係助詞,*,*,*,*,も,モ,モ,,,,0,6
あの,連体詞,*,*,*,*,*,あの,アノ,アノ,,,,0,6
時,名詞,非自立,副詞可能,*,*,*,時,トキ,トキ,,,,0,6
は,助詞,係助詞,*,*,*,*,は,ハ,ワ,,,,0,6
どう,副詞,助詞類接続,*,*,*,*,どう,ドウ,ドー,,,,0,6
しよう,名詞,一般,*,*,*,*,しよう,シヨウ,シヨー,,,,0,6
か,助詞,副助詞／並立助詞／終助詞,*,*,*,*,か,カ,カ,,,,0,6
と,助詞,格助詞,引用,*,*,*,と,ト,ト,,,,0,6
思い,動詞,自立,*,*,五段・ワ行促音便,連用形,思う,オモイ,オモイ,,,,0,6
まし,助動詞,*,*,*,特殊・マス,連用形,ます,マシ,マシ,,,,0,6
た,助動詞,*,*,*,特殊・タ,基本形,た,タ,タ,,,,0,6
よ,助詞,終助詞,*,*,*,*,よ,ヨ,ヨ,,,,0,6
。,記号,句点,*,*,*,*,。,。,。,,,,0,6
Ａ,記号,アルファベット,*,*,*,*,Ａ,エイ,エイ,,,,0,7
あなた,名詞,代名詞,一般,*,*,*,あなた,アナタ,アナタ,,,,0,7
が,助詞,格助詞,一般,*,*,*,が,ガ,ガ,,,,0,7
、,記号,読点,*,*,*,*,、,、,、,,,,0,7
私,名詞,代名詞,一般,*,*,*,私,ワタシ,ワタシ,,,,0,7
の,助詞,連体化,*,*,*,*,の,ノ,ノ,,,,0,7
隣,名詞,一般,*,*,*,*,隣,トナリ,トナリ,,,,0,7
の,助詞,連体化,*,*,*,*,の,ノ,ノ,,,,0,7
席,名詞,一般,*,*,*,*,席,セキ,セキ,,,,0,7
へ,助詞,格助詞,一般,*,*,*,へ,ヘ,エ,,,,0,7
い,動詞,自立,*,*,一段,連用形,いる,イ,イ,,,,0,7
らしっ,形容詞,自立,*,*,形容詞・イ段,ガル接続,らしい,ラシッ,ラシッ,,,,0,7
た,助動詞,*,*,*,特殊・タ,基本形,た,タ,タ,,,,0,7
の,名詞,非自立,一般,*,*,*,の,ノ,ノ,,,,0,7
は,助詞,係助詞,*,*,*,*,は,ハ,ワ,,,,0,7
、,記号,読点,*,*,*,*,、,、,、,,,,0,7
あれ,名詞,代名詞,一般,*,*,*,あれ,アレ,アレ,,,,0,7
は,助詞,係助詞,*,*,*,*,は,ハ,ワ,,,,0,7
Ｋ,記号,アルファベット,*,*,*,*,Ｋ,ケイ,ケイ,,,,0,7
駅,名詞,一般,*,*,*,*,駅,エキ,エキ,,,,0,7
を,助詞,格助詞,一般,*,*,*,を,ヲ,ヲ,,,,0,7
過ぎ,動詞,自立,*,*,一段,連用形,過ぎる,スギ,スギ,,,,0,7
て,助詞,接続助詞,*,*,*,*,て,テ,テ,,,,0,7
間もなく,副詞,助詞類接続,*,*,*,*,間もなく,マモナク,マモナク,,,,0,7
でし,助動詞,*,*,*,特殊・デス,連用形,です,デシ,デシ,,,,0,7
た,助動詞,*,*,*,特殊・タ,基本形,た,タ,タ,,,,0,7
ね,助詞,終助詞,*,*,*,*,ね,ネ,ネ,,,,0,7
。,記号,句点,*,*,*,*,。,。,。,,,,0,7
あなた,名詞,代名詞,一般,*,*,*,あなた,アナタ,アナタ,,,,0,8
は,助詞,係助詞,*,*,*,*,は,ハ,ワ,,,,0,8
、,記号,読点,*,*,*,*,、,、,、,,,,0,8
一,名詞,数,*,*,*,*,一,イチ,イチ,,,,0,8
袋,名詞,接尾,助数詞,*,*,*,袋,フクロ,フクロ,,,,0,8
の,助詞,連体化,*,*,*,*,の,ノ,ノ,,,,0,8
蜜柑,名詞,一般,*,*,*,*,蜜柑,ミカン,ミカン,,,,0,8
を,助詞,格助詞,一般,*,*,*,を,ヲ,ヲ,,,,0,8
、,記号,読点,*,*,*,*,、,、,、,,,,0,8
スーツケース,名詞,一般,*,*,*,*,スーツケース,スーツケース,スーツケース,,,,0,8
と,助詞,格助詞,一般,*,*,*,と,ト,ト,,,,0,8
一緒,名詞,サ変接続,*,*,*,*,一緒,イッショ,イッショ,,,,0,8
に,助詞,格助詞,一般,*,*,*,に,ニ,ニ,,,,0,8
下げ,動詞,自立,*,*,一段,連用形,下げる,サゲ,サゲ,,,,0,8
て,助詞,接続助詞,*,*,*,*,て,テ,テ,,,,0,8
来ら,動詞,自立,*,*,五段・ラ行,未然形,来る,キタラ,キタラ,,,,0,8
れ,動詞,接尾,*,*,一段,連用形,れる,レ,レ,,,,0,8
まし,助動詞,*,*,*,特殊・マス,連用形,ます,マシ,マシ,,,,0,8
た,助動詞,*,*,*,特殊・タ,基本形,た,タ,タ,,,,0,8
ね,助詞,終助詞,*,*,*,*,ね,ネ,ネ,,,,0,8
。,記号,句点,*,*,*,*,。,。,。,,,,0,8
そして,接続詞,*,*,*,*,*,そして,ソシテ,ソシテ,,,,0,9
その,連体詞,*,*,*,*,*,その,ソノ,ソノ,,,,0,9
蜜柑,名詞,一般,*,*,*,*,蜜柑,ミカン,ミカン,,,,0,9
を,助詞,格助詞,一般,*,*,*,を,ヲ,ヲ,,,,0,9
私,名詞,代名詞,一般,*,*,*,私,ワタシ,ワタシ,,,,0,9
に,助詞,格助詞,一般,*,*,*,に,ニ,ニ,,,,0,9
も,助詞,係助詞,*,*,*,*,も,モ,モ,,,,0,9
勧め,動詞,自立,*,*,一段,連用形,勧める,ススメ,ススメ,,,,0,9
て,助詞,接続助詞,*,*,*,*,て,テ,テ,,,,0,9
下さい,動詞,非自立,*,*,五段・ラ行特殊,連用形,下さる,クダサイ,クダサイ,,,,0,9
まし,助動詞,*,*,*,特殊・マス,連用形,ます,マシ,マシ,,,,0,9
た,助動詞,*,*,*,特殊・タ,基本形,た,タ,タ,,,,0,9
っけ,助詞,終助詞,*,*,*,*,っけ,ッケ,ッケ,,,,0,9
ね,助詞,終助詞,*,*,*,*,ね,ネ,ネ,,,,0,9
。,記号,句点,*,*,*,*,。,。,。,,,,0,9
…,記号,一般,*,*,*,*,…,…,…,,,,0,10
…,記号,一般,*,*,*,*,…,…,…,,,,0,10
実,名詞,一般,*,*,*,*,実,ミ,ミ,,,,0,10
を,助詞,格助詞,一般,*,*,*,を,ヲ,ヲ,,,,0,10
申し,動詞,自立,*,*,五段・サ行,連用形,申す,モウシ,モーシ,,,,0,10
ます,助動詞,*,*,*,特殊・マス,基本形,ます,マス,マス,,,,0,10
と,助詞,格助詞,引用,*,*,*,と,ト,ト,,,,0,10
ね,助詞,終助詞,*,*,*,*,ね,ネ,ネ,,,,0,10
。,記号,句点,*,*,*,*,。,。,。,,,,0,10
私,名詞,代名詞,一般,*,*,*,私,ワタシ,ワタシ,,,,0,11
は,助詞,係助詞,*,*,*,*,は,ハ,ワ,,,,0,11
、,記号,読点,*,*,*,*,、,、,、,,,,0,11
あなた,名詞,代名詞,一般,*,*,*,あなた,アナタ,アナタ,,,,0,11
を,助詞,格助詞,一般,*,*,*,を,ヲ,ヲ,,,,0,11
変,名詞,形容動詞語幹,*,*,*,*,変,ヘン,ヘン,,,,0,11
に,助詞,副詞化,*,*,*,*,に,ニ,ニ,,,,0,11
慣れ,動詞,自立,*,*,一段,連用形,慣れる,ナレ,ナレ,,,,0,11
慣れ,動詞,自立,*,*,一段,連用形,慣れる,ナレ,ナレ,,,,0,11
し,助動詞,*,*,*,文語・キ,体言接続,き,シ,シ,,,,0,11
い方,名詞,一般,*,*,*,*,医方,イホウ,イホー,,,,0,11
だ,助動詞,*,*,*,特殊・ダ,基本形,だ,ダ,ダ,,,,0,11
と,助詞,格助詞,引用,*,*,*,と,ト,ト,,,,0,11
思わ,動詞,自立,*,*,五段・ワ行促音便,未然形,思う,オモワ,オモワ,,,,0,11
ない,助動詞,*,*,*,特殊・ナイ,連用デ接続,ない,ナイ,ナイ,,,,0,11
で,助詞,接続助詞,*,*,*,*,で,デ,デ,,,,0,11
は,助詞,係助詞,*,*,*,*,は,ハ,ワ,,,,0,11
い,動詞,自立,*,*,一段,未然形,いる,イ,イ,,,,0,11
られ,動詞,接尾,*,*,一段,連用形,られる,ラレ,ラレ,,,,0,11
ませ,助動詞,*,*,*,特殊・マス,未然形,ます,マセ,マセ,,,,0,11
ん,助動詞,*,*,*,不変化型,基本形,ん,ン,ン,,,,0,11
でし,助動詞,*,*,*,特殊・デス,連用形,です,デシ,デシ,,,,0,11
た,助動詞,*,*,*,特殊・タ,基本形,た,タ,タ,,,,0,11
よ,助詞,終助詞,*,*,*,*,よ,ヨ,ヨ,,,,0,11
。,記号,句点,*,*,*,*,。,。,。,,,,0,11
Ｂ,記号,アルファベット,*,*,*,*,Ｂ,ビー,ビー,,,,0,12
そう,副詞,助詞類接続,*,*,*,*,そう,ソウ,ソー,,,,0,12
でしょ,助動詞,*,*,*,特殊・デス,未然形,です,デショ,デショ,,,,0,12
う,助動詞,*,*,*,不変化型,基本形,う,ウ,ウ,,,,0,12
、,記号,読点,*,*,*,*,、,、,、,,,,0,12
私,名詞,代名詞,一般,*,*,*,私,ワタシ,ワタシ,,,,0,12
は,助詞,係助詞,*,*,*,*,は,ハ,ワ,,,,0,12
あの日,名詞,固有名詞,一般,*,*,*,あの日,アノヒ,アノヒ,,,,0,12
は,助詞,係助詞,*,*,*,*,は,ハ,ワ,,,,0,12
ほんとうに,名詞,固有名詞,一般,*,*,*,ほんとうに,ホントウニ,ホントーニ,,,,0,12
どうか,副詞,一般,*,*,*,*,どうか,ドウカ,ドーカ,,,,0,12
し,動詞,自立,*,*,サ変・スル,連用形,する,シ,シ,,,,0,12
て,助詞,接続助詞,*,*,*,*,て,テ,テ,,,,0,12
い,動詞,非自立,*,*,一段,連用形,いる,イ,イ,,,,0,12
まし,助動詞,*,*,*,特殊・マス,連用形,ます,マシ,マシ,,,,0,12
た,助動詞,*,*,*,特殊・タ,基本形,た,タ,タ,,,,0,12
よ,助詞,終助詞,*,*,*,*,よ,ヨ,ヨ,,,,0,12
。,記号,句点,*,*,*,*,。,。,。,,,,0,12
Ａ,記号,アルファベット,*,*,*,*,Ａ,エイ,エイ,,,,0,13
そうこう,名詞,サ変接続,*,*,*,*,そうこう,ソウコウ,ソーコー,,,,0,13
し,動詞,自立,*,*,サ変・スル,連用形,する,シ,シ,,,,0,13
て,助詞,接続助詞,*,*,*,*,て,テ,テ,,,,0,13
いる,動詞,非自立,*,*,一段,基本形,いる,イル,イル,,,,0,13
内,名詞,非自立,副詞可能,*,*,*,内,ウチ,ウチ,,,,0,13
に,助詞,格助詞,一般,*,*,*,に,ニ,ニ,,,,0,13
、,記号,読点,*,*,*,*,、,、,、,,,,0,13
隣,名詞,一般,*,*,*,*,隣,トナリ,トナリ,,,,0,13
の,助詞,連体化,*,*,*,*,の,ノ,ノ,,,,0,13
一等車,名詞,固有名詞,一般,*,*,*,一等車,イットウシャ,イットーシャ,,,,0,13
の,助詞,連体化,*,*,*,*,の,ノ,ノ,,,,0,13
方,名詞,非自立,一般,*,*,*,方,ホウ,ホー,,,,0,13
から,助詞,格助詞,一般,*,*,*,から,カラ,カラ,,,,0,13
、,記号,読点,*,*,*,*,、,、,、,,,,0,13
興奮,名詞,サ変接続,*,*,*,*,興奮,コウフン,コーフン,,,,0,13
し,動詞,自立,*,*,サ変・スル,連用形,する,シ,シ,,,,0,13
た,助動詞,*,*,*,特殊・タ,基本形,た,タ,タ,,,,0,13
人達,名詞,一般,*,*,*,*,人達,ヒトタチ,ヒトタチ,,,,0,13
が,助詞,格助詞,一般,*,*,*,が,ガ,ガ,,,,0,13
ドヤドヤ,副詞,一般,*,*,*,*,ドヤドヤ,ドヤドヤ,ドヤドヤ,,,,0,13
と,助詞,格助詞,一般,*,*,*,と,ト,ト,,,,0,13
這入っ,動詞,自立,*,*,五段・ラ行,連用タ接続,這入る,ハイイッ,ハイイッ,,,,0,13
て,助詞,接続助詞,*,*,*,*,て,テ,テ,,,,0,13
来,動詞,非自立,*,*,カ変・来ル,連用形,来る,キ,キ,,,,0,13
まし,助動詞,*,*,*,特殊・マス,連用形,ます,マシ,マシ,,,,0,13
た,助動詞,*,*,*,特殊・タ,基本形,た,タ,タ,,,,0,13
ね,助詞,終助詞,*,*,*,*,ね,ネ,ネ,,,,0,13
。,記号,句点,*,*,*,*,。,。,。,,,,0,13
そして,接続詞,*,*,*,*,*,そして,ソシテ,ソシテ,,,,0,14
、,記号,読点,*,*,*,*,、,、,、,,,,0,14
その,連体詞,*,*,*,*,*,その,ソノ,ソノ,,,,0,14
内,名詞,非自立,副詞可能,*,*,*,内,ウチ,ウチ,,,,0,14
の,助詞,連体化,*,*,*,*,の,ノ,ノ,,,,0,14
一人,名詞,一般,*,*,*,*,一人,ヒトリ,ヒトリ,,,,0,14
の,助詞,連体化,*,*,*,*,の,ノ,ノ,,,,0,14
貴婦人,名詞,一般,*,*,*,*,貴婦人,キフジン,キフジン,,,,0,14
が,助詞,格助詞,一般,*,*,*,が,ガ,ガ,,,,0,14
一緒,名詞,サ変接続,*,*,*,*,一緒,イッショ,イッショ,,,,0,14
に,助詞,格助詞,一般,*,*,*,に,ニ,ニ,,,,0,14
やって来,動詞,自立,*,*,カ変・来ル,連用形,やって来る,ヤッテキ,ヤッテキ,,,,0,14
た,助動詞,*,*,*,特殊・タ,基本形,た,タ,タ,,,,0,14
車掌,名詞,一般,*,*,*,*,車掌,シャショウ,シャショー,,,,0,14
に,助詞,格助詞,一般,*,*,*,に,ニ,ニ,,,,0,14
あなた,名詞,代名詞,一般,*,*,*,あなた,アナタ,アナタ,,,,0,14
の,助詞,連体化,*,*,*,*,の,ノ,ノ,,,,0,14
方,名詞,非自立,一般,*,*,*,方,ホウ,ホー,,,,0,14
を,助詞,格助詞,一般,*,*,*,を,ヲ,ヲ,,,,0,14
指し,動詞,自立,*,*,五段・サ行,連用形,指す,サシ,サシ,,,,0,14
て,助詞,接続助詞,*,*,*,*,て,テ,テ,,,,0,14
何,名詞,代名詞,一般,*,*,*,何,ナニ,ナニ,,,,0,14
か,助詞,副助詞／並立助詞／終助詞,*,*,*,*,か,カ,カ,,,,0,14
囁き,動詞,自立,*,*,五段・カ行イ音便,連用形,囁く,ササヤキ,ササヤキ,,,,0,14
まし,助動詞,*,*,*,特殊・マス,連用形,ます,マシ,マシ,,,,0,14
た,助動詞,*,*,*,特殊・タ,基本形,た,タ,タ,,,,0,14
ね,助詞,終助詞,*,*,*,*,ね,ネ,ネ,,,,0,14
。,記号,句点,*,*,*,*,。,。,。,,,,0,14
Ｂ,記号,アルファベット,*,*,*,*,Ｂ,ビー,ビー,,,,0,15
あなた,名詞,代名詞,一般,*,*,*,あなた,アナタ,アナタ,,,,0,15
は,助詞,係助詞,*,*,*,*,は,ハ,ワ,,,,0,15
よく,副詞,一般,*,*,*,*,よく,ヨク,ヨク,,,,0,15
覚え,動詞,自立,*,*,一段,連用形,覚える,オボエ,オボエ,,,,0,15
て,助詞,接続助詞,*,*,*,*,て,テ,テ,,,,0,15
いらっしゃる,動詞,非自立,*,*,五段・ラ行特殊,基本形,いらっしゃる,イラッシャル,イラッシャル,,,,0,15
、,記号,読点,*,*,*,*,、,、,、,,,,0,15
車掌,名詞,一般,*,*,*,*,車掌,シャショウ,シャショー,,,,0,15
に,助詞,格助詞,一般,*,*,*,に,ニ,ニ,,,,0,15
「,記号,括弧開,*,*,*,*,「,「,「,,,,0,15
一寸,名詞,一般,*,*,*,*,一寸,イッスン,イッスン,,,,0,15
君,名詞,接尾,人名,*,*,*,君,クン,クン,,,,0,15
、,記号,読点,*,*,*,*,、,、,、,,,,0,15
失敬,名詞,形容動詞語幹,*,*,*,*,失敬,シッケイ,シッケイ,,,,0,15
です,助動詞,*,*,*,特殊・デス,基本形,です,デス,デス,,,,0,15
が,助詞,接続助詞,*,*,*,*,が,ガ,ガ,,,,0,15
」,記号,括弧閉,*,*,*,*,」,」,」,,,,0,15
と,助詞,格助詞,引用,*,*,*,と,ト,ト,,,,0,15
云わ,動詞,自立,*,*,五段・ワ行促音便,未然形,云う,イワ,イワ,,,,0,15
れ,動詞,接尾,*,*,一段,連用形,れる,レ,レ,,,,0,15
た,助動詞,*,*,*,特殊・タ,基本形,た,タ,タ,,,,0,15
時,名詞,非自立,副詞可能,*,*,*,時,トキ,トキ,,,,0,15
に,助詞,格助詞,一般,*,*,*,に,ニ,ニ,,,,0,15
は,助詞,係助詞,*,*,*,*,は,ハ,ワ,,,,0,15
変,名詞,形容動詞語幹,*,*,*,*,変,ヘン,ヘン,,,,0,15
な,助動詞,*,*,*,特殊・ダ,体言接続,だ,ナ,ナ,,,,0,15
気,名詞,非自立,一般,*,*,*,気,キ,キ,,,,0,15
が,助詞,格助詞,一般,*,*,*,が,ガ,ガ,,,,0,15
し,動詞,自立,*,*,サ変・スル,連用形,する,シ,シ,,,,0,15
まし,助動詞,*,*,*,特殊・マス,連用形,ます,マシ,マシ,,,,0,15
た,助動詞,*,*,*,特殊・タ,基本形,た,タ,タ,,,,0,15
よ,助詞,終助詞,*,*,*,*,よ,ヨ,ヨ,,,,0,15
。,記号,句点,*,*,*,*,。,。,。,,,,0,15
よく,副詞,一般,*,*,*,*,よく,ヨク,ヨク,,,,0,16
聞い,動詞,自立,*,*,五段・カ行イ音便,連用タ接続,聞く,キイ,キイ,,,,0,16
て,助詞,接続助詞,*,*,*,*,て,テ,テ,,,,0,16
見る,動詞,自立,*,*,一段,基本形,見る,ミル,ミル,,,,0,16
と,助詞,接続助詞,*,*,*,*,と,ト,ト,,,,0,16
、,記号,読点,*,*,*,*,、,、,、,,,,0,16
私,名詞,代名詞,一般,*,*,*,私,ワタシ,ワタシ,,,,0,16
は,助詞,係助詞,*,*,*,*,は,ハ,ワ,,,,0,16
その,連体詞,*,*,*,*,*,その,ソノ,ソノ,,,,0,16
貴婦人,名詞,一般,*,*,*,*,貴婦人,キフジン,キフジン,,,,0,16
の,助詞,連体化,*,*,*,*,の,ノ,ノ,,,,0,16
ダイヤ,名詞,一般,*,*,*,*,ダイヤ,ダイヤ,ダイヤ,,,,0,16
の,助詞,連体化,*,*,*,*,の,ノ,ノ,,,,0,16
指環,名詞,固有名詞,一般,*,*,*,指環,ユビワ,ユビワ,,,,0,16
を,助詞,格助詞,一般,*,*,*,を,ヲ,ヲ,,,,0,16
掏,名詞,一般,*,*,*,*,*,*,*,,,,0,16
っ,動詞,非自立,*,*,五段・カ行促音便,連用タ接続,く,ッ,ッ,,,,0,16
た,助動詞,*,*,*,特殊・タ,基本形,た,タ,タ,,,,0,16
て,助詞,格助詞,連語,*,*,*,て,テ,テ,,,,0,16
ん,名詞,非自立,一般,*,*,*,ん,ン,ン,,,,0,16
です,助動詞,*,*,*,特殊・デス,基本形,です,デス,デス,,,,0,16
から,助詞,接続助詞,*,*,*,*,から,カラ,カラ,,,,0,16
、,記号,読点,*,*,*,*,、,、,、,,,,0,16
驚き,動詞,自立,*,*,五段・カ行イ音便,連用形,驚く,オドロキ,オドロキ,,,,0,16
まし,助動詞,*,*,*,特殊・マス,連用形,ます,マシ,マシ,,,,0,16
た,助動詞,*,*,*,特殊・タ,基本形,た,タ,タ,,,,0,16
ね,助詞,終助詞,*,*,*,*,ね,ネ,ネ,,,,0,16
。,記号,句点,*,*,*,*,。,。,。,,,,0,16
Ａ,記号,アルファベット,*,*,*,*,Ａ,エイ,エイ,,,,0,17
で,助動詞,*,*,*,特殊・ダ,連用形,だ,デ,デ,,,,0,17
も,助詞,係助詞,*,*,*,*,も,モ,モ,,,,0,17
、,記号,読点,*,*,*,*,、,、,、,,,,0,17
あなた,名詞,代名詞,一般,*,*,*,あなた,アナタ,アナタ,,,,0,17
の,助詞,連体化,*,*,*,*,の,ノ,ノ,,,,0,17
態度,名詞,一般,*,*,*,*,態度,タイド,タイド,,,,0,17
は,助詞,係助詞,*,*,*,*,は,ハ,ワ,,,,0,17
中々,副詞,一般,*,*,*,*,中々,ナカナカ,ナカナカ,,,,0,17
お,接頭詞,名詞接続,*,*,*,*,お,オ,オ,,,,0,17
立派,名詞,形容動詞語幹,*,*,*,*,立派,リッパ,リッパ,,,,0,17
でし,助動詞,*,*,*,特殊・デス,連用形,です,デシ,デシ,,,,0,17
た,助動詞,*,*,*,特殊・タ,基本形,た,タ,タ,,,,0,17
よ,助詞,終助詞,*,*,*,*,よ,ヨ,ヨ,,,,0,17
。,記号,句点,*,*,*,*,。,。,。,,,,0,17
「,記号,括弧開,*,*,*,*,「,「,「,,,,0,18
馬鹿,名詞,形容動詞語幹,*,*,*,*,馬鹿,バカ,バカ,,,,0,18
な,助動詞,*,*,*,特殊・ダ,体言接続,だ,ナ,ナ,,,,0,18
事,名詞,非自立,一般,*,*,*,事,コト,コト,,,,0,18
を,助詞,格助詞,一般,*,*,*,を,ヲ,ヲ,,,,0,18
云っ,動詞,自立,*,*,五段・ワ行促音便,連用タ接続,云う,ユッ,ユッ,,,,0,18
て,助詞,接続助詞,*,*,*,*,て,テ,テ,,,,0,18
は,助詞,係助詞,*,*,*,*,は,ハ,ワ,,,,0,18
いけ,動詞,非自立,*,*,一段,未然形,いける,イケ,イケ,,,,0,18
ない,助動詞,*,*,*,特殊・ナイ,基本形,ない,ナイ,ナイ,,,,0,18
。,記号,句点,*,*,*,*,。,。,。,,,,0,18
そりゃ,名詞,代名詞,縮約,*,*,*,そりゃ,ソリャ,ソリャ,,,,0,19
人違い,名詞,サ変接続,*,*,*,*,人違い,ヒトチガイ,ヒトチガイ,,,,0,19
だろ,助動詞,*,*,*,特殊・ダ,未然形,だ,ダロ,ダロ,,,,0,19
う,助動詞,*,*,*,不変化型,基本形,う,ウ,ウ,,,,0,19
。,記号,句点,*,*,*,*,。,。,。,,,,0,19
何なら,副詞,一般,*,*,*,*,何なら,ナンナラ,ナンナラ,,,,0,20
私,名詞,代名詞,一般,*,*,*,私,ワタシ,ワタシ,,,,0,20
の,助詞,連体化,*,*,*,*,の,ノ,ノ,,,,0,20
身体,名詞,一般,*,*,*,*,身体,シンタイ,シンタイ,,,,0,20
を,助詞,格助詞,一般,*,*,*,を,ヲ,ヲ,,,,0,20
検,名詞,サ変接続,*,*,*,*,検,ケン,ケン,,,,0,20
べて,名詞,固有名詞,人名,一般,*,*,べて,ベテ,ベテ,,,,0,20
見る,動詞,自立,*,*,一段,基本形,見る,ミル,ミル,,,,0,20
が,助詞,接続助詞,*,*,*,*,が,ガ,ガ,,,,0,20
いい,形容詞,非自立,*,*,形容詞・イイ,基本形,いい,イイ,イイ,,,,0,20
」,記号,括弧閉,*,*,*,*,」,」,」,,,,0,20
なんて,助詞,副助詞,*,*,*,*,なんて,ナンテ,ナンテ,,,,0,20
、,記号,読点,*,*,*,*,、,、,、,,,,0,20
一寸,副詞,一般,*,*,*,*,一寸,チョット,チョット,,,,0,20
あれ,名詞,代名詞,一般,*,*,*,あれ,アレ,アレ,,,,0,20
丈,名詞,一般,*,*,*,*,丈,タケ,タケ,,,,0,20
け,助詞,終助詞,*,*,*,*,け,ケ,ケ,,,,0,20
の,助詞,連体化,*,*,*,*,の,ノ,ノ,,,,0,20
落着,名詞,サ変接続,*,*,*,*,落着,ラクチャク,ラクチャク,,,,0,20
い,動詞,非自立,*,*,一段,連用形,いる,イ,イ,,,,0,20
た,助動詞,*,*,*,特殊・タ,基本形,た,タ,タ,,,,0,20
台詞,名詞,一般,*,*,*,*,台詞,ダイシ,ダイシ,,,,0,20
は,助詞,係助詞,*,*,*,*,は,ハ,ワ,,,,0,20
云え,動詞,自立,*,*,五段・ワ行促音便,命令ｅ,云う,イエ,イエ,,,,0,20
ない,形容詞,自立,*,*,形容詞・アウオ段,基本形,ない,ナイ,ナイ,,,,0,20
もん,名詞,非自立,一般,*,*,*,もん,モン,モン,,,,0,20
です,助動詞,*,*,*,特殊・デス,基本形,です,デス,デス,,,,0,20
よ,助詞,終助詞,*,*,*,*,よ,ヨ,ヨ,,,,0,20
。,記号,句点,*,*,*,*,。,。,。,,,,0,20
Ｂ,記号,アルファベット,*,*,*,*,Ｂ,ビー,ビー,,,,0,21
おだてる,動詞,自立,*,*,一段,基本形,おだてる,オダテル,オダテル,,,,0,21
もんじゃ,名詞,一般,*,*,*,*,もんじゃ,モンジャ,モンジャ,,,,0,21
あり,動詞,自立,*,*,五段・ラ行,連用形,ある,アリ,アリ,,,,0,21
ませ,助動詞,*,*,*,特殊・マス,未然形,ます,マセ,マセ,,,,0,21
ん,助動詞,*,*,*,不変化型,基本形,ん,ン,ン,,,,0,21
。,記号,句点,*,*,*,*,。,。,。,,,,0,21
Ａ,記号,アルファベット,*,*,*,*,Ａ,エイ,エイ,,,,0,22
車掌,名詞,一般,*,*,*,*,車掌,シャショウ,シャショー,,,,0,22
なんて,助詞,副助詞,*,*,*,*,なんて,ナンテ,ナンテ,,,,0,22
もの,名詞,非自立,一般,*,*,*,もの,モノ,モノ,,,,0,22
は,助詞,係助詞,*,*,*,*,は,ハ,ワ,,,,0,22
、,記号,読点,*,*,*,*,、,、,、,,,,0,22
ああ,感動詞,*,*,*,*,*,ああ,アア,アー,,,,0,22
した,名詞,一般,*,*,*,*,した,シタ,シタ,,,,0,22
事,名詞,接尾,一般,*,*,*,事,ゴト,ゴト,,,,0,22
に,助詞,格助詞,一般,*,*,*,に,ニ,ニ,,,,0,22
慣れ,動詞,自立,*,*,一段,連用形,慣れる,ナレ,ナレ,,,,0,22
て,助詞,接続助詞,*,*,*,*,て,テ,テ,,,,0,22
いる,動詞,非自立,*,*,一段,基本形,いる,イル,イル,,,,0,22
と,助詞,格助詞,引用,*,*,*,と,ト,ト,,,,0,22
見え,動詞,自立,*,*,一段,連用形,見える,ミエ,ミエ,,,,0,22
て,助詞,接続助詞,*,*,*,*,て,テ,テ,,,,0,22
、,記号,読点,*,*,*,*,、,、,、,,,,0,22
中々,副詞,一般,*,*,*,*,中々,ナカナカ,ナカナカ,,,,0,22
抜目,名詞,一般,*,*,*,*,抜目,ヌケメ,ヌケメ,,,,0,22
なく,形容詞,自立,*,*,形容詞・アウオ段,連用テ接続,ない,ナク,ナク,,,,0,22
検査,名詞,サ変接続,*,*,*,*,検査,ケンサ,ケンサ,,,,0,22
し,動詞,自立,*,*,サ変・スル,連用形,する,シ,シ,,,,0,22
まし,助動詞,*,*,*,特殊・マス,連用形,ます,マシ,マシ,,,,0,22
た,助動詞,*,*,*,特殊・タ,基本形,た,タ,タ,,,,0,22
っけ,助詞,終助詞,*,*,*,*,っけ,ッケ,ッケ,,,,0,22
ね,助詞,終助詞,*,*,*,*,ね,ネ,ネ,,,,0,22
。,記号,句点,*,*,*,*,。,。,。,,,,0,22
貴婦人,名詞,一般,*,*,*,*,貴婦人,キフジン,キフジン,,,,0,23
の,助詞,連体化,*,*,*,*,の,ノ,ノ,,,,0,23
旦那,名詞,一般,*,*,*,*,旦那,ダンナ,ダンナ,,,,0,23
という,助詞,格助詞,連語,*,*,*,という,トイウ,トユウ,,,,0,23
男,名詞,一般,*,*,*,*,男,オトコ,オトコ,,,,0,23
も,助詞,係助詞,*,*,*,*,も,モ,モ,,,,0,23
、,記号,読点,*,*,*,*,、,、,、,,,,0,23
うるさく,形容詞,自立,*,*,形容詞・アウオ段,連用テ接続,うるさい,ウルサク,ウルサク,,,,0,23
あなた,名詞,代名詞,一般,*,*,*,あなた,アナタ,アナタ,,,,0,23
の,助詞,連体化,*,*,*,*,の,ノ,ノ,,,,0,23
身体,名詞,一般,*,*,*,*,身体,シンタイ,シンタイ,,,,0,23
を,助詞,格助詞,一般,*,*,*,を,ヲ,ヲ,,,,0,23
おもちゃ,名詞,一般,*,*,*,*,おもちゃ,オモチャ,オモチャ,,,,0,23
に,助詞,格助詞,一般,*,*,*,に,ニ,ニ,,,,0,23
し,動詞,自立,*,*,サ変・スル,連用形,する,シ,シ,,,,0,23
た,助動詞,*,*,*,特殊・タ,基本形,た,タ,タ,,,,0,23
じゃ,助詞,接続助詞,*,*,*,*,じゃ,ジャ,ジャ,,,,0,23
あり,動詞,非自立,*,*,五段・ラ行,連用形,ある,アリ,アリ,,,,0,23
ませ,助動詞,*,*,*,特殊・マス,未然形,ます,マセ,マセ,,,,0,23
ん,助動詞,*,*,*,不変化型,基本形,ん,ン,ン,,,,0,23
か,助詞,副助詞／並立助詞／終助詞,*,*,*,*,か,カ,カ,,,,0,23
。,記号,句点,*,*,*,*,。,。,。,,,,0,23
でも,接続詞,*,*,*,*,*,でも,デモ,デモ,,,,0,24
、,記号,読点,*,*,*,*,、,、,、,,,,0,24
あんなに,副詞,助詞類接続,*,*,*,*,あんなに,アンナニ,アンナニ,,,,0,24
厳重,名詞,形容動詞語幹,*,*,*,*,厳重,ゲンジュウ,ゲンジュー,,,,0,24
に,助詞,副詞化,*,*,*,*,に,ニ,ニ,,,,0,24
検,名詞,サ変接続,*,*,*,*,検,ケン,ケン,,,,0,24
べて,名詞,固有名詞,人名,一般,*,*,べて,ベテ,ベテ,,,,0,24
も,助詞,係助詞,*,*,*,*,も,モ,モ,,,,0,24
、,記号,読点,*,*,*,*,、,、,、,,,,0,24
とうとう,副詞,一般,*,*,*,*,とうとう,トウトウ,トートー,,,,0,24
品物,名詞,一般,*,*,*,*,品物,シナモノ,シナモノ,,,,0,24
は,助詞,係助詞,*,*,*,*,は,ハ,ワ,,,,0,24
出,動詞,自立,*,*,一段,連用形,出る,デ,デ,,,,0,24
ませ,助動詞,*,*,*,特殊・マス,未然形,ます,マセ,マセ,,,,0,24
ん,助動詞,*,*,*,不変化型,基本形,ん,ン,ン,,,,0,24
でし,助動詞,*,*,*,特殊・デス,連用形,です,デシ,デシ,,,,0,24
た,助動詞,*,*,*,特殊・タ,基本形,た,タ,タ,,,,0,24
ね,助詞,終助詞,*,*,*,*,ね,ネ,ネ,,,,0,24
、,記号,読点,*,*,*,*,、,、,、,,,,0,24
みんな,名詞,代名詞,一般,*,*,*,みんな,ミンナ,ミンナ,,,,0,24
の,助詞,連体化,*,*,*,*,の,ノ,ノ,,,,0,24
あやまり,名詞,一般,*,*,*,*,誤り,アヤマリ,アヤマリ,,,,0,24
様,名詞,接尾,人名,*,*,*,様,サマ,サマ,,,,0,24
たら,助動詞,*,*,*,文語・ナリ,未然形,たり,タラ,タラ,,,,0,24
あり,助動詞,*,*,*,五段・ラ行アル,連用形,ある,アリ,アリ,,,,0,24
ませ,助動詞,*,*,*,特殊・マス,未然形,ます,マセ,マセ,,,,0,24
ん,助動詞,*,*,*,不変化型,基本形,ん,ン,ン,,,,0,24
でし,助動詞,*,*,*,特殊・デス,連用形,です,デシ,デシ,,,,0,24
た,助動詞,*,*,*,特殊・タ,基本形,た,タ,タ,,,,0,24
。,記号,句点,*,*,*,*,。,。,。,,,,0,24
ほんとに,副詞,一般,*,*,*,*,ほんとに,ホントニ,ホントニ,,,,0,25
痛快,名詞,一般,*,*,*,*,痛快,ツウカイ,ツーカイ,,,,0,25
でし,助動詞,*,*,*,特殊・デス,連用形,です,デシ,デシ,,,,0,25
た,助動詞,*,*,*,特殊・タ,基本形,た,タ,タ,,,,0,25
。,記号,句点,*,*,*,*,。,。,。,,,,0,25
Ｂ,記号,アルファベット,*,*,*,*,Ｂ,ビー,ビー,,,,0,26
疑い,名詞,一般,*,*,*,*,疑い,ウタガイ,ウタガイ,,,,0,26
が,助詞,格助詞,一般,*,*,*,が,ガ,ガ,,,,0,26
はれ,動詞,自立,*,*,一段,連用形,はれる,ハレ,ハレ,,,,0,26
て,助詞,接続助詞,*,*,*,*,て,テ,テ,,,,0,26
も,助詞,係助詞,*,*,*,*,も,モ,モ,,,,0,26
、,記号,読点,*,*,*,*,、,、,、,,,,0,26
乗客,名詞,一般,*,*,*,*,乗客,ジョウキャク,ジョーキャク,,,,0,26
が,助詞,格助詞,一般,*,*,*,が,ガ,ガ,,,,0,26
皆,名詞,代名詞,一般,*,*,*,皆,ミナ,ミナ,,,,0,26
、,記号,読点,*,*,*,*,、,、,、,,,,0,26
妙,名詞,形容動詞語幹,*,*,*,*,妙,ミョウ,ミョー,,,,0,26
な,助動詞,*,*,*,特殊・ダ,体言接続,だ,ナ,ナ,,,,0,26
目附,名詞,固有名詞,人名,姓,*,*,目附,メツケ,メツケ,,,,0,26
で,助詞,格助詞,一般,*,*,*,で,デ,デ,,,,0,26
私,名詞,代名詞,一般,*,*,*,私,ワタシ,ワタシ,,,,0,26
の,助詞,連体化,*,*,*,*,の,ノ,ノ,,,,0,26
方,名詞,非自立,一般,*,*,*,方,ホウ,ホー,,,,0,26
を,助詞,格助詞,一般,*,*,*,を,ヲ,ヲ,,,,0,26
見る,動詞,自立,*,*,一段,基本形,見る,ミル,ミル,,,,0,26
の,名詞,非自立,一般,*,*,*,の,ノ,ノ,,,,0,26
に,助詞,格助詞,一般,*,*,*,に,ニ,ニ,,,,0,26
は,助詞,係助詞,*,*,*,*,は,ハ,ワ,,,,0,26
閉口,名詞,サ変接続,*,*,*,*,閉口,ヘイコウ,ヘイコー,,,,0,26
し,動詞,自立,*,*,サ変・スル,連用形,する,シ,シ,,,,0,26
まし,助動詞,*,*,*,特殊・マス,連用形,ます,マシ,マシ,,,,0,26
た,助動詞,*,*,*,特殊・タ,基本形,た,タ,タ,,,,0,26
。,記号,句点,*,*,*,*,。,。,。,,,,0,26
Ａ,記号,アルファベット,*,*,*,*,Ａ,エイ,エイ,,,,0,27
併,名詞,一般,*,*,*,*,*,*,*,,,,0,27
し,動詞,自立,*,*,サ変・スル,連用形,する,シ,シ,,,,0,27
、,記号,読点,*,*,*,*,、,、,、,,,,0,27
不思議,名詞,形容動詞語幹,*,*,*,*,不思議,フシギ,フシギ,,,,0,27
です,助動詞,*,*,*,特殊・デス,基本形,です,デス,デス,,,,0,27
ね,助詞,終助詞,*,*,*,*,ね,ネ,ネ,,,,0,27
。,記号,句点,*,*,*,*,。,。,。,,,,0,27
とうとう,副詞,一般,*,*,*,*,とうとう,トウトウ,トートー,,,,0,28
あの,フィラー,*,*,*,*,*,あの,アノ,アノ,,,,0,28
指環,名詞,固有名詞,一般,*,*,*,指環,ユビワ,ユビワ,,,,0,28
は,助詞,係助詞,*,*,*,*,は,ハ,ワ,,,,0,28
出て,名詞,一般,*,*,*,*,出し手,ダシテ,ダシテ,,,,0,28
来,動詞,自立,*,*,カ変・来ル,未然形,来る,コ,コ,,,,0,28
なかっ,助動詞,*,*,*,特殊・ナイ,連用タ接続,ない,ナカッ,ナカッ,,,,0,28
た,助動詞,*,*,*,特殊・タ,基本形,た,タ,タ,,,,0,28
と,助詞,格助詞,引用,*,*,*,と,ト,ト,,,,0,28
いう,動詞,自立,*,*,五段・ワ行促音便,基本形,いう,イウ,イウ,,,,0,28
じゃ,助詞,接続助詞,*,*,*,*,じゃ,ジャ,ジャ,,,,0,28
あり,動詞,非自立,*,*,五段・ラ行,連用形,ある,アリ,アリ,,,,0,28
ませ,助動詞,*,*,*,特殊・マス,未然形,ます,マセ,マセ,,,,0,28
ん,助動詞,*,*,*,不変化型,基本形,ん,ン,ン,,,,0,28
か,助詞,副助詞／並立助詞／終助詞,*,*,*,*,か,カ,カ,,,,0,28
。,記号,句点,*,*,*,*,。,。,。,,,,0,28
どうも,副詞,一般,*,*,*,*,どうも,ドウモ,ドーモ,,,,0,29
、,記号,読点,*,*,*,*,、,、,、,,,,0,29
不思議,名詞,形容動詞語幹,*,*,*,*,不思議,フシギ,フシギ,,,,0,29
です,助動詞,*,*,*,特殊・デス,基本形,です,デス,デス,,,,0,29
ね,助詞,終助詞,*,*,*,*,ね,ネ,ネ,,,,0,29
。,記号,句点,*,*,*,*,。,。,。,,,,0,29
Ｂ,記号,アルファベット,*,*,*,*,Ｂ,ビー,ビー,,,,0,30
…,記号,一般,*,*,*,*,…,…,…,,,,0,30
…,記号,一般,*,*,*,*,…,…,…,,,,0,30
…,記号,一般,*,*,*,*,…,…,…,,,,0,30
…,記号,一般,*,*,*,*,…,…,…,,,,0,30
Ａ,記号,アルファベット,*,*,*,*,Ａ,エイ,エイ,,,,0,30
…,記号,一般,*,*,*,*,…,…,…,,,,0,30
…,記号,一般,*,*,*,*,…,…,…,,,,0,30
…,記号,一般,*,*,*,*,…,…,…,,,,0,30
…,記号,一般,*,*,*,*,…,…,…,,,,0,30
Ｂ,記号,アルファベット,*,*,*,*,Ｂ,ビー,ビー,,,,0,30
ハハハハハハ,名詞,一般,*,*,*,*,*,*,*,,,,0,30
。,記号,句点,*,*,*,*,。,。,。,,,,0,30
オイ,名詞,固有名詞,一般,*,*,*,oi,オイ,オイ,,,,0,31
、,記号,読点,*,*,*,*,、,、,、,,,,0,31
いい加減,名詞,形容動詞語幹,*,*,*,*,いい加減,イイカゲン,イーカゲン,,,,0,31
に,助詞,副詞化,*,*,*,*,に,ニ,ニ,,,,0,31
しらばくれ,動詞,自立,*,*,一段,連用形,しらばくれる,シラバクレ,シラバクレ,,,,0,31
っ,動詞,非自立,*,*,五段・カ行促音便,連用タ接続,く,ッ,ッ,,,,0,31
こは,名詞,固有名詞,一般,*,*,*,こは,コハ,コハ,,,,0,31
止そ,動詞,自立,*,*,五段・サ行,未然ウ接続,止す,ヨソ,ヨソ,,,,0,31
う,助動詞,*,*,*,不変化型,基本形,う,ウ,ウ,,,,0,31
じゃ,助詞,副助詞,*,*,*,*,じゃ,ジャ,ジャ,,,,0,31
ねえ,助動詞,*,*,*,特殊・ナイ,音便基本形,ない,ネエ,ネー,,,,0,31
か,助詞,副助詞／並立助詞／終助詞,*,*,*,*,か,カ,カ,,,,0,31
。,記号,句点,*,*,*,*,。,。,。,,,,0,31
この,連体詞,*,*,*,*,*,この,コノ,コノ,,,,0,32
通り,名詞,副詞可能,*,*,*,*,通り,トオリ,トーリ,,,,0,32
誰,名詞,代名詞,一般,*,*,*,誰,ダレ,ダレ,,,,0,32
も,助詞,係助詞,*,*,*,*,も,モ,モ,,,,0,32
聞い,動詞,自立,*,*,五段・カ行イ音便,連用タ接続,聞く,キイ,キイ,,,,0,32
て,助詞,接続助詞,*,*,*,*,て,テ,テ,,,,0,32
いる,動詞,非自立,*,*,一段,基本形,いる,イル,イル,,,,0,32
もの,名詞,非自立,一般,*,*,*,もの,モノ,モノ,,,,0,32
は,助詞,係助詞,*,*,*,*,は,ハ,ワ,,,,0,32
いやし,形容詞,自立,*,*,形容詞・イ段,ガル接続,いやしい,イヤシ,イヤシ,,,,0,32
ねえ,助詞,終助詞,*,*,*,*,ねえ,ネエ,ネー,,,,0,32
。,記号,句点,*,*,*,*,。,。,。,,,,0,32
いつまでも,名詞,固有名詞,一般,*,*,*,いつまでも,イツマデモ,イツマデモ,,,,0,33
、,記号,読点,*,*,*,*,、,、,、,,,,0,33
左様,副詞,一般,*,*,*,*,左様,サヨウ,サヨー,,,,0,33
然,副詞,一般,*,*,*,*,然,シカ,シカ,,,,0,33
ら,名詞,接尾,一般,*,*,*,ら,ラ,ラ,,,,0,33
ば,助詞,接続助詞,*,*,*,*,ば,バ,バ,,,,0,33
でも,助詞,副助詞,*,*,*,*,でも,デモ,デモ,,,,0,33
ある,助動詞,*,*,*,五段・ラ行アル,基本形,ある,アル,アル,,,,0,33
まい,助動詞,*,*,*,不変化型,基本形,まい,マイ,マイ,,,,0,33
じゃ,助詞,副助詞,*,*,*,*,じゃ,ジャ,ジャ,,,,0,33
ない,助動詞,*,*,*,特殊・ナイ,基本形,ない,ナイ,ナイ,,,,0,33
か,助詞,副助詞／並立助詞／終助詞,*,*,*,*,か,カ,カ,,,,0,33
。,記号,句点,*,*,*,*,。,。,。,,,,0,33
Ａ,記号,アルファベット,*,*,*,*,Ａ,エイ,エイ,,,,0,34
フン,名詞,一般,*,*,*,*,フン,フン,フン,,,,0,34
、,記号,読点,*,*,*,*,、,、,、,,,,0,34
では,接続詞,*,*,*,*,*,では,デハ,デワ,,,,0,34
やっぱり,副詞,一般,*,*,*,*,やっぱり,ヤッパリ,ヤッパリ,,,,0,34
そう,副詞,助詞類接続,*,*,*,*,そう,ソウ,ソー,,,,0,34
だっ,助動詞,*,*,*,特殊・ダ,連用タ接続,だ,ダッ,ダッ,,,,0,34
た,助動詞,*,*,*,特殊・タ,基本形,た,タ,タ,,,,0,34
の,名詞,非自立,一般,*,*,*,の,ノ,ノ,,,,0,34
か,助詞,副助詞／並立助詞／終助詞,*,*,*,*,か,カ,カ,,,,0,34
ね,助詞,終助詞,*,*,*,*,ね,ネ,ネ,,,,0,34
。,記号,句点,*,*,*,*,。,。,。,,,,0,34
Ｂ,記号,アルファベット,*,*,*,*,Ｂ,ビー,ビー,,,,0,35
お前,名詞,代名詞,一般,*,*,*,お前,オマエ,オマエ,,,,0,35
も,助詞,係助詞,*,*,*,*,も,モ,モ,,,,0,35
中々,副詞,一般,*,*,*,*,中々,ナカナカ,ナカナカ,,,,0,35
隅,名詞,一般,*,*,*,*,隅,スミ,スミ,,,,0,35
へ,助詞,格助詞,一般,*,*,*,へ,ヘ,エ,,,,0,35
は,助詞,係助詞,*,*,*,*,は,ハ,ワ,,,,0,35
置け,動詞,自立,*,*,一段,未然形,置ける,オケ,オケ,,,,0,35
ない,助動詞,*,*,*,特殊・ナイ,基本形,ない,ナイ,ナイ,,,,0,35
よ,助詞,終助詞,*,*,*,*,よ,ヨ,ヨ,,,,0,35
。,記号,句点,*,*,*,*,。,。,。,,,,0,35
あの,連体詞,*,*,*,*,*,あの,アノ,アノ,,,,0,36
時,名詞,非自立,副詞可能,*,*,*,時,トキ,トキ,,,,0,36
、,記号,読点,*,*,*,*,、,、,、,,,,0,36
俺,名詞,代名詞,一般,*,*,*,俺,オレ,オレ,,,,0,36
が,助詞,格助詞,一般,*,*,*,が,ガ,ガ,,,,0,36
ソッと,副詞,一般,*,*,*,*,ソッと,ソット,ソット,,,,0,36
窓,名詞,一般,*,*,*,*,窓,マド,マド,,,,0,36
から,助詞,格助詞,一般,*,*,*,から,カラ,カラ,,,,0,36
投げ出し,動詞,自立,*,*,五段・サ行,連用形,投げ出す,ナゲダシ,ナゲダシ,,,,0,36
た,助動詞,*,*,*,特殊・タ,基本形,た,タ,タ,,,,0,36
蜜柑,名詞,一般,*,*,*,*,蜜柑,ミカン,ミカン,,,,0,36
の,助詞,連体化,*,*,*,*,の,ノ,ノ,,,,0,36
こと,名詞,非自立,一般,*,*,*,こと,コト,コト,,,,0,36
を,助詞,格助詞,一般,*,*,*,を,ヲ,ヲ,,,,0,36
一言,名詞,一般,*,*,*,*,一言,ヒトコト,ヒトコト,,,,0,36
も,助詞,係助詞,*,*,*,*,も,モ,モ,,,,0,36
云わ,動詞,自立,*,*,五段・ワ行促音便,未然形,云う,イワ,イワ,,,,0,36
ない,助動詞,*,*,*,特殊・ナイ,連用デ接続,ない,ナイ,ナイ,,,,0,36
で,助詞,接続助詞,*,*,*,*,で,デ,デ,,,,0,36
、,記号,読点,*,*,*,*,、,、,、,,,,0,36
見当,名詞,サ変接続,*,*,*,*,見当,ケントウ,ケントー,,,,0,36
を,助詞,格助詞,一般,*,*,*,を,ヲ,ヲ,,,,0,36
つけ,動詞,自立,*,*,一段,連用形,つける,ツケ,ツケ,,,,0,36
て,助詞,接続助詞,*,*,*,*,て,テ,テ,,,,0,36
置い,動詞,自立,*,*,五段・カ行イ音便,連用タ接続,置く,オイ,オイ,,,,0,36
て,助詞,接続助詞,*,*,*,*,て,テ,テ,,,,0,36
、,記号,読点,*,*,*,*,、,、,、,,,,0,36
後,名詞,接尾,副詞可能,*,*,*,後,ゴ,ゴ,,,,0,36
から,助詞,格助詞,一般,*,*,*,から,カラ,カラ,,,,0,36
拾い,動詞,自立,*,*,五段・ワ行促音便,連用形,拾う,ヒロイ,ヒロイ,,,,0,36
に,助詞,格助詞,一般,*,*,*,に,ニ,ニ,,,,0,36
出掛ける,動詞,自立,*,*,一段,基本形,出掛ける,デカケル,デカケル,,,,0,36
なん,名詞,代名詞,一般,*,*,*,なん,ナン,ナン,,,,0,36
ざあ,副詞,一般,*,*,*,*,ざあ,ザー,ザー,,,,0,36
、,記号,読点,*,*,*,*,、,、,、,,,,0,36
どうして,副詞,一般,*,*,*,*,どうして,ドウシテ,ドーシテ,,,,0,36
、,記号,読点,*,*,*,*,、,、,、,,,,0,36
玄人,名詞,一般,*,*,*,*,玄人,クロウト,クロート,,,,0,36
だ,助動詞,*,*,*,特殊・ダ,基本形,だ,ダ,ダ,,,,0,36
よ,助詞,終助詞,*,*,*,*,よ,ヨ,ヨ,,,,0,36
。,記号,句点,*,*,*,*,。,。,。,,,,0,36
Ａ,記号,アルファベット,*,*,*,*,Ａ,エイ,エイ,,,,0,37
成程,副詞,一般,*,*,*,*,成程,ナルホド,ナルホド,,,,0,37
、,記号,読点,*,*,*,*,、,、,、,,,,0,37
俺,名詞,代名詞,一般,*,*,*,俺,オレ,オレ,,,,0,37
は,助詞,係助詞,*,*,*,*,は,ハ,ワ,,,,0,37
随分,副詞,助詞類接続,*,*,*,*,随分,ズイブン,ズイブン,,,,0,37
すばしっこ,形容詞,自立,*,*,形容詞・アウオ段,ガル接続,すばしっこい,スバシッコ,スバシッコ,,,,0,37
く立,名詞,一般,*,*,*,*,区立,クリツ,クリツ,,,,0,37
廻っ,動詞,自立,*,*,五段・ラ行,連用タ接続,廻る,マワッ,マワッ,,,,0,37
た,助動詞,*,*,*,特殊・タ,基本形,た,タ,タ,,,,0,37
積り,名詞,一般,*,*,*,*,積り,ツモリ,ツモリ,,,,0,37
だ,助動詞,*,*,*,特殊・ダ,基本形,だ,ダ,ダ,,,,0,37
。,記号,句点,*,*,*,*,。,。,。,,,,0,37
それ,名詞,代名詞,一般,*,*,*,それ,ソレ,ソレ,,,,0,38
が,助詞,格助詞,一般,*,*,*,が,ガ,ガ,,,,0,38
、,記号,読点,*,*,*,*,、,、,、,,,,0,38
ちゃん,名詞,接尾,人名,*,*,*,ちゃん,チャン,チャン,,,,0,38
とおめ,名詞,一般,*,*,*,*,遠目,トオメ,トーメ,,,,0,38
え,フィラー,*,*,*,*,*,え,エ,エ,,,,0,38
に,助詞,格助詞,一般,*,*,*,に,ニ,ニ,,,,0,38
先手,名詞,一般,*,*,*,*,先手,センテ,センテ,,,,0,38
を,助詞,格助詞,一般,*,*,*,を,ヲ,ヲ,,,,0,38
打た,動詞,自立,*,*,五段・タ行,未然形,打つ,ウタ,ウタ,,,,0,38
れ,動詞,接尾,*,*,一段,連用形,れる,レ,レ,,,,0,38
て,助詞,接続助詞,*,*,*,*,て,テ,テ,,,,0,38
いる,動詞,非自立,*,*,一段,基本形,いる,イル,イル,,,,0,38
ん,名詞,非自立,一般,*,*,*,ん,ン,ン,,,,0,38
だ,助動詞,*,*,*,特殊・ダ,基本形,だ,ダ,ダ,,,,0,38
から,助詞,接続助詞,*,*,*,*,から,カラ,カラ,,,,0,38
叶わ,動詞,自立,*,*,五段・ワ行促音便,未然形,叶う,カナワ,カナワ,,,,0,38
ねえ,助動詞,*,*,*,特殊・ナイ,音便基本形,ない,ネエ,ネー,,,,0,38
。,記号,句点,*,*,*,*,。,。,。,,,,0,38
俺,名詞,代名詞,一般,*,*,*,俺,オレ,オレ,,,,0,39
が,助詞,格助詞,一般,*,*,*,が,ガ,ガ,,,,0,39
拾っ,動詞,自立,*,*,五段・ワ行促音便,連用タ接続,拾う,ヒロッ,ヒロッ,,,,0,39
た,助動詞,*,*,*,特殊・タ,基本形,た,タ,タ,,,,0,39
の,名詞,非自立,一般,*,*,*,の,ノ,ノ,,,,0,39
は,助詞,係助詞,*,*,*,*,は,ハ,ワ,,,,0,39
ただ,名詞,一般,*,*,*,*,ただ,タダ,タダ,,,,0,39
の,助詞,連体化,*,*,*,*,の,ノ,ノ,,,,0,39
腐れ,名詞,一般,*,*,*,*,腐れ,クサレ,クサレ,,,,0,39
蜜柑,名詞,一般,*,*,*,*,蜜柑,ミカン,ミカン,,,,0,39
が,助詞,格助詞,一般,*,*,*,が,ガ,ガ,,,,0,39
五つ,名詞,一般,*,*,*,*,五つ,イツツ,イツツ,,,,0,39
よ,助詞,終助詞,*,*,*,*,よ,ヨ,ヨ,,,,0,39
。,記号,句点,*,*,*,*,。,。,。,,,,0,39
Ｂ,記号,アルファベット,*,*,*,*,Ｂ,ビー,ビー,,,,0,40
俺,名詞,代名詞,一般,*,*,*,俺,オレ,オレ,,,,0,40
が,助詞,格助詞,一般,*,*,*,が,ガ,ガ,,,,0,40
窓,名詞,一般,*,*,*,*,窓,マド,マド,,,,0,40
から,助詞,格助詞,一般,*,*,*,から,カラ,カラ,,,,0,40
投げ,動詞,自立,*,*,一段,連用形,投げる,ナゲ,ナゲ,,,,0,40
た,助動詞,*,*,*,特殊・タ,基本形,た,タ,タ,,,,0,40
の,名詞,非自立,一般,*,*,*,の,ノ,ノ,,,,0,40
も,助詞,係助詞,*,*,*,*,も,モ,モ,,,,0,40
五つ,名詞,一般,*,*,*,*,五つ,イツツ,イツツ,,,,0,40
だっ,助動詞,*,*,*,特殊・ダ,連用タ接続,だ,ダッ,ダッ,,,,0,40
た,助動詞,*,*,*,特殊・タ,基本形,た,タ,タ,,,,0,40
ぜ,助詞,終助詞,*,*,*,*,ぜ,ゼ,ゼ,,,,0,40
。,記号,句点,*,*,*,*,。,。,。,,,,0,40
Ａ,記号,アルファベット,*,*,*,*,Ａ,エイ,エイ,,,,0,41
馬鹿,名詞,形容動詞語幹,*,*,*,*,馬鹿,バカ,バカ,,,,0,41
云い,動詞,自立,*,*,五段・ワ行促音便,連用形,云う,イイ,イイ,,,,0,41
ねえ,助詞,終助詞,*,*,*,*,ねえ,ネエ,ネー,,,,0,41
。,記号,句点,*,*,*,*,。,。,。,,,,0,41
あの,連体詞,*,*,*,*,*,あの,アノ,アノ,,,,0,42
五つ,名詞,一般,*,*,*,*,五つ,イツツ,イツツ,,,,0,42
は,助詞,係助詞,*,*,*,*,は,ハ,ワ,,,,0,42
皆,名詞,代名詞,一般,*,*,*,皆,ミナ,ミナ,,,,0,42
無傷,名詞,形容動詞語幹,*,*,*,*,無傷,ムキズ,ムキズ,,,,0,42
だっ,助動詞,*,*,*,特殊・ダ,連用タ接続,だ,ダッ,ダッ,,,,0,42
た,助動詞,*,*,*,特殊・タ,基本形,た,タ,タ,,,,0,42
。,記号,句点,*,*,*,*,。,。,。,,,,0,42
指環,名詞,固有名詞,一般,*,*,*,指環,ユビワ,ユビワ,,,,0,43
を,助詞,格助詞,一般,*,*,*,を,ヲ,ヲ,,,,0,43
抜き取っ,動詞,自立,*,*,五段・ラ行,連用タ接続,抜き取る,ヌキトッ,ヌキトッ,,,,0,43
た,助動詞,*,*,*,特殊・タ,基本形,た,タ,タ,,,,0,43
跡,名詞,一般,*,*,*,*,跡,アト,アト,,,,0,43
なんか,助詞,副助詞,*,*,*,*,なんか,ナンカ,ナンカ,,,,0,43
ありゃ,動詞,自立,*,*,五段・ラ行,仮定縮約１,ある,アリャ,アリャ,,,,0,43
し,動詞,自立,*,*,サ変・スル,未然形,する,シ,シ,,,,0,43
なかっ,助動詞,*,*,*,特殊・ナイ,連用タ接続,ない,ナカッ,ナカッ,,,,0,43
た,助動詞,*,*,*,特殊・タ,基本形,た,タ,タ,,,,0,43
ぜ,助詞,終助詞,*,*,*,*,ぜ,ゼ,ゼ,,,,0,43
。,記号,句点,*,*,*,*,。,。,。,,,,0,43
曰くつき,名詞,一般,*,*,*,*,曰く付き,イワクツキ,イワクツキ,,,,0,44
の,助詞,連体化,*,*,*,*,の,ノ,ノ,,,,0,44
奴,名詞,代名詞,一般,*,*,*,奴,ヤツ,ヤツ,,,,0,44
あ,感動詞,*,*,*,*,*,あ,ア,ア,,,,0,44
、,記号,読点,*,*,*,*,、,、,、,,,,0,44
ちゃん,名詞,接尾,人名,*,*,*,ちゃん,チャン,チャン,,,,0,44
とおめ,名詞,一般,*,*,*,*,遠目,トオメ,トーメ,,,,0,44
え,フィラー,*,*,*,*,*,え,エ,エ,,,,0,44
が,助詞,格助詞,一般,*,*,*,が,ガ,ガ,,,,0,44
先,接頭詞,名詞接続,*,*,*,*,先,セン,セン,,,,0,44
廻り,名詞,一般,*,*,*,*,廻り,マワリ,マワリ,,,,0,44
し,動詞,自立,*,*,サ変・スル,連用形,する,シ,シ,,,,0,44
て,助詞,接続助詞,*,*,*,*,て,テ,テ,,,,0,44
拾っ,動詞,自立,*,*,五段・ワ行促音便,連用タ接続,拾う,ヒロッ,ヒロッ,,,,0,44
ちまっ,動詞,非自立,*,*,五段・ワ行促音便,連用タ接続,ちまう,チマッ,チマッ,,,,0,44
た,助動詞,*,*,*,特殊・タ,基本形,た,タ,タ,,,,0,44
ん,名詞,非自立,一般,*,*,*,ん,ン,ン,,,,0,44
だろ,助動詞,*,*,*,特殊・ダ,未然形,だ,ダロ,ダロ,,,,0,44
う,助動詞,*,*,*,不変化型,基本形,う,ウ,ウ,,,,0,44
。,記号,句点,*,*,*,*,。,。,。,,,,0,44
Ｂ,記号,アルファベット,*,*,*,*,Ｂ,ビー,ビー,,,,0,45
ハハハハハハ,名詞,一般,*,*,*,*,*,*,*,,,,0,45
。,記号,句点,*,*,*,*,。,。,。,,,,0,45
豈,副詞,一般,*,*,*,*,豈,アニ,アニ,,,,0,46
に,助詞,格助詞,一般,*,*,*,に,ニ,ニ,,,,0,46
計ら,動詞,自立,*,*,五段・ラ行,未然形,計る,ハカラ,ハカラ,,,,0,46
ん,助動詞,*,*,*,不変化型,基本形,ん,ン,ン,,,,0,46
や,助詞,終助詞,*,*,*,*,や,ヤ,ヤ,,,,0,46
、,記号,読点,*,*,*,*,、,、,、,,,,0,46
そう,副詞,助詞類接続,*,*,*,*,そう,ソウ,ソー,,,,0,46
じゃ,助詞,副助詞,*,*,*,*,じゃ,ジャ,ジャ,,,,0,46
ねえ,助動詞,*,*,*,特殊・ナイ,音便基本形,ない,ネエ,ネー,,,,0,46
ん,名詞,非自立,一般,*,*,*,ん,ン,ン,,,,0,46
だ,助動詞,*,*,*,特殊・ダ,基本形,だ,ダ,ダ,,,,0,46
から,助詞,接続助詞,*,*,*,*,から,カラ,カラ,,,,0,46
お,接頭詞,名詞接続,*,*,*,*,お,オ,オ,,,,0,46
笑い草,名詞,一般,*,*,*,*,笑い草,ワライグサ,ワライグサ,,,,0,46
だ,助動詞,*,*,*,特殊・ダ,基本形,だ,ダ,ダ,,,,0,46
。,記号,句点,*,*,*,*,。,。,。,,,,0,46
Ａ,記号,アルファベット,*,*,*,*,Ａ,エイ,エイ,,,,0,47
オヤ,名詞,固有名詞,一般,*,*,*,オヤ,オヤ,オヤ,,,,0,47
、,記号,読点,*,*,*,*,、,、,、,,,,0,47
これ,名詞,代名詞,一般,*,*,*,これ,コレ,コレ,,,,0,47
は,助詞,係助詞,*,*,*,*,は,ハ,ワ,,,,0,47
おかしい,形容詞,自立,*,*,形容詞・イ段,基本形,おかしい,オカシイ,オカシイ,,,,0,47
。,記号,句点,*,*,*,*,。,。,。,,,,0,47
じゃ,接続詞,*,*,*,*,*,じゃ,ジャ,ジャ,,,,0,48
、,記号,読点,*,*,*,*,、,、,、,,,,0,48
何,名詞,代名詞,一般,*,*,*,何,ナニ,ナニ,,,,0,48
の,助詞,連体化,*,*,*,*,の,ノ,ノ,,,,0,48
為,名詞,非自立,副詞可能,*,*,*,為,タメ,タメ,,,,0,48
に,助詞,格助詞,一般,*,*,*,に,ニ,ニ,,,,0,48
あの,連体詞,*,*,*,*,*,あの,アノ,アノ,,,,0,48
蜜柑,名詞,一般,*,*,*,*,蜜柑,ミカン,ミカン,,,,0,48
を,助詞,格助詞,一般,*,*,*,を,ヲ,ヲ,,,,0,48
窓,名詞,一般,*,*,*,*,窓,マド,マド,,,,0,48
から,助詞,格助詞,一般,*,*,*,から,カラ,カラ,,,,0,48
抛り出し,動詞,自立,*,*,五段・サ行,連用形,抛り出す,ホウリダシ,ホーリダシ,,,,0,48
た,助動詞,*,*,*,特殊・タ,基本形,た,タ,タ,,,,0,48
ん,名詞,非自立,一般,*,*,*,ん,ン,ン,,,,0,48
だ,助動詞,*,*,*,特殊・ダ,基本形,だ,ダ,ダ,,,,0,48
ね,助詞,終助詞,*,*,*,*,ね,ネ,ネ,,,,0,48
。,記号,句点,*,*,*,*,。,。,。,,,,0,48
Ｂ,記号,アルファベット,*,*,*,*,Ｂ,ビー,ビー,,,,0,49
まあ,副詞,一般,*,*,*,*,まあ,マア,マー,,,,0,49
考え,動詞,自立,*,*,一段,連用形,考える,カンガエ,カンガエ,,,,0,49
て,助詞,接続助詞,*,*,*,*,て,テ,テ,,,,0,49
も,助詞,係助詞,*,*,*,*,も,モ,モ,,,,0,49
見,動詞,自立,*,*,一段,未然形,見る,ミ,ミ,,,,0,49
ねえ,助動詞,*,*,*,特殊・ナイ,音便基本形,ない,ネエ,ネー,,,,0,49
。,記号,句点,*,*,*,*,。,。,。,,,,0,49
折角,名詞,一般,*,*,*,*,折角,セッカク,セッカク,,,,0,50
命懸け,名詞,一般,*,*,*,*,命懸け,イノチガケ,イノチガケ,,,,0,50
で,助詞,格助詞,一般,*,*,*,で,デ,デ,,,,0,50
頂戴,名詞,サ変接続,*,*,*,*,頂戴,チョウダイ,チョーダイ,,,,0,50
し,動詞,自立,*,*,サ変・スル,連用形,する,シ,シ,,,,0,50
た,助動詞,*,*,*,特殊・タ,基本形,た,タ,タ,,,,0,50
品物,名詞,一般,*,*,*,*,品物,シナモノ,シナモノ,,,,0,50
を,助詞,格助詞,一般,*,*,*,を,ヲ,ヲ,,,,0,50
よ,助詞,終助詞,*,*,*,*,よ,ヨ,ヨ,,,,0,50
。,記号,句点,*,*,*,*,。,。,。,,,,0,50
仮令,副詞,一般,*,*,*,*,仮令,タトエ,タトエ,,,,0,51
蜜柑,名詞,一般,*,*,*,*,蜜柑,ミカン,ミカン,,,,0,51
の,助詞,連体化,*,*,*,*,の,ノ,ノ,,,,0,51
中,名詞,非自立,副詞可能,*,*,*,中,ナカ,ナカ,,,,0,51
へ,助詞,格助詞,一般,*,*,*,へ,ヘ,エ,,,,0,51
押,名詞,固有名詞,人名,姓,*,*,押,オサエ,オサエ,,,,0,51
込ん,動詞,自立,*,*,五段・マ行,連用タ接続,込む,コン,コン,,,,0,51
だ,助動詞,*,*,*,特殊・タ,基本形,だ,ダ,ダ,,,,0,51
として,助詞,格助詞,連語,*,*,*,として,トシテ,トシテ,,,,0,51
も,助詞,係助詞,*,*,*,*,も,モ,モ,,,,0,51
よ,助詞,終助詞,*,*,*,*,よ,ヨ,ヨ,,,,0,51
。,記号,句点,*,*,*,*,。,。,。,,,,0,51
誰,名詞,代名詞,一般,*,*,*,誰,ダレ,ダレ,,,,0,52
に,助詞,格助詞,一般,*,*,*,に,ニ,ニ,,,,0,52
拾わ,動詞,自立,*,*,五段・ワ行促音便,未然形,拾う,ヒロワ,ヒロワ,,,,0,52
れる,動詞,接尾,*,*,一段,基本形,れる,レル,レル,,,,0,52
か,助詞,副助詞／並立助詞／終助詞,*,*,*,*,か,カ,カ,,,,0,52
分り,名詞,一般,*,*,*,*,分り,ワカリ,ワカリ,,,,0,52
も,助詞,係助詞,*,*,*,*,も,モ,モ,,,,0,52
し,動詞,自立,*,*,サ変・スル,未然形,する,シ,シ,,,,0,52
ねえ,助動詞,*,*,*,特殊・ナイ,音便基本形,ない,ネエ,ネー,,,,0,52
線路,名詞,一般,*,*,*,*,線路,センロ,センロ,,,,0,52
の,助詞,連体化,*,*,*,*,の,ノ,ノ,,,,0,52
側,名詞,一般,*,*,*,*,側,ガワ,ガワ,,,,0,52
なぞ,名詞,一般,*,*,*,*,なぞ,ナゾ,ナゾ,,,,0,52
へ,助詞,格助詞,一般,*,*,*,へ,ヘ,エ,,,,0,52
抛ら,動詞,自立,*,*,五段・ラ行,未然形,抛る,ホウラ,ホーラ,,,,0,52
れる,動詞,接尾,*,*,一段,基本形,れる,レル,レル,,,,0,52
もの,名詞,非自立,一般,*,*,*,もの,モノ,モノ,,,,0,52
か,助詞,副助詞／並立助詞／終助詞,*,*,*,*,か,カ,カ,,,,0,52
ね,助詞,終助詞,*,*,*,*,ね,ネ,ネ,,,,0,52
。,記号,句点,*,*,*,*,。,。,。,,,,0,52
お,接頭詞,名詞接続,*,*,*,*,お,オ,オ,,,,0,53
め,名詞,一般,*,*,*,*,め,メ,メ,,,,0,53
え,フィラー,*,*,*,*,*,え,エ,エ,,,,0,53
が,助詞,格助詞,一般,*,*,*,が,ガ,ガ,,,,0,53
ノコノコ,副詞,一般,*,*,*,*,ノコノコ,ノコノコ,ノコノコ,,,,0,53
拾い,動詞,自立,*,*,五段・ワ行促音便,連用形,拾う,ヒロイ,ヒロイ,,,,0,53
に,助詞,格助詞,一般,*,*,*,に,ニ,ニ,,,,0,53
行く,動詞,自立,*,*,五段・カ行促音便,基本形,行く,イク,イク,,,,0,53
まで,助詞,副助詞,*,*,*,*,まで,マデ,マデ,,,,0,53
元,名詞,一般,*,*,*,*,元,モト,モト,,,,0,53
の,助詞,連体化,*,*,*,*,の,ノ,ノ,,,,0,53
所,名詞,非自立,副詞可能,*,*,*,所,トコロ,トコロ,,,,0,53
に,助詞,格助詞,一般,*,*,*,に,ニ,ニ,,,,0,53
落ち,動詞,自立,*,*,一段,連用形,落ちる,オチ,オチ,,,,0,53
て,助詞,接続助詞,*,*,*,*,て,テ,テ,,,,0,53
い,動詞,非自立,*,*,一段,連用形,いる,イ,イ,,,,0,53
た,助動詞,*,*,*,特殊・タ,基本形,た,タ,タ,,,,0,53
なぞ,名詞,一般,*,*,*,*,なぞ,ナゾ,ナゾ,,,,0,53
は,助詞,係助詞,*,*,*,*,は,ハ,ワ,,,,0,53
、,記号,読点,*,*,*,*,、,、,、,,,,0,53
飛ん,動詞,自立,*,*,五段・バ行,連用タ接続,飛ぶ,トン,トン,,,,0,53
だ,助動詞,*,*,*,特殊・タ,基本形,だ,ダ,ダ,,,,0,53
不思議,名詞,形容動詞語幹,*,*,*,*,不思議,フシギ,フシギ,,,,0,53
と,助詞,格助詞,引用,*,*,*,と,ト,ト,,,,0,53
云う,動詞,自立,*,*,五段・ワ行促音便,基本形,云う,イウ,イウ,,,,0,53
もん,名詞,非自立,一般,*,*,*,もん,モン,モン,,,,0,53
だ,助動詞,*,*,*,特殊・ダ,基本形,だ,ダ,ダ,,,,0,53
。,記号,句点,*,*,*,*,。,。,。,,,,0,53
Ａ,記号,アルファベット,*,*,*,*,Ａ,エイ,エイ,,,,0,54
それ,感動詞,*,*,*,*,*,それ,ソレ,ソレ,,,,0,54
じゃ,接続詞,*,*,*,*,*,じゃ,ジャ,ジャ,,,,0,54
やっぱり,副詞,一般,*,*,*,*,やっぱり,ヤッパリ,ヤッパリ,,,,0,54
蜜柑,名詞,一般,*,*,*,*,蜜柑,ミカン,ミカン,,,,0,54
を,助詞,格助詞,一般,*,*,*,を,ヲ,ヲ,,,,0,54
抛っ,動詞,自立,*,*,五段・ラ行,連用タ接続,抛る,ホウッ,ホーッ,,,,0,54
た,助動詞,*,*,*,特殊・タ,基本形,た,タ,タ,,,,0,54
訳,名詞,非自立,一般,*,*,*,訳,ワケ,ワケ,,,,0,54
が,助詞,格助詞,一般,*,*,*,が,ガ,ガ,,,,0,54
分ら,動詞,自立,*,*,五段・ラ行,未然形,分る,ワカラ,ワカラ,,,,0,54
ない,助動詞,*,*,*,特殊・ナイ,基本形,ない,ナイ,ナイ,,,,0,54
じゃ,助詞,副助詞,*,*,*,*,じゃ,ジャ,ジャ,,,,0,54
ない,助動詞,*,*,*,特殊・ナイ,基本形,ない,ナイ,ナイ,,,,0,54
か,助詞,副助詞／並立助詞／終助詞,*,*,*,*,か,カ,カ,,,,0,54
。,記号,句点,*,*,*,*,。,。,。,,,,0,54
Ｂ,記号,アルファベット,*,*,*,*,Ｂ,ビー,ビー,,,,0,55
まあ,副詞,一般,*,*,*,*,まあ,マア,マー,,,,0,55
聞き,動詞,自立,*,*,五段・カ行イ音便,連用形,聞く,キキ,キキ,,,,0,55
ねえ,助詞,終助詞,*,*,*,*,ねえ,ネエ,ネー,,,,0,55
、,記号,読点,*,*,*,*,、,、,、,,,,0,55
こういう,連体詞,*,*,*,*,*,こういう,コウイウ,コーユウ,,,,0,55
訳,名詞,非自立,一般,*,*,*,訳,ワケ,ワケ,,,,0,55
だ,助動詞,*,*,*,特殊・ダ,基本形,だ,ダ,ダ,,,,0,55
。,記号,句点,*,*,*,*,。,。,。,,,,0,55
あの,連体詞,*,*,*,*,*,あの,アノ,アノ,,,,0,56
時,名詞,非自立,副詞可能,*,*,*,時,トキ,トキ,,,,0,56
は,助詞,係助詞,*,*,*,*,は,ハ,ワ,,,,0,56
少々,副詞,助詞類接続,*,*,*,*,少々,ショウショウ,ショーショー,,,,0,56
どじ,名詞,一般,*,*,*,*,どじ,ドジ,ドジ,,,,0,56
を,助詞,格助詞,一般,*,*,*,を,ヲ,ヲ,,,,0,56
踏ん,動詞,自立,*,*,五段・マ行,連用タ接続,踏む,フン,フン,,,,0,56
で,助詞,接続助詞,*,*,*,*,で,デ,デ,,,,0,56
ね,助詞,終助詞,*,*,*,*,ね,ネ,ネ,,,,0,56
、,記号,読点,*,*,*,*,、,、,、,,,,0,56
亭主,名詞,一般,*,*,*,*,亭主,テイシュ,テイシュ,,,,0,56
野郎,名詞,一般,*,*,*,*,野郎,ヤロウ,ヤロー,,,,0,56
に,助詞,格助詞,一般,*,*,*,に,ニ,ニ,,,,0,56
勘ぐら,動詞,自立,*,*,五段・ラ行,未然形,勘ぐる,カングラ,カングラ,,,,0,56
れ,動詞,接尾,*,*,一段,連用形,れる,レ,レ,,,,0,56
て,助詞,接続助詞,*,*,*,*,て,テ,テ,,,,0,56
しまっ,動詞,非自立,*,*,五段・ワ行促音便,連用タ接続,しまう,シマッ,シマッ,,,,0,56
た,助動詞,*,*,*,特殊・タ,基本形,た,タ,タ,,,,0,56
もの,名詞,非自立,一般,*,*,*,もの,モノ,モノ,,,,0,56
だ,助動詞,*,*,*,特殊・ダ,基本形,だ,ダ,ダ,,,,0,56
から,助詞,接続助詞,*,*,*,*,から,カラ,カラ,,,,0,56
、,記号,読点,*,*,*,*,、,、,、,,,,0,56
こいつ,名詞,一般,*,*,*,*,こいつ,コイツ,コイツ,,,,0,56
は,助詞,係助詞,*,*,*,*,は,ハ,ワ,,,,0,56
危い,名詞,固有名詞,一般,*,*,*,危い,アブイ,アブイ,,,,0,56
と,助詞,並立助詞,*,*,*,*,と,ト,ト,,,,0,56
大,接頭詞,名詞接続,*,*,*,*,大,ダイ,ダイ,,,,0,56
慌て,動詞,自立,*,*,一段,連用形,慌てる,アワテ,アワテ,,,,0,56
に,助詞,格助詞,一般,*,*,*,に,ニ,ニ,,,,0,56
慌て,動詞,自立,*,*,一段,連用形,慌てる,アワテ,アワテ,,,,0,56
て,助詞,接続助詞,*,*,*,*,て,テ,テ,,,,0,56
逃げ出し,動詞,自立,*,*,五段・サ行,連用形,逃げ出す,ニゲダシ,ニゲダシ,,,,0,56
た,助動詞,*,*,*,特殊・タ,基本形,た,タ,タ,,,,0,56
ん,名詞,非自立,一般,*,*,*,ん,ン,ン,,,,0,56
だ,助動詞,*,*,*,特殊・ダ,基本形,だ,ダ,ダ,,,,0,56
。,記号,句点,*,*,*,*,。,。,。,,,,0,56
どう,副詞,助詞類接続,*,*,*,*,どう,ドウ,ドー,,,,0,57
する,動詞,自立,*,*,サ変・スル,基本形,する,スル,スル,,,,0,57
暇,名詞,一般,*,*,*,*,暇,ヒマ,ヒマ,,,,0,57
も,助詞,係助詞,*,*,*,*,も,モ,モ,,,,0,57
ありゃ,動詞,自立,*,*,五段・ラ行,仮定縮約１,ある,アリャ,アリャ,,,,0,57
し,動詞,自立,*,*,サ変・スル,未然形,する,シ,シ,,,,0,57
ねえ,助動詞,*,*,*,特殊・ナイ,音便基本形,ない,ネエ,ネー,,,,0,57
。,記号,句点,*,*,*,*,。,。,。,,,,0,57
だが,接続詞,*,*,*,*,*,だが,ダガ,ダガ,,,,0,58
、,記号,読点,*,*,*,*,、,、,、,,,,0,58
お,接頭詞,名詞接続,*,*,*,*,お,オ,オ,,,,0,58
め,名詞,一般,*,*,*,*,め,メ,メ,,,,0,58
え,フィラー,*,*,*,*,*,え,エ,エ,,,,0,58
の,助詞,連体化,*,*,*,*,の,ノ,ノ,,,,0,58
隣,名詞,一般,*,*,*,*,隣,トナリ,トナリ,,,,0,58
の,助詞,連体化,*,*,*,*,の,ノ,ノ,,,,0,58
席,名詞,一般,*,*,*,*,席,セキ,セキ,,,,0,58
迄,助詞,副助詞,*,*,*,*,迄,マデ,マデ,,,,0,58
来,動詞,自立,*,*,カ変・来ル,連用形,来る,キ,キ,,,,0,58
て,助詞,接続助詞,*,*,*,*,て,テ,テ,,,,0,58
様子,名詞,一般,*,*,*,*,様子,ヨウス,ヨース,,,,0,58
を,助詞,格助詞,一般,*,*,*,を,ヲ,ヲ,,,,0,58
見る,動詞,自立,*,*,一段,基本形,見る,ミル,ミル,,,,0,58
と,助詞,接続助詞,*,*,*,*,と,ト,ト,,,,0,58
、,記号,読点,*,*,*,*,、,、,、,,,,0,58
急,名詞,形容動詞語幹,*,*,*,*,急,キュウ,キュー,,,,0,58
に,助詞,副詞化,*,*,*,*,に,ニ,ニ,,,,0,58
追っかけ,動詞,自立,*,*,一段,連用形,追っかける,オッカケ,オッカケ,,,,0,58
て,助詞,接続助詞,*,*,*,*,て,テ,テ,,,,0,58
来る,動詞,非自立,*,*,カ変・来ル,基本形,来る,クル,クル,,,,0,58
様,名詞,非自立,助動詞語幹,*,*,*,様,ヨウ,ヨー,,,,0,58
でも,助詞,副助詞,*,*,*,*,でも,デモ,デモ,,,,0,58
ねえ,助詞,終助詞,*,*,*,*,ねえ,ネエ,ネー,,,,0,58
。,記号,句点,*,*,*,*,。,。,。,,,,0,58
さては,副詞,一般,*,*,*,*,さては,サテハ,サテワ,,,,0,59
車掌,名詞,一般,*,*,*,*,車掌,シャショウ,シャショー,,,,0,59
に,助詞,格助詞,一般,*,*,*,に,ニ,ニ,,,,0,59
知らせ,動詞,自立,*,*,一段,連用形,知らせる,シラセ,シラセ,,,,0,59
て,助詞,接続助詞,*,*,*,*,て,テ,テ,,,,0,59
いる,動詞,非自立,*,*,一段,基本形,いる,イル,イル,,,,0,59
ん,名詞,非自立,一般,*,*,*,ん,ン,ン,,,,0,59
だ,助動詞,*,*,*,特殊・ダ,基本形,だ,ダ,ダ,,,,0,59
な,助詞,終助詞,*,*,*,*,な,ナ,ナ,,,,0,59
、,記号,読点,*,*,*,*,、,、,、,,,,0,59
こいつ,名詞,一般,*,*,*,*,こいつ,コイツ,コイツ,,,,0,59
は,助詞,係助詞,*,*,*,*,は,ハ,ワ,,,,0,59
愈々,副詞,一般,*,*,*,*,愈々,イヨイヨ,イヨイヨ,,,,0,59
油断,名詞,サ変接続,*,*,*,*,油断,ユダン,ユダン,,,,0,59
が,助詞,格助詞,一般,*,*,*,が,ガ,ガ,,,,0,59
なら,助動詞,*,*,*,特殊・ダ,仮定形,だ,ナラ,ナラ,,,,0,59
ね,助詞,終助詞,*,*,*,*,ね,ネ,ネ,,,,0,59
えと,フィラー,*,*,*,*,*,えと,エト,エト,,,,0,59
気,名詞,一般,*,*,*,*,気,キ,キ,,,,0,59
が,助詞,格助詞,一般,*,*,*,が,ガ,ガ,,,,0,59
気,名詞,一般,*,*,*,*,気,キ,キ,,,,0,59
じゃ,助詞,副助詞,*,*,*,*,じゃ,ジャ,ジャ,,,,0,59
ない,助動詞,*,*,*,特殊・ナイ,基本形,ない,ナイ,ナイ,,,,0,59
ん,名詞,非自立,一般,*,*,*,ん,ン,ン,,,,0,59
だ,助動詞,*,*,*,特殊・ダ,基本形,だ,ダ,ダ,,,,0,59
が,助詞,接続助詞,*,*,*,*,が,ガ,ガ,,,,0,59
、,記号,読点,*,*,*,*,、,、,、,,,,0,59
さて,接続詞,*,*,*,*,*,さて,サテ,サテ,,,,0,59
一件,名詞,一般,*,*,*,*,一件,イッケン,イッケン,,,,0,59
の,助詞,連体化,*,*,*,*,の,ノ,ノ,,,,0,59
物,名詞,非自立,一般,*,*,*,物,モノ,モノ,,,,0,59
を,助詞,格助詞,一般,*,*,*,を,ヲ,ヲ,,,,0,59
どう,副詞,助詞類接続,*,*,*,*,どう,ドウ,ドー,,,,0,59
始末,名詞,サ変接続,*,*,*,*,始末,シマツ,シマツ,,,,0,59
し,動詞,自立,*,*,サ変・スル,連用形,する,シ,シ,,,,0,59
たら,助動詞,*,*,*,特殊・タ,仮定形,た,タラ,タラ,,,,0,59
いい,形容詞,自立,*,*,形容詞・イイ,基本形,いい,イイ,イイ,,,,0,59
の,名詞,非自立,一般,*,*,*,の,ノ,ノ,,,,0,59
か,助詞,副助詞／並立助詞／終助詞,*,*,*,*,か,カ,カ,,,,0,59
、,記号,読点,*,*,*,*,、,、,、,,,,0,59
咄嗟,名詞,一般,*,*,*,*,咄嗟,トッサ,トッサ,,,,0,59
の,助詞,連体化,*,*,*,*,の,ノ,ノ,,,,0,59
場合,名詞,副詞可能,*,*,*,*,場合,バアイ,バアイ,,,,0,59
で,助詞,格助詞,一般,*,*,*,で,デ,デ,,,,0,59
日頃,名詞,副詞可能,*,*,*,*,日頃,ヒゴロ,ヒゴロ,,,,0,59
自慢,名詞,サ変接続,*,*,*,*,自慢,ジマン,ジマン,,,,0,59
の,助詞,連体化,*,*,*,*,の,ノ,ノ,,,,0,59
智慧,名詞,一般,*,*,*,*,智慧,チエ,チエ,,,,0,59
も,助詞,係助詞,*,*,*,*,も,モ,モ,,,,0,59
出,動詞,自立,*,*,一段,未然形,出る,デ,デ,,,,0,59
ねえ,助動詞,*,*,*,特殊・ナイ,音便基本形,ない,ネエ,ネー,,,,0,59
。,記号,句点,*,*,*,*,。,。,。,,,,0,59
恥しい,形容詞,自立,*,*,形容詞・イ段,基本形,恥しい,ハズカシイ,ハズカシイ,,,,0,60
話,名詞,サ変接続,*,*,*,*,話,ハナシ,ハナシ,,,,0,60
だ,助動詞,*,*,*,特殊・ダ,基本形,だ,ダ,ダ,,,,0,60
が,助詞,接続助詞,*,*,*,*,が,ガ,ガ,,,,0,60
、,記号,読点,*,*,*,*,、,、,、,,,,0,60
ただ,接続詞,*,*,*,*,*,ただ,タダ,タダ,,,,0,60
もう,副詞,一般,*,*,*,*,もう,モウ,モー,,,,0,60
イライラ,副詞,助詞類接続,*,*,*,*,イライラ,イライラ,イライラ,,,,0,60
し,動詞,自立,*,*,サ変・スル,連用形,する,シ,シ,,,,0,60
ちまっ,動詞,非自立,*,*,五段・ワ行促音便,連用タ接続,ちまう,チマッ,チマッ,,,,0,60
て,助詞,接続助詞,*,*,*,*,て,テ,テ,,,,0,60
ね,助詞,終助詞,*,*,*,*,ね,ネ,ネ,,,,0,60
。,記号,句点,*,*,*,*,。,。,。,,,,0,60
Ａ,記号,アルファベット,*,*,*,*,Ａ,エイ,エイ,,,,0,61
なる程,副詞,一般,*,*,*,*,なる程,ナルホド,ナルホド,,,,0,61
。,記号,句点,*,*,*,*,。,。,。,,,,0,61
Ｂ,記号,アルファベット,*,*,*,*,Ｂ,ビー,ビー,,,,0,62
する,動詞,自立,*,*,サ変・スル,基本形,する,スル,スル,,,,0,62
と,助詞,接続助詞,*,*,*,*,と,ト,ト,,,,0,62
、,記号,読点,*,*,*,*,、,、,、,,,,0,62
フッと,副詞,一般,*,*,*,*,フッと,フット,フット,,,,0,62
うまい,形容詞,自立,*,*,形容詞・アウオ段,基本形,うまい,ウマイ,ウマイ,,,,0,62
事,名詞,非自立,一般,*,*,*,事,コト,コト,,,,0,62
を,助詞,格助詞,一般,*,*,*,を,ヲ,ヲ,,,,0,62
考えつい,動詞,自立,*,*,五段・カ行イ音便,連用タ接続,考えつく,カンガエツイ,カンガエツイ,,,,0,62
た,助動詞,*,*,*,特殊・タ,基本形,た,タ,タ,,,,0,62
ん,名詞,非自立,一般,*,*,*,ん,ン,ン,,,,0,62
だ,助動詞,*,*,*,特殊・ダ,基本形,だ,ダ,ダ,,,,0,62
。,記号,句点,*,*,*,*,。,。,。,,,,0,62
という,助詞,格助詞,連語,*,*,*,という,トイウ,トユウ,,,,0,63
の,名詞,非自立,一般,*,*,*,の,ノ,ノ,,,,0,63
が,助詞,格助詞,一般,*,*,*,が,ガ,ガ,,,,0,63
、,記号,読点,*,*,*,*,、,、,、,,,,0,63
例,名詞,一般,*,*,*,*,例,レイ,レイ,,,,0,63
の,助詞,連体化,*,*,*,*,の,ノ,ノ,,,,0,63
蜜柑,名詞,一般,*,*,*,*,蜜柑,ミカン,ミカン,,,,0,63
の,助詞,連体化,*,*,*,*,の,ノ,ノ,,,,0,63
一件,名詞,一般,*,*,*,*,一件,イッケン,イッケン,,,,0,63
さ,助詞,終助詞,*,*,*,*,さ,サ,サ,,,,0,63
。,記号,句点,*,*,*,*,。,。,。,,,,0,63
よもや,副詞,一般,*,*,*,*,よもや,ヨモヤ,ヨモヤ,,,,0,64
お,接頭詞,名詞接続,*,*,*,*,お,オ,オ,,,,0,64
め,名詞,一般,*,*,*,*,め,メ,メ,,,,0,64
え,フィラー,*,*,*,*,*,え,エ,エ,,,,0,64
が,接続詞,*,*,*,*,*,が,ガ,ガ,,,,0,64
、,記号,読点,*,*,*,*,、,、,、,,,,0,64
あれ,名詞,代名詞,一般,*,*,*,あれ,アレ,アレ,,,,0,64
を,助詞,格助詞,一般,*,*,*,を,ヲ,ヲ,,,,0,64
見,動詞,自立,*,*,一段,連用形,見る,ミ,ミ,,,,0,64
て,助詞,接続助詞,*,*,*,*,て,テ,テ,,,,0,64
黙っ,動詞,自立,*,*,五段・ラ行,連用タ接続,黙る,ダマッ,ダマッ,,,,0,64
て,助詞,接続助詞,*,*,*,*,て,テ,テ,,,,0,64
いよ,動詞,非自立,*,*,一段,未然ウ接続,いる,イヨ,イヨ,,,,0,64
う,助動詞,*,*,*,不変化型,基本形,う,ウ,ウ,,,,0,64
た,助動詞,*,*,*,特殊・タ,基本形,た,タ,タ,,,,0,64
あ,フィラー,*,*,*,*,*,あ,ア,ア,,,,0,64
思わ,動詞,自立,*,*,五段・ワ行促音便,未然形,思う,オモワ,オモワ,,,,0,64
なかっ,助動詞,*,*,*,特殊・ナイ,連用タ接続,ない,ナカッ,ナカッ,,,,0,64
た,助動詞,*,*,*,特殊・タ,基本形,た,タ,タ,,,,0,64
ん,名詞,非自立,一般,*,*,*,ん,ン,ン,,,,0,64
だ,助動詞,*,*,*,特殊・ダ,基本形,だ,ダ,ダ,,,,0,64
。,記号,句点,*,*,*,*,。,。,。,,,,0,64
きっと,名詞,一般,*,*,*,*,キット,キット,キット,,,,0,65
手柄顔,名詞,一般,*,*,*,*,手柄顔,テガラガオ,テガラガオ,,,,0,65
に,助詞,格助詞,一般,*,*,*,に,ニ,ニ,,,,0,65
吹聴,名詞,サ変接続,*,*,*,*,吹聴,フイチョウ,フイチョー,,,,0,65
する,動詞,自立,*,*,サ変・スル,基本形,する,スル,スル,,,,0,65
に,助詞,格助詞,一般,*,*,*,に,ニ,ニ,,,,0,65
違い,名詞,ナイ形容詞語幹,*,*,*,*,違い,チガイ,チガイ,,,,0,65
ない,助動詞,*,*,*,特殊・ナイ,基本形,ない,ナイ,ナイ,,,,0,65
。,記号,句点,*,*,*,*,。,。,。,,,,0,65
そう,副詞,助詞類接続,*,*,*,*,そう,ソウ,ソー,,,,0,66
し,動詞,自立,*,*,サ変・スル,連用形,する,シ,シ,,,,0,66
て,助詞,接続助詞,*,*,*,*,て,テ,テ,,,,0,66
俺,名詞,代名詞,一般,*,*,*,俺,オレ,オレ,,,,0,66
が,助詞,格助詞,一般,*,*,*,が,ガ,ガ,,,,0,66
蜜柑,名詞,一般,*,*,*,*,蜜柑,ミカン,ミカン,,,,0,66
の,助詞,連体化,*,*,*,*,の,ノ,ノ,,,,0,66
袋,名詞,一般,*,*,*,*,袋,フクロ,フクロ,,,,0,66
を,助詞,格助詞,一般,*,*,*,を,ヲ,ヲ,,,,0,66
投げ,動詞,自立,*,*,一段,連用形,投げる,ナゲ,ナゲ,,,,0,66
た,助動詞,*,*,*,特殊・タ,基本形,た,タ,タ,,,,0,66
と,助詞,格助詞,引用,*,*,*,と,ト,ト,,,,0,66
分りゃ,動詞,自立,*,*,五段・ラ行,仮定縮約１,分る,ワカリャ,ワカリャ,,,,0,66
、,記号,読点,*,*,*,*,、,、,、,,,,0,66
皆,名詞,代名詞,一般,*,*,*,皆,ミナ,ミナ,,,,0,66
の,助詞,連体化,*,*,*,*,の,ノ,ノ,,,,0,66
頭,名詞,一般,*,*,*,*,頭,アタマ,アタマ,,,,0,66
が,助詞,格助詞,一般,*,*,*,が,ガ,ガ,,,,0,66
そっち,名詞,代名詞,一般,*,*,*,そっち,ソッチ,ソッチ,,,,0,66
へ,助詞,格助詞,一般,*,*,*,へ,ヘ,エ,,,,0,66
向かう,動詞,自立,*,*,五段・ワ行促音便,基本形,向かう,ムカウ,ムカウ,,,,0,66
という,助詞,格助詞,連語,*,*,*,という,トイウ,トユウ,,,,0,66
もんじゃ,名詞,一般,*,*,*,*,もんじゃ,モンジャ,モンジャ,,,,0,66
ねえ,助詞,終助詞,*,*,*,*,ねえ,ネエ,ネー,,,,0,66
か,助詞,副助詞／並立助詞／終助詞,*,*,*,*,か,カ,カ,,,,0,66
。,記号,句点,*,*,*,*,。,。,。,,,,0,66
蜜柑,名詞,一般,*,*,*,*,蜜柑,ミカン,ミカン,,,,0,67
の,助詞,連体化,*,*,*,*,の,ノ,ノ,,,,0,67
中,名詞,非自立,副詞可能,*,*,*,中,ナカ,ナカ,,,,0,67
へ,助詞,格助詞,一般,*,*,*,へ,ヘ,エ,,,,0,67
品物,名詞,一般,*,*,*,*,品物,シナモノ,シナモノ,,,,0,67
を,助詞,格助詞,一般,*,*,*,を,ヲ,ヲ,,,,0,67
しのば,動詞,自立,*,*,五段・バ行,未然形,しのぶ,シノバ,シノバ,,,,0,67
せ,動詞,接尾,*,*,一段,連用形,せる,セ,セ,,,,0,67
て,助詞,接続助詞,*,*,*,*,て,テ,テ,,,,0,67
置い,動詞,自立,*,*,五段・カ行イ音便,連用タ接続,置く,オイ,オイ,,,,0,67
て,助詞,接続助詞,*,*,*,*,て,テ,テ,,,,0,67
後,名詞,接尾,副詞可能,*,*,*,後,ゴ,ゴ,,,,0,67
から,助詞,格助詞,一般,*,*,*,から,カラ,カラ,,,,0,67
拾い,動詞,自立,*,*,五段・ワ行促音便,連用形,拾う,ヒロイ,ヒロイ,,,,0,67
に,助詞,格助詞,一般,*,*,*,に,ニ,ニ,,,,0,67
行く,動詞,自立,*,*,五段・カ行促音便,基本形,行く,イク,イク,,,,0,67
なん,名詞,代名詞,一般,*,*,*,なん,ナン,ナン,,,,0,67
ざあ,副詞,一般,*,*,*,*,ざあ,ザー,ザー,,,,0,67
古い,形容詞,自立,*,*,形容詞・アウオ段,基本形,古い,フルイ,フルイ,,,,0,67
手,名詞,一般,*,*,*,*,手,テ,テ,,,,0,67
だ,助動詞,*,*,*,特殊・ダ,基本形,だ,ダ,ダ,,,,0,67
から,助詞,接続助詞,*,*,*,*,から,カラ,カラ,,,,0,67
ね,助詞,終助詞,*,*,*,*,ね,ネ,ネ,,,,0,67
。,記号,句点,*,*,*,*,。,。,。,,,,0,67
誰,名詞,代名詞,一般,*,*,*,誰,ダレ,ダレ,,,,0,68
だって,助詞,副助詞,*,*,*,*,だって,ダッテ,ダッテ,,,,0,68
感づか,動詞,自立,*,*,五段・カ行イ音便,未然形,感づく,カンヅカ,カンズカ,,,,0,68
あ,フィラー,*,*,*,*,*,あ,ア,ア,,,,0,68
ね,助詞,終助詞,*,*,*,*,ね,ネ,ネ,,,,0,68
。,記号,句点,*,*,*,*,。,。,。,,,,0,68
そう,副詞,助詞類接続,*,*,*,*,そう,ソウ,ソー,,,,0,69
なる,動詞,自立,*,*,五段・ラ行,基本形,なる,ナル,ナル,,,,0,69
て,助詞,接続助詞,*,*,*,*,て,テ,テ,,,,0,69
えと,フィラー,*,*,*,*,*,えと,エト,エト,,,,0,69
、,記号,読点,*,*,*,*,、,、,、,,,,0,69
仮令,副詞,一般,*,*,*,*,仮令,タトエ,タトエ,,,,0,69
検,名詞,サ変接続,*,*,*,*,検,ケン,ケン,,,,0,69
べる,名詞,固有名詞,人名,一般,*,*,べる。,ベル,ベル,,,,0,69
に,助詞,格助詞,一般,*,*,*,に,ニ,ニ,,,,0,69
し,動詞,自立,*,*,サ変・スル,連用形,する,シ,シ,,,,0,69
て,助詞,接続助詞,*,*,*,*,て,テ,テ,,,,0,69
から,助詞,格助詞,一般,*,*,*,から,カラ,カラ,,,,0,69
が,助詞,格助詞,一般,*,*,*,が,ガ,ガ,,,,0,69
、,記号,読点,*,*,*,*,、,、,、,,,,0,69
この,連体詞,*,*,*,*,*,この,コノ,コノ,,,,0,69
男,名詞,一般,*,*,*,*,男,オトコ,オトコ,,,,0,69
は,助詞,係助詞,*,*,*,*,は,ハ,ワ,,,,0,69
もう,副詞,一般,*,*,*,*,もう,モウ,モー,,,,0,69
品物,名詞,一般,*,*,*,*,品物,シナモノ,シナモノ,,,,0,69
を,助詞,格助詞,一般,*,*,*,を,ヲ,ヲ,,,,0,69
持っ,動詞,自立,*,*,五段・タ行,連用タ接続,持つ,モッ,モッ,,,,0,69
ちゃ,助詞,接続助詞,*,*,*,*,ちゃ,チャ,チャ,,,,0,69
い,動詞,非自立,*,*,一段,連用形,いる,イ,イ,,,,0,69
ねえ,助詞,終助詞,*,*,*,*,ねえ,ネエ,ネー,,,,0,69
と,助詞,格助詞,引用,*,*,*,と,ト,ト,,,,0,69
云う,動詞,自立,*,*,五段・ワ行促音便,基本形,云う,イウ,イウ,,,,0,69
頭,名詞,一般,*,*,*,*,頭,アタマ,アタマ,,,,0,69
で,助詞,格助詞,一般,*,*,*,で,デ,デ,,,,0,69
検,名詞,サ変接続,*,*,*,*,検,ケン,ケン,,,,0,69
べる,名詞,固有名詞,人名,一般,*,*,べる。,ベル,ベル,,,,0,69
ん,名詞,非自立,一般,*,*,*,ん,ン,ン,,,,0,69
だ,助動詞,*,*,*,特殊・ダ,基本形,だ,ダ,ダ,,,,0,69
から,助詞,接続助詞,*,*,*,*,から,カラ,カラ,,,,0,69
、,記号,読点,*,*,*,*,、,、,、,,,,0,69
自然,名詞,形容動詞語幹,*,*,*,*,自然,シゼン,シゼン,,,,0,69
おろそか,名詞,形容動詞語幹,*,*,*,*,おろそか,オロソカ,オロソカ,,,,0,69
に,助詞,格助詞,一般,*,*,*,に,ニ,ニ,,,,0,69
も,助詞,係助詞,*,*,*,*,も,モ,モ,,,,0,69
なろ,動詞,自立,*,*,五段・ラ行,未然ウ接続,なる,ナロ,ナロ,,,,0,69
う,助動詞,*,*,*,不変化型,基本形,う,ウ,ウ,,,,0,69
て,助詞,接続助詞,*,*,*,*,て,テ,テ,,,,0,69
もん,動詞,自立,*,*,五段・マ行,連用タ接続,もむ,モン,モン,,,,0,69
だ,助動詞,*,*,*,特殊・タ,基本形,だ,ダ,ダ,,,,0,69
。,記号,句点,*,*,*,*,。,。,。,,,,0,69
ね,助詞,終助詞,*,*,*,*,ね,ネ,ネ,,,,0,70
、,記号,読点,*,*,*,*,、,、,、,,,,0,70
分っ,動詞,自立,*,*,五段・ラ行,連用タ接続,分る,ワカッ,ワカッ,,,,0,70
た,助動詞,*,*,*,特殊・タ,基本形,た,タ,タ,,,,0,70
か,助詞,副助詞／並立助詞／終助詞,*,*,*,*,か,カ,カ,,,,0,70
ね,助詞,終助詞,*,*,*,*,ね,ネ,ネ,,,,0,70
。,記号,句点,*,*,*,*,。,。,。,,,,0,70
Ａ,記号,アルファベット,*,*,*,*,Ａ,エイ,エイ,,,,0,71
成程,副詞,一般,*,*,*,*,成程,ナルホド,ナルホド,,,,0,71
、,記号,読点,*,*,*,*,、,、,、,,,,0,71
考え,名詞,一般,*,*,*,*,考え,カンガエ,カンガエ,,,,0,71
や,助詞,並立助詞,*,*,*,*,や,ヤ,ヤ,,,,0,71
がっ,動詞,接尾,*,*,五段・ラ行,連用タ接続,がる,ガッ,ガッ,,,,0,71
た,助動詞,*,*,*,特殊・タ,基本形,た,タ,タ,,,,0,71
な,助詞,終助詞,*,*,*,*,な,ナ,ナ,,,,0,71
。,記号,句点,*,*,*,*,。,。,。,,,,0,71
こいつ,名詞,一般,*,*,*,*,こいつ,コイツ,コイツ,,,,0,72
あ,フィラー,*,*,*,*,*,あ,ア,ア,,,,0,72
一杯,名詞,一般,*,*,*,*,一杯,イッパイ,イッパイ,,,,0,72
喰わ,動詞,自立,*,*,五段・ワ行促音便,未然形,喰う,クワ,クワ,,,,0,72
さ,動詞,接尾,*,*,五段・サ行,未然形,す,サ,サ,,,,0,72
れ,動詞,接尾,*,*,一段,連用形,れる,レ,レ,,,,0,72
た,助動詞,*,*,*,特殊・タ,基本形,た,タ,タ,,,,0,72
ね,助詞,終助詞,*,*,*,*,ね,ネ,ネ,,,,0,72
。,記号,句点,*,*,*,*,。,。,。,,,,0,72
Ｂ,記号,アルファベット,*,*,*,*,Ｂ,ビー,ビー,,,,0,73
ところが,接続詞,*,*,*,*,*,ところが,トコロガ,トコロガ,,,,0,73
、,記号,読点,*,*,*,*,、,、,、,,,,0,73
お,接頭詞,名詞接続,*,*,*,*,お,オ,オ,,,,0,73
め,名詞,一般,*,*,*,*,め,メ,メ,,,,0,73
え,フィラー,*,*,*,*,*,え,エ,エ,,,,0,73
が,助詞,格助詞,一般,*,*,*,が,ガ,ガ,,,,0,73
知っ,動詞,自立,*,*,五段・ラ行,連用タ接続,知る,シッ,シッ,,,,0,73
て,助詞,接続助詞,*,*,*,*,て,テ,テ,,,,0,73
居,動詞,自立,*,*,一段,連用形,居る,イ,イ,,,,0,73
ながら,助詞,接続助詞,*,*,*,*,ながら,ナガラ,ナガラ,,,,0,73
なんとも,副詞,一般,*,*,*,*,なんとも,ナントモ,ナントモ,,,,0,73
云い,動詞,自立,*,*,五段・ワ行促音便,連用形,云う,イイ,イイ,,,,0,73
出さ,動詞,非自立,*,*,五段・サ行,未然形,出す,ダサ,ダサ,,,,0,73
ねえ,助動詞,*,*,*,特殊・ナイ,音便基本形,ない,ネエ,ネー,,,,0,73
。,記号,句点,*,*,*,*,。,。,。,,,,0,73
今に,副詞,一般,*,*,*,*,今に,イマニ,イマニ,,,,0,74
云う,動詞,自立,*,*,五段・ワ行促音便,基本形,云う,イウ,イウ,,,,0,74
か,助詞,副助詞／並立助詞／終助詞,*,*,*,*,か,カ,カ,,,,0,74
今,名詞,副詞可能,*,*,*,*,今,イマ,イマ,,,,0,74
に,助詞,格助詞,一般,*,*,*,に,ニ,ニ,,,,0,74
云う,動詞,自立,*,*,五段・ワ行促音便,基本形,云う,イウ,イウ,,,,0,74
か,助詞,副助詞／並立助詞／終助詞,*,*,*,*,か,カ,カ,,,,0,74
と,助詞,格助詞,引用,*,*,*,と,ト,ト,,,,0,74
待ち構え,動詞,自立,*,*,一段,連用形,待ち構える,マチカマエ,マチカマエ,,,,0,74
て,助詞,接続助詞,*,*,*,*,て,テ,テ,,,,0,74
い,動詞,非自立,*,*,一段,連用形,いる,イ,イ,,,,0,74
て,助詞,接続助詞,*,*,*,*,て,テ,テ,,,,0,74
も,助詞,係助詞,*,*,*,*,も,モ,モ,,,,0,74
、,記号,読点,*,*,*,*,、,、,、,,,,0,74
ウン,名詞,固有名詞,一般,*,*,*,ウン,ウン,ウン,,,,0,74
とも,助詞,副助詞,*,*,*,*,とも,トモ,トモ,,,,0,74
スン,名詞,一般,*,*,*,*,*,*,*,,,,0,74
とも,助詞,副助詞,*,*,*,*,とも,トモ,トモ,,,,0,74
口,名詞,一般,*,*,*,*,口,クチ,クチ,,,,0,74
を,助詞,格助詞,一般,*,*,*,を,ヲ,ヲ,,,,0,74
利か,動詞,自立,*,*,五段・カ行イ音便,未然形,利く,キカ,キカ,,,,0,74
ねえ,助動詞,*,*,*,特殊・ナイ,音便基本形,ない,ネエ,ネー,,,,0,74
。,記号,句点,*,*,*,*,。,。,。,,,,0,74
とうとう,副詞,一般,*,*,*,*,とうとう,トウトウ,トートー,,,,0,75
身体検査,名詞,固有名詞,一般,*,*,*,身体検査,シンタイケンサ,シンタイケンサ,,,,0,75
の,助詞,連体化,*,*,*,*,の,ノ,ノ,,,,0,75
段取り,名詞,サ変接続,*,*,*,*,段取り,ダンドリ,ダンドリ,,,,0,75
に,助詞,格助詞,一般,*,*,*,に,ニ,ニ,,,,0,75
なっ,動詞,自立,*,*,五段・ラ行,連用タ接続,なる,ナッ,ナッ,,,,0,75
て,助詞,接続助詞,*,*,*,*,て,テ,テ,,,,0,75
も,助詞,係助詞,*,*,*,*,も,モ,モ,,,,0,75
、,記号,読点,*,*,*,*,、,、,、,,,,0,75
まだ,副詞,助詞類接続,*,*,*,*,まだ,マダ,マダ,,,,0,75
黙っ,動詞,自立,*,*,五段・ラ行,連用タ接続,黙る,ダマッ,ダマッ,,,,0,75
て,助詞,接続助詞,*,*,*,*,て,テ,テ,,,,0,75
いや,名詞,形容動詞語幹,*,*,*,*,いや,イヤ,イヤ,,,,0,75
あがる,動詞,自立,*,*,五段・ラ行,基本形,あがる,アガル,アガル,,,,0,75
。,記号,句点,*,*,*,*,。,。,。,,,,0,75
俺,名詞,代名詞,一般,*,*,*,俺,オレ,オレ,,,,0,76
あ,感動詞,*,*,*,*,*,あ,ア,ア,,,,0,76
「,記号,括弧開,*,*,*,*,「,「,「,,,,0,76
さては,副詞,一般,*,*,*,*,さては,サテハ,サテワ,,,,0,76
」,記号,括弧閉,*,*,*,*,」,」,」,,,,0,76
と,助詞,格助詞,引用,*,*,*,と,ト,ト,,,,0,76
思っ,動詞,自立,*,*,五段・ワ行促音便,連用タ接続,思う,オモッ,オモッ,,,,0,76
た,助動詞,*,*,*,特殊・タ,基本形,た,タ,タ,,,,0,76
ね,助詞,終助詞,*,*,*,*,ね,ネ,ネ,,,,0,76
「,記号,括弧開,*,*,*,*,「,「,「,,,,0,76
こいつ,名詞,一般,*,*,*,*,こいつ,コイツ,コイツ,,,,0,76
は,助詞,係助詞,*,*,*,*,は,ハ,ワ,,,,0,76
飛ん,動詞,自立,*,*,五段・バ行,連用タ接続,飛ぶ,トン,トン,,,,0,76
だ,助動詞,*,*,*,特殊・タ,基本形,だ,ダ,ダ,,,,0,76
食わせもの,名詞,一般,*,*,*,*,食わせもの,クワセモノ,クワセモノ,,,,0,76
だ,助動詞,*,*,*,特殊・ダ,基本形,だ,ダ,ダ,,,,0,76
ぞ,助詞,終助詞,*,*,*,*,ぞ,ゾ,ゾ,,,,0,76
。,記号,句点,*,*,*,*,。,。,。,,,,0,76
このまま,名詞,一般,*,*,*,*,このまま,コノママ,コノママ,,,,0,77
ソッ,名詞,一般,*,*,*,*,*,*,*,,,,0,77
として,助詞,格助詞,連語,*,*,*,として,トシテ,トシテ,,,,0,77
置い,動詞,自立,*,*,五段・カ行イ音便,連用タ接続,置く,オイ,オイ,,,,0,77
て,助詞,接続助詞,*,*,*,*,て,テ,テ,,,,0,77
、,記号,読点,*,*,*,*,、,、,、,,,,0,77
後,名詞,接尾,副詞可能,*,*,*,後,ゴ,ゴ,,,,0,77
から,助詞,格助詞,一般,*,*,*,から,カラ,カラ,,,,0,77
拾い,動詞,自立,*,*,五段・ワ行促音便,連用形,拾う,ヒロイ,ヒロイ,,,,0,77
に,助詞,格助詞,一般,*,*,*,に,ニ,ニ,,,,0,77
行こ,動詞,自立,*,*,五段・カ行促音便,未然ウ接続,行く,イコ,イコ,,,,0,77
う,助動詞,*,*,*,不変化型,基本形,う,ウ,ウ,,,,0,77
と,助詞,格助詞,引用,*,*,*,と,ト,ト,,,,0,77
思っ,動詞,自立,*,*,五段・ワ行促音便,連用タ接続,思う,オモッ,オモッ,,,,0,77
て,助詞,接続助詞,*,*,*,*,て,テ,テ,,,,0,77
いやがる,動詞,自立,*,*,五段・ラ行,基本形,いやがる,イヤガル,イヤガル,,,,0,77
」,記号,括弧閉,*,*,*,*,」,」,」,,,,0,77
あの,連体詞,*,*,*,*,*,あの,アノ,アノ,,,,0,77
場合,名詞,副詞可能,*,*,*,*,場合,バアイ,バアイ,,,,0,77
だ,助動詞,*,*,*,特殊・ダ,基本形,だ,ダ,ダ,,,,0,77
が,助詞,接続助詞,*,*,*,*,が,ガ,ガ,,,,0,77
、,記号,読点,*,*,*,*,、,、,、,,,,0,77
俺,名詞,代名詞,一般,*,*,*,俺,オレ,オレ,,,,0,77
あ,フィラー,*,*,*,*,*,あ,ア,ア,,,,0,77
おかしく,形容詞,自立,*,*,形容詞・イ段,連用テ接続,おかしい,オカシク,オカシク,,,,0,77
なっ,動詞,自立,*,*,五段・ラ行,連用タ接続,なる,ナッ,ナッ,,,,0,77
た,助動詞,*,*,*,特殊・タ,基本形,た,タ,タ,,,,0,77
ね,助詞,終助詞,*,*,*,*,ね,ネ,ネ,,,,0,77
。,記号,句点,*,*,*,*,。,。,。,,,,0,77
Ａ,記号,アルファベット,*,*,*,*,Ａ,エイ,エイ,,,,0,78
フフン,名詞,一般,*,*,*,*,*,*,*,,,,0,78
、,記号,読点,*,*,*,*,、,、,、,,,,0,78
ざま,名詞,一般,*,*,*,*,ざま,ザマ,ザマ,,,,0,78
あ,フィラー,*,*,*,*,*,あ,ア,ア,,,,0,78
ねえ,助詞,終助詞,*,*,*,*,ねえ,ネエ,ネー,,,,0,78
…,記号,一般,*,*,*,*,…,…,…,,,,0,78
…,記号,一般,*,*,*,*,…,…,…,,,,0,78
だが,接続詞,*,*,*,*,*,だが,ダガ,ダガ,,,,0,78
待ち,名詞,一般,*,*,*,*,待ち,マチ,マチ,,,,0,78
ねえ,助詞,終助詞,*,*,*,*,ねえ,ネエ,ネー,,,,0,78
。,記号,句点,*,*,*,*,。,。,。,,,,0,78
する,動詞,自立,*,*,サ変・スル,基本形,する,スル,スル,,,,0,79
って,助詞,格助詞,連語,*,*,*,って,ッテ,ッテ,,,,0,79
えと,フィラー,*,*,*,*,*,えと,エト,エト,,,,0,79
、,記号,読点,*,*,*,*,、,、,、,,,,0,79
お,接頭詞,名詞接続,*,*,*,*,お,オ,オ,,,,0,79
め,名詞,一般,*,*,*,*,め,メ,メ,,,,0,79
え,フィラー,*,*,*,*,*,え,エ,エ,,,,0,79
は,助詞,係助詞,*,*,*,*,は,ハ,ワ,,,,0,79
あれ,名詞,代名詞,一般,*,*,*,あれ,アレ,アレ,,,,0,79
を,助詞,格助詞,一般,*,*,*,を,ヲ,ヲ,,,,0,79
一体,副詞,一般,*,*,*,*,一体,イッタイ,イッタイ,,,,0,79
どこ,名詞,代名詞,一般,*,*,*,どこ,ドコ,ドコ,,,,0,79
へ,助詞,格助詞,一般,*,*,*,へ,ヘ,エ,,,,0,79
隠し,動詞,自立,*,*,五段・サ行,連用形,隠す,カクシ,カクシ,,,,0,79
た,助動詞,*,*,*,特殊・タ,基本形,た,タ,タ,,,,0,79
ん,名詞,非自立,一般,*,*,*,ん,ン,ン,,,,0,79
だ,助動詞,*,*,*,特殊・ダ,基本形,だ,ダ,ダ,,,,0,79
ね,助詞,終助詞,*,*,*,*,ね,ネ,ネ,,,,0,79
。,記号,句点,*,*,*,*,。,。,。,,,,0,79
車掌,名詞,一般,*,*,*,*,車掌,シャショウ,シャショー,,,,0,80
の,助詞,連体化,*,*,*,*,の,ノ,ノ,,,,0,80
奴,名詞,代名詞,一般,*,*,*,奴,ヤツ,ヤツ,,,,0,80
随分,副詞,助詞類接続,*,*,*,*,随分,ズイブン,ズイブン,,,,0,80
際どい,形容詞,自立,*,*,形容詞・アウオ段,基本形,際どい,キワドイ,キワドイ,,,,0,80
所,名詞,非自立,副詞可能,*,*,*,所,トコロ,トコロ,,,,0,80
まで,助詞,副助詞,*,*,*,*,まで,マデ,マデ,,,,0,80
検,名詞,サ変接続,*,*,*,*,検,ケン,ケン,,,,0,80
べ,助詞,終助詞,*,*,*,*,べ,ベ,ベ,,,,0,80
やあ,感動詞,*,*,*,*,*,やあ,ヤア,ヤー,,,,0,80
がっ,動詞,接尾,*,*,五段・ラ行,連用タ接続,がる,ガッ,ガッ,,,,0,80
た,助動詞,*,*,*,特殊・タ,基本形,た,タ,タ,,,,0,80
。,記号,句点,*,*,*,*,。,。,。,,,,0,80
口,名詞,一般,*,*,*,*,口,クチ,クチ,,,,0,81
の,助詞,連体化,*,*,*,*,の,ノ,ノ,,,,0,81
中,名詞,非自立,副詞可能,*,*,*,中,ナカ,ナカ,,,,0,81
から,助詞,格助詞,一般,*,*,*,から,カラ,カラ,,,,0,81
耳,名詞,一般,*,*,*,*,耳,ミミ,ミミ,,,,0,81
の,助詞,連体化,*,*,*,*,の,ノ,ノ,,,,0,81
穴,名詞,一般,*,*,*,*,穴,アナ,アナ,,,,0,81
まで,助詞,副助詞,*,*,*,*,まで,マデ,マデ,,,,0,81
隈なく,副詞,一般,*,*,*,*,隈なく,クマナク,クマナク,,,,0,81
検,名詞,サ変接続,*,*,*,*,検,ケン,ケン,,,,0,81
べた,名詞,一般,*,*,*,*,べた,ベタ,ベタ,,,,0,81
が,助詞,格助詞,一般,*,*,*,が,ガ,ガ,,,,0,81
、,記号,読点,*,*,*,*,、,、,、,,,,0,81
でも,接続詞,*,*,*,*,*,でも,デモ,デモ,,,,0,81
、,記号,読点,*,*,*,*,、,、,、,,,,0,81
とうとう,副詞,一般,*,*,*,*,とうとう,トウトウ,トートー,,,,0,81
見つから,動詞,自立,*,*,五段・ラ行,未然形,見つかる,ミツカラ,ミツカラ,,,,0,81
なかっ,助動詞,*,*,*,特殊・ナイ,連用タ接続,ない,ナカッ,ナカッ,,,,0,81
た,助動詞,*,*,*,特殊・タ,基本形,た,タ,タ,,,,0,81
じゃ,助詞,副助詞,*,*,*,*,じゃ,ジャ,ジャ,,,,0,81
ない,助動詞,*,*,*,特殊・ナイ,基本形,ない,ナイ,ナイ,,,,0,81
か,助詞,副助詞／並立助詞／終助詞,*,*,*,*,か,カ,カ,,,,0,81
。,記号,句点,*,*,*,*,。,。,。,,,,0,81
Ｂ,記号,アルファベット,*,*,*,*,Ｂ,ビー,ビー,,,,0,82
お前,名詞,代名詞,一般,*,*,*,お前,オマエ,オマエ,,,,0,82
も,助詞,係助詞,*,*,*,*,も,モ,モ,,,,0,82
随分,副詞,助詞類接続,*,*,*,*,随分,ズイブン,ズイブン,,,,0,82
お,接頭詞,名詞接続,*,*,*,*,お,オ,オ,,,,0,82
目出度,形容詞,自立,*,*,形容詞・アウオ段,ガル接続,目出度い,メデタ,メデタ,,,,0,82
え,フィラー,*,*,*,*,*,え,エ,エ,,,,0,82
野郎,名詞,一般,*,*,*,*,野郎,ヤロウ,ヤロー,,,,0,82
だ,助動詞,*,*,*,特殊・ダ,基本形,だ,ダ,ダ,,,,0,82
な,助詞,終助詞,*,*,*,*,な,ナ,ナ,,,,0,82
。,記号,句点,*,*,*,*,。,。,。,,,,0,82
Ａ,記号,アルファベット,*,*,*,*,Ａ,エイ,エイ,,,,0,83
はて,感動詞,*,*,*,*,*,はて,ハテ,ハテ,,,,0,83
ね,助詞,終助詞,*,*,*,*,ね,ネ,ネ,,,,0,83
。,記号,句点,*,*,*,*,。,。,。,,,,0,83
こいつ,名詞,一般,*,*,*,*,こいつ,コイツ,コイツ,,,,0,84
は,助詞,係助詞,*,*,*,*,は,ハ,ワ,,,,0,84
面妖,名詞,形容動詞語幹,*,*,*,*,面妖,メンヨウ,メンヨー,,,,0,84
だ,助動詞,*,*,*,特殊・ダ,基本形,だ,ダ,ダ,,,,0,84
ね,助詞,終助詞,*,*,*,*,ね,ネ,ネ,,,,0,84
。,記号,句点,*,*,*,*,。,。,。,,,,0,84
こう,副詞,助詞類接続,*,*,*,*,こう,コウ,コー,,,,0,85
なる,動詞,自立,*,*,五段・ラ行,基本形,なる,ナル,ナル,,,,0,85
て,助詞,接続助詞,*,*,*,*,て,テ,テ,,,,0,85
えと,フィラー,*,*,*,*,*,えと,エト,エト,,,,0,85
、,記号,読点,*,*,*,*,、,、,、,,,,0,85
俺,名詞,代名詞,一般,*,*,*,俺,オレ,オレ,,,,0,85
あ,フィラー,*,*,*,*,*,あ,ア,ア,,,,0,85
どうも,副詞,一般,*,*,*,*,どうも,ドウモ,ドーモ,,,,0,85
聞か,動詞,自立,*,*,五段・カ行イ音便,未然形,聞く,キカ,キカ,,,,0,85
ず,助動詞,*,*,*,特殊・ヌ,連用ニ接続,ぬ,ズ,ズ,,,,0,85
にゃ,助詞,特殊,*,*,*,*,にゃ,ニャ,ニャ,,,,0,85
置か,動詞,自立,*,*,五段・カ行イ音便,未然形,置く,オカ,オカ,,,,0,85
れ,動詞,接尾,*,*,一段,未然形,れる,レ,レ,,,,0,85
ねえ,助動詞,*,*,*,特殊・ナイ,音便基本形,ない,ネエ,ネー,,,,0,85
。,記号,句点,*,*,*,*,。,。,。,,,,0,85
そう,副詞,助詞類接続,*,*,*,*,そう,ソウ,ソー,,,,0,86
勿体ぶら,動詞,自立,*,*,五段・ラ行,未然形,勿体ぶる,モッタイブラ,モッタイブラ,,,,0,86
ねえ,助動詞,*,*,*,特殊・ナイ,音便基本形,ない,ネエ,ネー,,,,0,86
で,助動詞,*,*,*,特殊・ダ,連用形,だ,デ,デ,,,,0,86
、,記号,読点,*,*,*,*,、,、,、,,,,0,86
後学,名詞,一般,*,*,*,*,後学,コウガク,コーガク,,,,0,86
の,助詞,連体化,*,*,*,*,の,ノ,ノ,,,,0,86
為,名詞,非自立,副詞可能,*,*,*,為,タメ,タメ,,,,0,86
に,助詞,格助詞,一般,*,*,*,に,ニ,ニ,,,,0,86
御,接頭詞,名詞接続,*,*,*,*,御,ゴ,ゴ,,,,0,86
伝授,名詞,サ変接続,*,*,*,*,伝授,デンジュ,デンジュ,,,,0,86
に,助詞,格助詞,一般,*,*,*,に,ニ,ニ,,,,0,86
預かり,動詞,自立,*,*,五段・ラ行,連用形,預かる,アズカリ,アズカリ,,,,0,86
度,名詞,接尾,一般,*,*,*,度,ド,ド,,,,0,86
いも,動詞,自立,*,*,五段・マ行,未然ウ接続,いむ,イモ,イモ,,,,0,86
ん,助動詞,*,*,*,不変化型,基本形,ん,ン,ン,,,,0,86
だ,助動詞,*,*,*,特殊・ダ,基本形,だ,ダ,ダ,,,,0,86
ね,助詞,終助詞,*,*,*,*,ね,ネ,ネ,,,,0,86
。,記号,句点,*,*,*,*,。,。,。,,,,0,86
Ｂ,記号,アルファベット,*,*,*,*,Ｂ,ビー,ビー,,,,0,87
ハハハ,名詞,固有名詞,一般,*,*,*,ハハハ,ハハハ,ハハハ,,,,0,87
…,記号,一般,*,*,*,*,…,…,…,,,,0,87
…,記号,一般,*,*,*,*,…,…,…,,,,0,87
まあ,副詞,一般,*,*,*,*,まあ,マア,マー,,,,0,87
いい,形容詞,自立,*,*,形容詞・イイ,基本形,いい,イイ,イイ,,,,0,87
よ,助詞,終助詞,*,*,*,*,よ,ヨ,ヨ,,,,0,87
。,記号,句点,*,*,*,*,。,。,。,,,,0,87
Ａ,記号,アルファベット,*,*,*,*,Ａ,エイ,エイ,,,,0,88
よ,助詞,終助詞,*,*,*,*,よ,ヨ,ヨ,,,,0,88
か,助詞,副助詞／並立助詞／終助詞,*,*,*,*,か,カ,カ,,,,0,88
あ,フィラー,*,*,*,*,*,あ,ア,ア,,,,0,88
ねえ,助詞,終助詞,*,*,*,*,ねえ,ネエ,ネー,,,,0,88
、,記号,読点,*,*,*,*,、,、,、,,,,0,88
そう,副詞,助詞類接続,*,*,*,*,そう,ソウ,ソー,,,,0,88
焦らす,動詞,自立,*,*,五段・サ行,基本形,焦らす,ジラス,ジラス,,,,0,88
もんじゃ,名詞,一般,*,*,*,*,もんじゃ,モンジャ,モンジャ,,,,0,88
ねえや,名詞,一般,*,*,*,*,ねえや,ネエヤ,ネーヤ,,,,0,88
な,助詞,終助詞,*,*,*,*,な,ナ,ナ,,,,0,88
。,記号,句点,*,*,*,*,。,。,。,,,,0,88
俺,名詞,代名詞,一般,*,*,*,俺,オレ,オレ,,,,0,89
にゃ,助詞,特殊,*,*,*,*,にゃ,ニャ,ニャ,,,,0,89
どうも,副詞,一般,*,*,*,*,どうも,ドウモ,ドーモ,,,,0,89
本当,名詞,一般,*,*,*,*,本当,ホントウ,ホントー,,,,0,89
と,助詞,格助詞,一般,*,*,*,と,ト,ト,,,,0,89
は,助詞,係助詞,*,*,*,*,は,ハ,ワ,,,,0,89
受取れ,動詞,自立,*,*,五段・ラ行,命令ｅ,受取る,ウケトレ,ウケトレ,,,,0,89
ねえ,助動詞,*,*,*,特殊・ナイ,音便基本形,ない,ネエ,ネー,,,,0,89
から,助詞,接続助詞,*,*,*,*,から,カラ,カラ,,,,0,89
な,助詞,終助詞,*,*,*,*,な,ナ,ナ,,,,0,89
。,記号,句点,*,*,*,*,。,。,。,,,,0,89
Ｂ,記号,アルファベット,*,*,*,*,Ｂ,ビー,ビー,,,,0,90
嘘,名詞,一般,*,*,*,*,嘘,ウソ,ウソ,,,,0,90
だ,助動詞,*,*,*,特殊・ダ,基本形,だ,ダ,ダ,,,,0,90
と,助詞,格助詞,引用,*,*,*,と,ト,ト,,,,0,90
思わ,動詞,自立,*,*,五段・ワ行促音便,未然形,思う,オモワ,オモワ,,,,0,90
れ,動詞,接尾,*,*,一段,連用形,れる,レ,レ,,,,0,90
ちゃ,助詞,接続助詞,*,*,*,*,ちゃ,チャ,チャ,,,,0,90
癪,名詞,一般,*,*,*,*,癪,シャク,シャク,,,,0,90
だ,助動詞,*,*,*,特殊・ダ,基本形,だ,ダ,ダ,,,,0,90
から,助詞,接続助詞,*,*,*,*,から,カラ,カラ,,,,0,90
、,記号,読点,*,*,*,*,、,、,、,,,,0,90
じゃ,接続詞,*,*,*,*,*,じゃ,ジャ,ジャ,,,,0,90
話す,動詞,自立,*,*,五段・サ行,基本形,話す,ハナス,ハナス,,,,0,90
が,助詞,接続助詞,*,*,*,*,が,ガ,ガ,,,,0,90
ね,助詞,終助詞,*,*,*,*,ね,ネ,ネ,,,,0,90
。,記号,句点,*,*,*,*,。,。,。,,,,0,90
怒っ,動詞,自立,*,*,五段・ラ行,連用タ接続,怒る,オコッ,オコッ,,,,0,91
ちゃ,助詞,接続助詞,*,*,*,*,ちゃ,チャ,チャ,,,,0,91
いけ,動詞,非自立,*,*,一段,未然形,いける,イケ,イケ,,,,0,91
ない,助動詞,*,*,*,特殊・ナイ,基本形,ない,ナイ,ナイ,,,,0,91
よ,助詞,終助詞,*,*,*,*,よ,ヨ,ヨ,,,,0,91
。,記号,句点,*,*,*,*,。,。,。,,,,0,91
実は,接続詞,*,*,*,*,*,実は,ジツハ,ジツワ,,,,0,92
ね,助詞,終助詞,*,*,*,*,ね,ネ,ネ,,,,0,92
、,記号,読点,*,*,*,*,、,、,、,,,,0,92
お,接頭詞,名詞接続,*,*,*,*,お,オ,オ,,,,0,92
め,名詞,一般,*,*,*,*,め,メ,メ,,,,0,92
え,フィラー,*,*,*,*,*,え,エ,エ,,,,0,92
が,助詞,格助詞,一般,*,*,*,が,ガ,ガ,,,,0,92
腰,名詞,一般,*,*,*,*,腰,コシ,コシ,,,,0,92
に,助詞,格助詞,一般,*,*,*,に,ニ,ニ,,,,0,92
下げ,動詞,自立,*,*,一段,連用形,下げる,サゲ,サゲ,,,,0,92
て,助詞,接続助詞,*,*,*,*,て,テ,テ,,,,0,92
い,動詞,非自立,*,*,一段,連用形,いる,イ,イ,,,,0,92
た,助動詞,*,*,*,特殊・タ,基本形,た,タ,タ,,,,0,92
煙草,名詞,一般,*,*,*,*,煙草,タバコ,タバコ,,,,0,92
入れ,名詞,接尾,一般,*,*,*,入れ,イレ,イレ,,,,0,92
の,助詞,連体化,*,*,*,*,の,ノ,ノ,,,,0,92
底,名詞,一般,*,*,*,*,底,ソコ,ソコ,,,,0,92
へ,助詞,格助詞,一般,*,*,*,へ,ヘ,エ,,,,0,92
ソッと,副詞,一般,*,*,*,*,ソッと,ソット,ソット,,,,0,92
しのば,動詞,自立,*,*,五段・バ行,未然形,しのぶ,シノバ,シノバ,,,,0,92
せ,動詞,接尾,*,*,一段,連用形,せる,セ,セ,,,,0,92
て,助詞,接続助詞,*,*,*,*,て,テ,テ,,,,0,92
置い,動詞,自立,*,*,五段・カ行イ音便,連用タ接続,置く,オイ,オイ,,,,0,92
た,助動詞,*,*,*,特殊・タ,基本形,た,タ,タ,,,,0,92
の,名詞,非自立,一般,*,*,*,の,ノ,ノ,,,,0,92
さ,助詞,終助詞,*,*,*,*,さ,サ,サ,,,,0,92
。,記号,句点,*,*,*,*,。,。,。,,,,0,92
それにしても,接続詞,*,*,*,*,*,それにしても,ソレニシテモ,ソレニシテモ,,,,0,93
、,記号,読点,*,*,*,*,、,、,、,,,,0,93
あの,連体詞,*,*,*,*,*,あの,アノ,アノ,,,,0,93
時,名詞,非自立,副詞可能,*,*,*,時,トキ,トキ,,,,0,93
お前,名詞,代名詞,一般,*,*,*,お前,オマエ,オマエ,,,,0,93
の,助詞,連体化,*,*,*,*,の,ノ,ノ,,,,0,93
身体,名詞,一般,*,*,*,*,身体,シンタイ,シンタイ,,,,0,93
は,助詞,係助詞,*,*,*,*,は,ハ,ワ,,,,0,93
まるで,副詞,一般,*,*,*,*,まるで,マルデ,マルデ,,,,0,93
隙,名詞,一般,*,*,*,*,隙,ヒマ,ヒマ,,,,0,93
だらけ,名詞,接尾,一般,*,*,*,だらけ,ダラケ,ダラケ,,,,0,93
だっ,助動詞,*,*,*,特殊・ダ,連用タ接続,だ,ダッ,ダッ,,,,0,93
た,助動詞,*,*,*,特殊・タ,基本形,た,タ,タ,,,,0,93
ぜ,助詞,終助詞,*,*,*,*,ぜ,ゼ,ゼ,,,,0,93
。,記号,句点,*,*,*,*,。,。,。,,,,0,93
ハハハハハハ,名詞,一般,*,*,*,*,*,*,*,,,,0,94
、,記号,読点,*,*,*,*,、,、,、,,,,0,94
エ,名詞,一般,*,*,*,*,*,*,*,,,,0,94
、,記号,読点,*,*,*,*,、,、,、,,,,0,94
いつ,名詞,代名詞,一般,*,*,*,いつ,イツ,イツ,,,,0,94
その,連体詞,*,*,*,*,*,その,ソノ,ソノ,,,,0,94
指環,名詞,固有名詞,一般,*,*,*,指環,ユビワ,ユビワ,,,,0,94
を,助詞,格助詞,一般,*,*,*,を,ヲ,ヲ,,,,0,94
取戻し,動詞,自立,*,*,五段・サ行,連用形,取戻す,トリモドシ,トリモドシ,,,,0,94
た,助動詞,*,*,*,特殊・タ,基本形,た,タ,タ,,,,0,94
か,助詞,副助詞／並立助詞／終助詞,*,*,*,*,か,カ,カ,,,,0,94
って,助詞,格助詞,連語,*,*,*,って,ッテ,ッテ,,,,0,94
、,記号,読点,*,*,*,*,、,、,、,,,,0,94
いう,動詞,自立,*,*,五段・ワ行促音便,基本形,いう,イウ,イウ,,,,0,94
まで,助詞,副助詞,*,*,*,*,まで,マデ,マデ,,,,0,94
も,助詞,係助詞,*,*,*,*,も,モ,モ,,,,0,94
ねえ,助詞,終助詞,*,*,*,*,ねえ,ネエ,ネー,,,,0,94
、,記号,読点,*,*,*,*,、,、,、,,,,0,94
お,接頭詞,名詞接続,*,*,*,*,お,オ,オ,,,,0,94
め,名詞,一般,*,*,*,*,め,メ,メ,,,,0,94
え,フィラー,*,*,*,*,*,え,エ,エ,,,,0,94
が,接続詞,*,*,*,*,*,が,ガ,ガ,,,,0,94
、,記号,読点,*,*,*,*,、,、,、,,,,0,94
早く,形容詞,自立,*,*,形容詞・アウオ段,連用テ接続,早い,ハヤク,ハヤク,,,,0,94
蜜柑,名詞,一般,*,*,*,*,蜜柑,ミカン,ミカン,,,,0,94
を,助詞,格助詞,一般,*,*,*,を,ヲ,ヲ,,,,0,94
拾い,動詞,自立,*,*,五段・ワ行促音便,連用形,拾う,ヒロイ,ヒロイ,,,,0,94
に,助詞,格助詞,一般,*,*,*,に,ニ,ニ,,,,0,94
行こ,動詞,自立,*,*,五段・カ行促音便,未然ウ接続,行く,イコ,イコ,,,,0,94
う,助動詞,*,*,*,不変化型,基本形,う,ウ,ウ,,,,0,94
と,助詞,接続助詞,*,*,*,*,と,ト,ト,,,,0,94
、,記号,読点,*,*,*,*,、,、,、,,,,0,94
大,接頭詞,名詞接続,*,*,*,*,大,ダイ,ダイ,,,,0,94
慌て,動詞,自立,*,*,一段,連用形,慌てる,アワテ,アワテ,,,,0,94
で,助詞,格助詞,一般,*,*,*,で,デ,デ,,,,0,94
開札,名詞,サ変接続,*,*,*,*,開札,カイサツ,カイサツ,,,,0,94
口,名詞,接尾,一般,*,*,*,口,グチ,グチ,,,,0,94
を,助詞,格助詞,一般,*,*,*,を,ヲ,ヲ,,,,0,94
出る,動詞,自立,*,*,一段,基本形,出る,デル,デル,,,,0,94
時,名詞,非自立,副詞可能,*,*,*,時,トキ,トキ,,,,0,94
に,助詞,格助詞,一般,*,*,*,に,ニ,ニ,,,,0,94
よ,助詞,終助詞,*,*,*,*,よ,ヨ,ヨ,,,,0,94
。,記号,句点,*,*,*,*,。,。,。,,,,0,94
